2026-03-31 10:51:51 [restartedMain] INFO  com.pms.Application - Starting Application using Java 17.0.12 with PID 10568 (C:\Users\ADMIN\git\pms-project\PMS\target\classes started by ADMIN in C:\Users\ADMIN\git\pms-project\PMS)
2026-03-31 10:51:51 [restartedMain] DEBUG com.pms.Application - Running with Spring Boot v3.2.5, Spring v6.1.6
2026-03-31 10:51:51 [restartedMain] INFO  com.pms.Application - No active profile set, falling back to 1 default profile: "default"
2026-03-31 10:51:51 [restartedMain] INFO  o.s.b.d.e.DevToolsPropertyDefaultsPostProcessor - Devtools property defaults active! Set 'spring.devtools.add-properties' to 'false' to disable
2026-03-31 10:51:51 [restartedMain] INFO  o.s.b.d.e.DevToolsPropertyDefaultsPostProcessor - For additional web related logging consider setting the 'logging.level.web' property to 'DEBUG'
2026-03-31 10:51:52 [restartedMain] INFO  o.s.d.r.c.RepositoryConfigurationDelegate - Bootstrapping Spring Data JPA repositories in DEFAULT mode.
2026-03-31 10:51:52 [restartedMain] INFO  o.s.d.r.c.RepositoryConfigurationDelegate - Finished Spring Data repository scanning in 99 ms. Found 17 JPA repository interfaces.
2026-03-31 10:51:53 [restartedMain] INFO  o.s.b.w.e.tomcat.TomcatWebServer - Tomcat initialized with port 9090 (http)
2026-03-31 10:51:53 [restartedMain] INFO  o.a.catalina.core.StandardService - Starting service [Tomcat]
2026-03-31 10:51:53 [restartedMain] INFO  o.a.catalina.core.StandardEngine - Starting Servlet engine: [Apache Tomcat/10.1.20]
2026-03-31 10:51:53 [restartedMain] INFO  o.a.c.c.C.[Tomcat].[localhost].[/] - Initializing Spring embedded WebApplicationContext
2026-03-31 10:51:53 [restartedMain] INFO  o.s.b.w.s.c.ServletWebServerApplicationContext - Root WebApplicationContext: initialization completed in 1451 ms
2026-03-31 10:51:53 [restartedMain] INFO  o.h.jpa.internal.util.LogHelper - HHH000204: Processing PersistenceUnitInfo [name: default]
2026-03-31 10:51:53 [restartedMain] INFO  org.hibernate.Version - HHH000412: Hibernate ORM core version 6.4.4.Final
2026-03-31 10:51:53 [restartedMain] INFO  o.h.c.i.RegionFactoryInitiator - HHH000026: Second-level cache disabled
2026-03-31 10:51:53 [restartedMain] INFO  o.s.o.j.p.SpringPersistenceUnitInfo - No LoadTimeWeaver setup: ignoring JPA class transformer
2026-03-31 10:51:53 [restartedMain] INFO  com.zaxxer.hikari.HikariDataSource - HikariPool-1 - Starting...
2026-03-31 10:51:53 [restartedMain] INFO  com.zaxxer.hikari.pool.HikariPool - HikariPool-1 - Added connection org.postgresql.jdbc.PgConnection@7c519ae5
2026-03-31 10:51:53 [restartedMain] INFO  com.zaxxer.hikari.HikariDataSource - HikariPool-1 - Start completed.
2026-03-31 10:51:53 [restartedMain] WARN  org.hibernate.orm.deprecation - HHH90000025: PostgreSQLDialect does not need to be specified explicitly using 'hibernate.dialect' (remove the property setting and it will be selected by default)
2026-03-31 10:51:54 [restartedMain] INFO  o.h.e.t.j.p.i.JtaPlatformInitiator - HHH000489: No JTA platform available (set 'hibernate.transaction.jta.platform' to enable JTA platform integration)
2026-03-31 10:51:54 [restartedMain] INFO  o.s.o.j.LocalContainerEntityManagerFactoryBean - Initialized JPA EntityManagerFactory for persistence unit 'default'
2026-03-31 10:51:55 [restartedMain] WARN  o.s.b.a.o.j.JpaBaseConfiguration$JpaWebConfiguration - spring.jpa.open-in-view is enabled by default. Therefore, database queries may be performed during view rendering. Explicitly configure spring.jpa.open-in-view to disable this warning
2026-03-31 10:51:55 [restartedMain] INFO  o.s.s.web.DefaultSecurityFilterChain - Will secure any request with [org.springframework.security.web.session.DisableEncodeUrlFilter@45dd6d31, org.springframework.security.web.context.request.async.WebAsyncManagerIntegrationFilter@15cb42b1, org.springframework.security.web.context.SecurityContextHolderFilter@57ccec5e, org.springframework.security.web.header.HeaderWriterFilter@6f889ec5, org.springframework.web.filter.CorsFilter@363d838c, org.springframework.security.web.authentication.logout.LogoutFilter@1a36c887, com.pms.security.util.filter.JwtAuthFilter@287ac864, org.springframework.security.web.savedrequest.RequestCacheAwareFilter@6cfe71ae, org.springframework.security.web.servletapi.SecurityContextHolderAwareRequestFilter@2189d168, org.springframework.security.web.authentication.AnonymousAuthenticationFilter@6ac10a00, org.springframework.security.web.access.ExceptionTranslationFilter@7c290a0b, org.springframework.security.web.access.intercept.AuthorizationFilter@114831da]
2026-03-31 10:51:56 [restartedMain] INFO  o.s.b.d.a.OptionalLiveReloadServer - LiveReload server is running on port 35729
2026-03-31 10:51:56 [restartedMain] INFO  o.s.b.w.e.tomcat.TomcatWebServer - Tomcat started on port 9090 (http) with context path ''
2026-03-31 10:51:56 [restartedMain] INFO  com.pms.Application - Started Application in 4.874 seconds (process running for 5.467)
2026-03-31 10:55:07 [http-nio-0.0.0.0-9090-exec-1] INFO  o.a.c.c.C.[Tomcat].[localhost].[/] - Initializing Spring DispatcherServlet 'dispatcherServlet'
2026-03-31 10:55:07 [http-nio-0.0.0.0-9090-exec-1] INFO  o.s.web.servlet.DispatcherServlet - Initializing Servlet 'dispatcherServlet'
2026-03-31 10:55:07 [http-nio-0.0.0.0-9090-exec-1] INFO  o.s.web.servlet.DispatcherServlet - Completed initialization in 0 ms
2026-03-31 10:55:08 [http-nio-0.0.0.0-9090-exec-8] INFO  o.s.api.AbstractOpenApiResource - Init duration for springdoc-openapi is: 577 ms
2026-03-31 10:56:46 [http-nio-0.0.0.0-9090-exec-5] DEBUG org.hibernate.SQL - 
    select
        u1_0.id,
        u1_0.email,
        u1_0.enabled,
        u1_0.password,
        u1_0.username 
    from
        PMS_db.users u1_0 
    where
        u1_0.username=?
2026-03-31 10:56:46 [http-nio-0.0.0.0-9090-exec-5] DEBUG org.hibernate.SQL - 
    select
        r1_0.id,
        r1_0.name 
    from
        PMS_db.roles r1_0 
    where
        r1_0.name=?
2026-03-31 10:56:46 [http-nio-0.0.0.0-9090-exec-5] DEBUG org.hibernate.SQL - 
    insert 
    into
        PMS_db.users
        (email, enabled, password, username) 
    values
        (?, ?, ?, ?)
2026-03-31 10:56:46 [http-nio-0.0.0.0-9090-exec-5] DEBUG org.hibernate.SQL - 
    insert 
    into
        PMS_db.user_roles
        (user_id, role_id) 
    values
        (?, ?)
2026-03-31 10:57:57 [http-nio-0.0.0.0-9090-exec-6] DEBUG org.hibernate.SQL - 
    select
        u1_0.id,
        u1_0.email,
        u1_0.enabled,
        u1_0.password,
        u1_0.username 
    from
        PMS_db.users u1_0 
    where
        u1_0.username=?
2026-03-31 10:57:57 [http-nio-0.0.0.0-9090-exec-6] DEBUG org.hibernate.SQL - 
    select
        r1_0.user_id,
        r1_1.id,
        r1_1.name 
    from
        PMS_db.user_roles r1_0 
    join
        PMS_db.roles r1_1 
            on r1_1.id=r1_0.role_id 
    where
        r1_0.user_id=?
2026-03-31 10:57:57 [http-nio-0.0.0.0-9090-exec-6] DEBUG org.hibernate.SQL - 
    select
        u1_0.id,
        u1_0.email,
        u1_0.enabled,
        u1_0.password,
        u1_0.username 
    from
        PMS_db.users u1_0 
    where
        u1_0.username=?
2026-03-31 10:57:57 [http-nio-0.0.0.0-9090-exec-6] DEBUG org.hibernate.SQL - 
    insert 
    into
        PMS_db.refresh_token
        (expiry_date, token, user_id) 
    values
        (?, ?, ?)
2026-03-31 10:57:57 [http-nio-0.0.0.0-9090-exec-6] WARN  o.h.e.jdbc.spi.SqlExceptionHelper - SQL Error: 0, SQLState: 42P01
2026-03-31 10:57:57 [http-nio-0.0.0.0-9090-exec-6] ERROR o.h.e.jdbc.spi.SqlExceptionHelper - ERROR: relation "pms_db.refresh_token" does not exist
  Position: 13
2026-03-31 10:57:57 [http-nio-0.0.0.0-9090-exec-6] ERROR o.a.c.c.C.[.[.[.[dispatcherServlet] - Servlet.service() for servlet [dispatcherServlet] in context with path [] threw exception [Request processing failed: org.springframework.dao.InvalidDataAccessResourceUsageException: could not execute statement [ERROR: relation "pms_db.refresh_token" does not exist
  Position: 13] [insert into PMS_db.refresh_token (expiry_date,token,user_id) values (?,?,?)]; SQL [insert into PMS_db.refresh_token (expiry_date,token,user_id) values (?,?,?)]] with root cause
org.postgresql.util.PSQLException: ERROR: relation "pms_db.refresh_token" does not exist
  Position: 13
	at org.postgresql.core.v3.QueryExecutorImpl.receiveErrorResponse(QueryExecutorImpl.java:2725)
	at org.postgresql.core.v3.QueryExecutorImpl.processResults(QueryExecutorImpl.java:2412)
	at org.postgresql.core.v3.QueryExecutorImpl.execute(QueryExecutorImpl.java:371)
	at org.postgresql.jdbc.PgStatement.executeInternal(PgStatement.java:502)
	at org.postgresql.jdbc.PgStatement.execute(PgStatement.java:419)
	at org.postgresql.jdbc.PgPreparedStatement.executeWithFlags(PgPreparedStatement.java:194)
	at org.postgresql.jdbc.PgPreparedStatement.executeUpdate(PgPreparedStatement.java:155)
	at com.zaxxer.hikari.pool.ProxyPreparedStatement.executeUpdate(ProxyPreparedStatement.java:61)
	at com.zaxxer.hikari.pool.HikariProxyPreparedStatement.executeUpdate(HikariProxyPreparedStatement.java)
	at org.hibernate.engine.jdbc.internal.ResultSetReturnImpl.executeUpdate(ResultSetReturnImpl.java:194)
	at org.hibernate.id.insert.GetGeneratedKeysDelegate.performInsert(GetGeneratedKeysDelegate.java:107)
	at org.hibernate.engine.jdbc.mutation.internal.MutationExecutorPostInsertSingleTable.execute(MutationExecutorPostInsertSingleTable.java:100)
	at org.hibernate.persister.entity.mutation.InsertCoordinator.doStaticInserts(InsertCoordinator.java:175)
	at org.hibernate.persister.entity.mutation.InsertCoordinator.coordinateInsert(InsertCoordinator.java:113)
	at org.hibernate.persister.entity.AbstractEntityPersister.insert(AbstractEntityPersister.java:2868)
	at org.hibernate.action.internal.EntityIdentityInsertAction.execute(EntityIdentityInsertAction.java:81)
	at org.hibernate.engine.spi.ActionQueue.execute(ActionQueue.java:670)
	at org.hibernate.engine.spi.ActionQueue.addResolvedEntityInsertAction(ActionQueue.java:291)
	at org.hibernate.engine.spi.ActionQueue.addInsertAction(ActionQueue.java:272)
	at org.hibernate.engine.spi.ActionQueue.addAction(ActionQueue.java:322)
	at org.hibernate.event.internal.AbstractSaveEventListener.addInsertAction(AbstractSaveEventListener.java:386)
	at org.hibernate.event.internal.AbstractSaveEventListener.performSaveOrReplicate(AbstractSaveEventListener.java:300)
	at org.hibernate.event.internal.AbstractSaveEventListener.performSave(AbstractSaveEventListener.java:219)
	at org.hibernate.event.internal.AbstractSaveEventListener.saveWithGeneratedId(AbstractSaveEventListener.java:134)
	at org.hibernate.event.internal.DefaultPersistEventListener.entityIsTransient(DefaultPersistEventListener.java:175)
	at org.hibernate.event.internal.DefaultPersistEventListener.persist(DefaultPersistEventListener.java:93)
	at org.hibernate.event.internal.DefaultPersistEventListener.onPersist(DefaultPersistEventListener.java:77)
	at org.hibernate.event.internal.DefaultPersistEventListener.onPersist(DefaultPersistEventListener.java:54)
	at org.hibernate.event.service.internal.EventListenerGroupImpl.fireEventOnEachListener(EventListenerGroupImpl.java:127)
	at org.hibernate.internal.SessionImpl.firePersist(SessionImpl.java:754)
	at org.hibernate.internal.SessionImpl.persist(SessionImpl.java:738)
	at java.base/jdk.internal.reflect.NativeMethodAccessorImpl.invoke0(Native Method)
	at java.base/jdk.internal.reflect.NativeMethodAccessorImpl.invoke(NativeMethodAccessorImpl.java:77)
	at java.base/jdk.internal.reflect.DelegatingMethodAccessorImpl.invoke(DelegatingMethodAccessorImpl.java:43)
	at java.base/java.lang.reflect.Method.invoke(Method.java:568)
	at org.springframework.orm.jpa.ExtendedEntityManagerCreator$ExtendedEntityManagerInvocationHandler.invoke(ExtendedEntityManagerCreator.java:364)
	at jdk.proxy4/jdk.proxy4.$Proxy145.persist(Unknown Source)
	at java.base/jdk.internal.reflect.NativeMethodAccessorImpl.invoke0(Native Method)
	at java.base/jdk.internal.reflect.NativeMethodAccessorImpl.invoke(NativeMethodAccessorImpl.java:77)
	at java.base/jdk.internal.reflect.DelegatingMethodAccessorImpl.invoke(DelegatingMethodAccessorImpl.java:43)
	at java.base/java.lang.reflect.Method.invoke(Method.java:568)
	at org.springframework.orm.jpa.SharedEntityManagerCreator$SharedEntityManagerInvocationHandler.invoke(SharedEntityManagerCreator.java:319)
	at jdk.proxy4/jdk.proxy4.$Proxy145.persist(Unknown Source)
	at org.springframework.data.jpa.repository.support.SimpleJpaRepository.save(SimpleJpaRepository.java:618)
	at java.base/jdk.internal.reflect.NativeMethodAccessorImpl.invoke0(Native Method)
	at java.base/jdk.internal.reflect.NativeMethodAccessorImpl.invoke(NativeMethodAccessorImpl.java:77)
	at java.base/jdk.internal.reflect.DelegatingMethodAccessorImpl.invoke(DelegatingMethodAccessorImpl.java:43)
	at java.base/java.lang.reflect.Method.invoke(Method.java:568)
	at org.springframework.aop.support.AopUtils.invokeJoinpointUsingReflection(AopUtils.java:354)
	at org.springframework.data.repository.core.support.RepositoryMethodInvoker$RepositoryFragmentMethodInvoker.lambda$new$0(RepositoryMethodInvoker.java:277)
	at org.springframework.data.repository.core.support.RepositoryMethodInvoker.doInvoke(RepositoryMethodInvoker.java:170)
	at org.springframework.data.repository.core.support.RepositoryMethodInvoker.invoke(RepositoryMethodInvoker.java:158)
	at org.springframework.data.repository.core.support.RepositoryComposition$RepositoryFragments.invoke(RepositoryComposition.java:516)
	at org.springframework.data.repository.core.support.RepositoryComposition.invoke(RepositoryComposition.java:285)
	at org.springframework.data.repository.core.support.RepositoryFactorySupport$ImplementationMethodExecutionInterceptor.invoke(RepositoryFactorySupport.java:628)
	at org.springframework.aop.framework.ReflectiveMethodInvocation.proceed(ReflectiveMethodInvocation.java:184)
	at org.springframework.data.repository.core.support.QueryExecutorMethodInterceptor.doInvoke(QueryExecutorMethodInterceptor.java:168)
	at org.springframework.data.repository.core.support.QueryExecutorMethodInterceptor.invoke(QueryExecutorMethodInterceptor.java:143)
	at org.springframework.aop.framework.ReflectiveMethodInvocation.proceed(ReflectiveMethodInvocation.java:184)
	at org.springframework.data.projection.DefaultMethodInvokingMethodInterceptor.invoke(DefaultMethodInvokingMethodInterceptor.java:70)
	at org.springframework.aop.framework.ReflectiveMethodInvocation.proceed(ReflectiveMethodInvocation.java:184)
	at org.springframework.transaction.interceptor.TransactionInterceptor$1.proceedWithInvocation(TransactionInterceptor.java:123)
	at org.springframework.transaction.interceptor.TransactionAspectSupport.invokeWithinTransaction(TransactionAspectSupport.java:392)
	at org.springframework.transaction.interceptor.TransactionInterceptor.invoke(TransactionInterceptor.java:119)
	at org.springframework.aop.framework.ReflectiveMethodInvocation.proceed(ReflectiveMethodInvocation.java:184)
	at org.springframework.dao.support.PersistenceExceptionTranslationInterceptor.invoke(PersistenceExceptionTranslationInterceptor.java:137)
	at org.springframework.aop.framework.ReflectiveMethodInvocation.proceed(ReflectiveMethodInvocation.java:184)
	at org.springframework.data.jpa.repository.support.CrudMethodMetadataPostProcessor$CrudMethodMetadataPopulatingMethodInterceptor.invoke(CrudMethodMetadataPostProcessor.java:164)
	at org.springframework.aop.framework.ReflectiveMethodInvocation.proceed(ReflectiveMethodInvocation.java:184)
	at org.springframework.aop.interceptor.ExposeInvocationInterceptor.invoke(ExposeInvocationInterceptor.java:97)
	at org.springframework.aop.framework.ReflectiveMethodInvocation.proceed(ReflectiveMethodInvocation.java:184)
	at org.springframework.aop.framework.JdkDynamicAopProxy.invoke(JdkDynamicAopProxy.java:223)
	at jdk.proxy4/jdk.proxy4.$Proxy166.save(Unknown Source)
	at com.pms.security.service.RefreshTokenService.createToken(RefreshTokenService.java:34)
	at com.pms.security.controller.AuthController.login(AuthController.java:71)
	at java.base/jdk.internal.reflect.NativeMethodAccessorImpl.invoke0(Native Method)
	at java.base/jdk.internal.reflect.NativeMethodAccessorImpl.invoke(NativeMethodAccessorImpl.java:77)
	at java.base/jdk.internal.reflect.DelegatingMethodAccessorImpl.invoke(DelegatingMethodAccessorImpl.java:43)
	at java.base/java.lang.reflect.Method.invoke(Method.java:568)
	at org.springframework.web.method.support.InvocableHandlerMethod.doInvoke(InvocableHandlerMethod.java:255)
	at org.springframework.web.method.support.InvocableHandlerMethod.invokeForRequest(InvocableHandlerMethod.java:188)
	at org.springframework.web.servlet.mvc.method.annotation.ServletInvocableHandlerMethod.invokeAndHandle(ServletInvocableHandlerMethod.java:118)
	at org.springframework.web.servlet.mvc.method.annotation.RequestMappingHandlerAdapter.invokeHandlerMethod(RequestMappingHandlerAdapter.java:926)
	at org.springframework.web.servlet.mvc.method.annotation.RequestMappingHandlerAdapter.handleInternal(RequestMappingHandlerAdapter.java:831)
	at org.springframework.web.servlet.mvc.method.AbstractHandlerMethodAdapter.handle(AbstractHandlerMethodAdapter.java:87)
	at org.springframework.web.servlet.DispatcherServlet.doDispatch(DispatcherServlet.java:1089)
	at org.springframework.web.servlet.DispatcherServlet.doService(DispatcherServlet.java:979)
	at org.springframework.web.servlet.FrameworkServlet.processRequest(FrameworkServlet.java:1014)
	at org.springframework.web.servlet.FrameworkServlet.doPost(FrameworkServlet.java:914)
	at jakarta.servlet.http.HttpServlet.service(HttpServlet.java:590)
	at org.springframework.web.servlet.FrameworkServlet.service(FrameworkServlet.java:885)
	at jakarta.servlet.http.HttpServlet.service(HttpServlet.java:658)
	at org.apache.catalina.core.ApplicationFilterChain.internalDoFilter(ApplicationFilterChain.java:206)
	at org.apache.catalina.core.ApplicationFilterChain.doFilter(ApplicationFilterChain.java:150)
	at org.apache.tomcat.websocket.server.WsFilter.doFilter(WsFilter.java:51)
	at org.apache.catalina.core.ApplicationFilterChain.internalDoFilter(ApplicationFilterChain.java:175)
	at org.apache.catalina.core.ApplicationFilterChain.doFilter(ApplicationFilterChain.java:150)
	at com.pms.security.util.filter.JwtAuthFilter.doFilter(JwtAuthFilter.java:62)
	at org.apache.catalina.core.ApplicationFilterChain.internalDoFilter(ApplicationFilterChain.java:175)
	at org.apache.catalina.core.ApplicationFilterChain.doFilter(ApplicationFilterChain.java:150)
	at org.springframework.web.filter.CompositeFilter$VirtualFilterChain.doFilter(CompositeFilter.java:108)
	at org.springframework.security.web.FilterChainProxy.lambda$doFilterInternal$3(FilterChainProxy.java:231)
	at org.springframework.security.web.FilterChainProxy$VirtualFilterChain.doFilter(FilterChainProxy.java:365)
	at org.springframework.security.web.access.intercept.AuthorizationFilter.doFilter(AuthorizationFilter.java:100)
	at org.springframework.security.web.FilterChainProxy$VirtualFilterChain.doFilter(FilterChainProxy.java:374)
	at org.springframework.security.web.access.ExceptionTranslationFilter.doFilter(ExceptionTranslationFilter.java:126)
	at org.springframework.security.web.access.ExceptionTranslationFilter.doFilter(ExceptionTranslationFilter.java:120)
	at org.springframework.security.web.FilterChainProxy$VirtualFilterChain.doFilter(FilterChainProxy.java:374)
	at org.springframework.security.web.authentication.AnonymousAuthenticationFilter.doFilter(AnonymousAuthenticationFilter.java:100)
	at org.springframework.security.web.FilterChainProxy$VirtualFilterChain.doFilter(FilterChainProxy.java:374)
	at org.springframework.security.web.servletapi.SecurityContextHolderAwareRequestFilter.doFilter(SecurityContextHolderAwareRequestFilter.java:179)
	at org.springframework.security.web.FilterChainProxy$VirtualFilterChain.doFilter(FilterChainProxy.java:374)
	at org.springframework.security.web.savedrequest.RequestCacheAwareFilter.doFilter(RequestCacheAwareFilter.java:63)
	at org.springframework.security.web.FilterChainProxy$VirtualFilterChain.doFilter(FilterChainProxy.java:374)
	at com.pms.security.util.filter.JwtAuthFilter.doFilter(JwtAuthFilter.java:62)
	at org.springframework.security.web.FilterChainProxy$VirtualFilterChain.doFilter(FilterChainProxy.java:374)
	at org.springframework.security.web.authentication.logout.LogoutFilter.doFilter(LogoutFilter.java:107)
	at org.springframework.security.web.authentication.logout.LogoutFilter.doFilter(LogoutFilter.java:93)
	at org.springframework.security.web.FilterChainProxy$VirtualFilterChain.doFilter(FilterChainProxy.java:374)
	at org.springframework.web.filter.CorsFilter.doFilterInternal(CorsFilter.java:91)
	at org.springframework.web.filter.OncePerRequestFilter.doFilter(OncePerRequestFilter.java:116)
	at org.springframework.security.web.FilterChainProxy$VirtualFilterChain.doFilter(FilterChainProxy.java:374)
	at org.springframework.security.web.header.HeaderWriterFilter.doHeadersAfter(HeaderWriterFilter.java:90)
	at org.springframework.security.web.header.HeaderWriterFilter.doFilterInternal(HeaderWriterFilter.java:75)
	at org.springframework.web.filter.OncePerRequestFilter.doFilter(OncePerRequestFilter.java:116)
	at org.springframework.security.web.FilterChainProxy$VirtualFilterChain.doFilter(FilterChainProxy.java:374)
	at org.springframework.security.web.context.SecurityContextHolderFilter.doFilter(SecurityContextHolderFilter.java:82)
	at org.springframework.security.web.context.SecurityContextHolderFilter.doFilter(SecurityContextHolderFilter.java:69)
	at org.springframework.security.web.FilterChainProxy$VirtualFilterChain.doFilter(FilterChainProxy.java:374)
	at org.springframework.security.web.context.request.async.WebAsyncManagerIntegrationFilter.doFilterInternal(WebAsyncManagerIntegrationFilter.java:62)
	at org.springframework.web.filter.OncePerRequestFilter.doFilter(OncePerRequestFilter.java:116)
	at org.springframework.security.web.FilterChainProxy$VirtualFilterChain.doFilter(FilterChainProxy.java:374)
	at org.springframework.security.web.session.DisableEncodeUrlFilter.doFilterInternal(DisableEncodeUrlFilter.java:42)
	at org.springframework.web.filter.OncePerRequestFilter.doFilter(OncePerRequestFilter.java:116)
	at org.springframework.security.web.FilterChainProxy$VirtualFilterChain.doFilter(FilterChainProxy.java:374)
	at org.springframework.security.web.FilterChainProxy.doFilterInternal(FilterChainProxy.java:233)
	at org.springframework.security.web.FilterChainProxy.doFilter(FilterChainProxy.java:191)
	at org.springframework.web.filter.CompositeFilter$VirtualFilterChain.doFilter(CompositeFilter.java:113)
	at org.springframework.web.servlet.handler.HandlerMappingIntrospector.lambda$createCacheFilter$3(HandlerMappingIntrospector.java:195)
	at org.springframework.web.filter.CompositeFilter$VirtualFilterChain.doFilter(CompositeFilter.java:113)
	at org.springframework.web.filter.CompositeFilter.doFilter(CompositeFilter.java:74)
	at org.springframework.security.config.annotation.web.configuration.WebMvcSecurityConfiguration$CompositeFilterChainProxy.doFilter(WebMvcSecurityConfiguration.java:230)
	at org.springframework.web.filter.DelegatingFilterProxy.invokeDelegate(DelegatingFilterProxy.java:352)
	at org.springframework.web.filter.DelegatingFilterProxy.doFilter(DelegatingFilterProxy.java:268)
	at org.apache.catalina.core.ApplicationFilterChain.internalDoFilter(ApplicationFilterChain.java:175)
	at org.apache.catalina.core.ApplicationFilterChain.doFilter(ApplicationFilterChain.java:150)
	at org.springframework.web.filter.RequestContextFilter.doFilterInternal(RequestContextFilter.java:100)
	at org.springframework.web.filter.OncePerRequestFilter.doFilter(OncePerRequestFilter.java:116)
	at org.apache.catalina.core.ApplicationFilterChain.internalDoFilter(ApplicationFilterChain.java:175)
	at org.apache.catalina.core.ApplicationFilterChain.doFilter(ApplicationFilterChain.java:150)
	at org.springframework.web.filter.FormContentFilter.doFilterInternal(FormContentFilter.java:93)
	at org.springframework.web.filter.OncePerRequestFilter.doFilter(OncePerRequestFilter.java:116)
	at org.apache.catalina.core.ApplicationFilterChain.internalDoFilter(ApplicationFilterChain.java:175)
	at org.apache.catalina.core.ApplicationFilterChain.doFilter(ApplicationFilterChain.java:150)
	at org.springframework.web.filter.CharacterEncodingFilter.doFilterInternal(CharacterEncodingFilter.java:201)
	at org.springframework.web.filter.OncePerRequestFilter.doFilter(OncePerRequestFilter.java:116)
	at org.apache.catalina.core.ApplicationFilterChain.internalDoFilter(ApplicationFilterChain.java:175)
	at org.apache.catalina.core.ApplicationFilterChain.doFilter(ApplicationFilterChain.java:150)
	at org.apache.catalina.core.StandardWrapperValve.invoke(StandardWrapperValve.java:167)
	at org.apache.catalina.core.StandardContextValve.invoke(StandardContextValve.java:90)
	at org.apache.catalina.authenticator.AuthenticatorBase.invoke(AuthenticatorBase.java:482)
	at org.apache.catalina.core.StandardHostValve.invoke(StandardHostValve.java:115)
	at org.apache.catalina.valves.ErrorReportValve.invoke(ErrorReportValve.java:93)
	at org.apache.catalina.core.StandardEngineValve.invoke(StandardEngineValve.java:74)
	at org.apache.catalina.connector.CoyoteAdapter.service(CoyoteAdapter.java:344)
	at org.apache.coyote.http11.Http11Processor.service(Http11Processor.java:391)
	at org.apache.coyote.AbstractProcessorLight.process(AbstractProcessorLight.java:63)
	at org.apache.coyote.AbstractProtocol$ConnectionHandler.process(AbstractProtocol.java:896)
	at org.apache.tomcat.util.net.NioEndpoint$SocketProcessor.doRun(NioEndpoint.java:1736)
	at org.apache.tomcat.util.net.SocketProcessorBase.run(SocketProcessorBase.java:52)
	at org.apache.tomcat.util.threads.ThreadPoolExecutor.runWorker(ThreadPoolExecutor.java:1191)
	at org.apache.tomcat.util.threads.ThreadPoolExecutor$Worker.run(ThreadPoolExecutor.java:659)
	at org.apache.tomcat.util.threads.TaskThread$WrappingRunnable.run(TaskThread.java:63)
	at java.base/java.lang.Thread.run(Thread.java:842)
2026-03-31 10:58:58 [http-nio-0.0.0.0-9090-exec-7] DEBUG org.hibernate.SQL - 
    select
        u1_0.id,
        u1_0.email,
        u1_0.enabled,
        u1_0.password,
        u1_0.username 
    from
        PMS_db.users u1_0 
    where
        u1_0.username=?
2026-03-31 10:58:58 [http-nio-0.0.0.0-9090-exec-7] DEBUG org.hibernate.SQL - 
    select
        r1_0.user_id,
        r1_1.id,
        r1_1.name 
    from
        PMS_db.user_roles r1_0 
    join
        PMS_db.roles r1_1 
            on r1_1.id=r1_0.role_id 
    where
        r1_0.user_id=?
2026-03-31 10:58:58 [http-nio-0.0.0.0-9090-exec-7] DEBUG org.hibernate.SQL - 
    select
        u1_0.id,
        u1_0.email,
        u1_0.enabled,
        u1_0.password,
        u1_0.username 
    from
        PMS_db.users u1_0 
    where
        u1_0.username=?
2026-03-31 10:58:58 [http-nio-0.0.0.0-9090-exec-7] DEBUG org.hibernate.SQL - 
    insert 
    into
        PMS_db.refresh_token
        (expiry_date, token, user_id) 
    values
        (?, ?, ?)
2026-03-31 10:58:58 [http-nio-0.0.0.0-9090-exec-7] WARN  o.h.e.jdbc.spi.SqlExceptionHelper - SQL Error: 0, SQLState: 42P01
2026-03-31 10:58:58 [http-nio-0.0.0.0-9090-exec-7] ERROR o.h.e.jdbc.spi.SqlExceptionHelper - ERROR: relation "pms_db.refresh_token" does not exist
  Position: 13
2026-03-31 10:58:58 [http-nio-0.0.0.0-9090-exec-7] ERROR o.a.c.c.C.[.[.[.[dispatcherServlet] - Servlet.service() for servlet [dispatcherServlet] in context with path [] threw exception [Request processing failed: org.springframework.dao.InvalidDataAccessResourceUsageException: could not execute statement [ERROR: relation "pms_db.refresh_token" does not exist
  Position: 13] [insert into PMS_db.refresh_token (expiry_date,token,user_id) values (?,?,?)]; SQL [insert into PMS_db.refresh_token (expiry_date,token,user_id) values (?,?,?)]] with root cause
org.postgresql.util.PSQLException: ERROR: relation "pms_db.refresh_token" does not exist
  Position: 13
	at org.postgresql.core.v3.QueryExecutorImpl.receiveErrorResponse(QueryExecutorImpl.java:2725)
	at org.postgresql.core.v3.QueryExecutorImpl.processResults(QueryExecutorImpl.java:2412)
	at org.postgresql.core.v3.QueryExecutorImpl.execute(QueryExecutorImpl.java:371)
	at org.postgresql.jdbc.PgStatement.executeInternal(PgStatement.java:502)
	at org.postgresql.jdbc.PgStatement.execute(PgStatement.java:419)
	at org.postgresql.jdbc.PgPreparedStatement.executeWithFlags(PgPreparedStatement.java:194)
	at org.postgresql.jdbc.PgPreparedStatement.executeUpdate(PgPreparedStatement.java:155)
	at com.zaxxer.hikari.pool.ProxyPreparedStatement.executeUpdate(ProxyPreparedStatement.java:61)
	at com.zaxxer.hikari.pool.HikariProxyPreparedStatement.executeUpdate(HikariProxyPreparedStatement.java)
	at org.hibernate.engine.jdbc.internal.ResultSetReturnImpl.executeUpdate(ResultSetReturnImpl.java:194)
	at org.hibernate.id.insert.GetGeneratedKeysDelegate.performInsert(GetGeneratedKeysDelegate.java:107)
	at org.hibernate.engine.jdbc.mutation.internal.MutationExecutorPostInsertSingleTable.execute(MutationExecutorPostInsertSingleTable.java:100)
	at org.hibernate.persister.entity.mutation.InsertCoordinator.doStaticInserts(InsertCoordinator.java:175)
	at org.hibernate.persister.entity.mutation.InsertCoordinator.coordinateInsert(InsertCoordinator.java:113)
	at org.hibernate.persister.entity.AbstractEntityPersister.insert(AbstractEntityPersister.java:2868)
	at org.hibernate.action.internal.EntityIdentityInsertAction.execute(EntityIdentityInsertAction.java:81)
	at org.hibernate.engine.spi.ActionQueue.execute(ActionQueue.java:670)
	at org.hibernate.engine.spi.ActionQueue.addResolvedEntityInsertAction(ActionQueue.java:291)
	at org.hibernate.engine.spi.ActionQueue.addInsertAction(ActionQueue.java:272)
	at org.hibernate.engine.spi.ActionQueue.addAction(ActionQueue.java:322)
	at org.hibernate.event.internal.AbstractSaveEventListener.addInsertAction(AbstractSaveEventListener.java:386)
	at org.hibernate.event.internal.AbstractSaveEventListener.performSaveOrReplicate(AbstractSaveEventListener.java:300)
	at org.hibernate.event.internal.AbstractSaveEventListener.performSave(AbstractSaveEventListener.java:219)
	at org.hibernate.event.internal.AbstractSaveEventListener.saveWithGeneratedId(AbstractSaveEventListener.java:134)
	at org.hibernate.event.internal.DefaultPersistEventListener.entityIsTransient(DefaultPersistEventListener.java:175)
	at org.hibernate.event.internal.DefaultPersistEventListener.persist(DefaultPersistEventListener.java:93)
	at org.hibernate.event.internal.DefaultPersistEventListener.onPersist(DefaultPersistEventListener.java:77)
	at org.hibernate.event.internal.DefaultPersistEventListener.onPersist(DefaultPersistEventListener.java:54)
	at org.hibernate.event.service.internal.EventListenerGroupImpl.fireEventOnEachListener(EventListenerGroupImpl.java:127)
	at org.hibernate.internal.SessionImpl.firePersist(SessionImpl.java:754)
	at org.hibernate.internal.SessionImpl.persist(SessionImpl.java:738)
	at java.base/jdk.internal.reflect.NativeMethodAccessorImpl.invoke0(Native Method)
	at java.base/jdk.internal.reflect.NativeMethodAccessorImpl.invoke(NativeMethodAccessorImpl.java:77)
	at java.base/jdk.internal.reflect.DelegatingMethodAccessorImpl.invoke(DelegatingMethodAccessorImpl.java:43)
	at java.base/java.lang.reflect.Method.invoke(Method.java:568)
	at org.springframework.orm.jpa.ExtendedEntityManagerCreator$ExtendedEntityManagerInvocationHandler.invoke(ExtendedEntityManagerCreator.java:364)
	at jdk.proxy4/jdk.proxy4.$Proxy145.persist(Unknown Source)
	at java.base/jdk.internal.reflect.NativeMethodAccessorImpl.invoke0(Native Method)
	at java.base/jdk.internal.reflect.NativeMethodAccessorImpl.invoke(NativeMethodAccessorImpl.java:77)
	at java.base/jdk.internal.reflect.DelegatingMethodAccessorImpl.invoke(DelegatingMethodAccessorImpl.java:43)
	at java.base/java.lang.reflect.Method.invoke(Method.java:568)
	at org.springframework.orm.jpa.SharedEntityManagerCreator$SharedEntityManagerInvocationHandler.invoke(SharedEntityManagerCreator.java:319)
	at jdk.proxy4/jdk.proxy4.$Proxy145.persist(Unknown Source)
	at org.springframework.data.jpa.repository.support.SimpleJpaRepository.save(SimpleJpaRepository.java:618)
	at java.base/jdk.internal.reflect.NativeMethodAccessorImpl.invoke0(Native Method)
	at java.base/jdk.internal.reflect.NativeMethodAccessorImpl.invoke(NativeMethodAccessorImpl.java:77)
	at java.base/jdk.internal.reflect.DelegatingMethodAccessorImpl.invoke(DelegatingMethodAccessorImpl.java:43)
	at java.base/java.lang.reflect.Method.invoke(Method.java:568)
	at org.springframework.aop.support.AopUtils.invokeJoinpointUsingReflection(AopUtils.java:354)
	at org.springframework.data.repository.core.support.RepositoryMethodInvoker$RepositoryFragmentMethodInvoker.lambda$new$0(RepositoryMethodInvoker.java:277)
	at org.springframework.data.repository.core.support.RepositoryMethodInvoker.doInvoke(RepositoryMethodInvoker.java:170)
	at org.springframework.data.repository.core.support.RepositoryMethodInvoker.invoke(RepositoryMethodInvoker.java:158)
	at org.springframework.data.repository.core.support.RepositoryComposition$RepositoryFragments.invoke(RepositoryComposition.java:516)
	at org.springframework.data.repository.core.support.RepositoryComposition.invoke(RepositoryComposition.java:285)
	at org.springframework.data.repository.core.support.RepositoryFactorySupport$ImplementationMethodExecutionInterceptor.invoke(RepositoryFactorySupport.java:628)
	at org.springframework.aop.framework.ReflectiveMethodInvocation.proceed(ReflectiveMethodInvocation.java:184)
	at org.springframework.data.repository.core.support.QueryExecutorMethodInterceptor.doInvoke(QueryExecutorMethodInterceptor.java:168)
	at org.springframework.data.repository.core.support.QueryExecutorMethodInterceptor.invoke(QueryExecutorMethodInterceptor.java:143)
	at org.springframework.aop.framework.ReflectiveMethodInvocation.proceed(ReflectiveMethodInvocation.java:184)
	at org.springframework.data.projection.DefaultMethodInvokingMethodInterceptor.invoke(DefaultMethodInvokingMethodInterceptor.java:70)
	at org.springframework.aop.framework.ReflectiveMethodInvocation.proceed(ReflectiveMethodInvocation.java:184)
	at org.springframework.transaction.interceptor.TransactionInterceptor$1.proceedWithInvocation(TransactionInterceptor.java:123)
	at org.springframework.transaction.interceptor.TransactionAspectSupport.invokeWithinTransaction(TransactionAspectSupport.java:392)
	at org.springframework.transaction.interceptor.TransactionInterceptor.invoke(TransactionInterceptor.java:119)
	at org.springframework.aop.framework.ReflectiveMethodInvocation.proceed(ReflectiveMethodInvocation.java:184)
	at org.springframework.dao.support.PersistenceExceptionTranslationInterceptor.invoke(PersistenceExceptionTranslationInterceptor.java:137)
	at org.springframework.aop.framework.ReflectiveMethodInvocation.proceed(ReflectiveMethodInvocation.java:184)
	at org.springframework.data.jpa.repository.support.CrudMethodMetadataPostProcessor$CrudMethodMetadataPopulatingMethodInterceptor.invoke(CrudMethodMetadataPostProcessor.java:164)
	at org.springframework.aop.framework.ReflectiveMethodInvocation.proceed(ReflectiveMethodInvocation.java:184)
	at org.springframework.aop.interceptor.ExposeInvocationInterceptor.invoke(ExposeInvocationInterceptor.java:97)
	at org.springframework.aop.framework.ReflectiveMethodInvocation.proceed(ReflectiveMethodInvocation.java:184)
	at org.springframework.aop.framework.JdkDynamicAopProxy.invoke(JdkDynamicAopProxy.java:223)
	at jdk.proxy4/jdk.proxy4.$Proxy166.save(Unknown Source)
	at com.pms.security.service.RefreshTokenService.createToken(RefreshTokenService.java:34)
	at com.pms.security.controller.AuthController.login(AuthController.java:71)
	at java.base/jdk.internal.reflect.NativeMethodAccessorImpl.invoke0(Native Method)
	at java.base/jdk.internal.reflect.NativeMethodAccessorImpl.invoke(NativeMethodAccessorImpl.java:77)
	at java.base/jdk.internal.reflect.DelegatingMethodAccessorImpl.invoke(DelegatingMethodAccessorImpl.java:43)
	at java.base/java.lang.reflect.Method.invoke(Method.java:568)
	at org.springframework.web.method.support.InvocableHandlerMethod.doInvoke(InvocableHandlerMethod.java:255)
	at org.springframework.web.method.support.InvocableHandlerMethod.invokeForRequest(InvocableHandlerMethod.java:188)
	at org.springframework.web.servlet.mvc.method.annotation.ServletInvocableHandlerMethod.invokeAndHandle(ServletInvocableHandlerMethod.java:118)
	at org.springframework.web.servlet.mvc.method.annotation.RequestMappingHandlerAdapter.invokeHandlerMethod(RequestMappingHandlerAdapter.java:926)
	at org.springframework.web.servlet.mvc.method.annotation.RequestMappingHandlerAdapter.handleInternal(RequestMappingHandlerAdapter.java:831)
	at org.springframework.web.servlet.mvc.method.AbstractHandlerMethodAdapter.handle(AbstractHandlerMethodAdapter.java:87)
	at org.springframework.web.servlet.DispatcherServlet.doDispatch(DispatcherServlet.java:1089)
	at org.springframework.web.servlet.DispatcherServlet.doService(DispatcherServlet.java:979)
	at org.springframework.web.servlet.FrameworkServlet.processRequest(FrameworkServlet.java:1014)
	at org.springframework.web.servlet.FrameworkServlet.doPost(FrameworkServlet.java:914)
	at jakarta.servlet.http.HttpServlet.service(HttpServlet.java:590)
	at org.springframework.web.servlet.FrameworkServlet.service(FrameworkServlet.java:885)
	at jakarta.servlet.http.HttpServlet.service(HttpServlet.java:658)
	at org.apache.catalina.core.ApplicationFilterChain.internalDoFilter(ApplicationFilterChain.java:206)
	at org.apache.catalina.core.ApplicationFilterChain.doFilter(ApplicationFilterChain.java:150)
	at org.apache.tomcat.websocket.server.WsFilter.doFilter(WsFilter.java:51)
	at org.apache.catalina.core.ApplicationFilterChain.internalDoFilter(ApplicationFilterChain.java:175)
	at org.apache.catalina.core.ApplicationFilterChain.doFilter(ApplicationFilterChain.java:150)
	at com.pms.security.util.filter.JwtAuthFilter.doFilter(JwtAuthFilter.java:62)
	at org.apache.catalina.core.ApplicationFilterChain.internalDoFilter(ApplicationFilterChain.java:175)
	at org.apache.catalina.core.ApplicationFilterChain.doFilter(ApplicationFilterChain.java:150)
	at org.springframework.web.filter.CompositeFilter$VirtualFilterChain.doFilter(CompositeFilter.java:108)
	at org.springframework.security.web.FilterChainProxy.lambda$doFilterInternal$3(FilterChainProxy.java:231)
	at org.springframework.security.web.FilterChainProxy$VirtualFilterChain.doFilter(FilterChainProxy.java:365)
	at org.springframework.security.web.access.intercept.AuthorizationFilter.doFilter(AuthorizationFilter.java:100)
	at org.springframework.security.web.FilterChainProxy$VirtualFilterChain.doFilter(FilterChainProxy.java:374)
	at org.springframework.security.web.access.ExceptionTranslationFilter.doFilter(ExceptionTranslationFilter.java:126)
	at org.springframework.security.web.access.ExceptionTranslationFilter.doFilter(ExceptionTranslationFilter.java:120)
	at org.springframework.security.web.FilterChainProxy$VirtualFilterChain.doFilter(FilterChainProxy.java:374)
	at org.springframework.security.web.authentication.AnonymousAuthenticationFilter.doFilter(AnonymousAuthenticationFilter.java:100)
	at org.springframework.security.web.FilterChainProxy$VirtualFilterChain.doFilter(FilterChainProxy.java:374)
	at org.springframework.security.web.servletapi.SecurityContextHolderAwareRequestFilter.doFilter(SecurityContextHolderAwareRequestFilter.java:179)
	at org.springframework.security.web.FilterChainProxy$VirtualFilterChain.doFilter(FilterChainProxy.java:374)
	at org.springframework.security.web.savedrequest.RequestCacheAwareFilter.doFilter(RequestCacheAwareFilter.java:63)
	at org.springframework.security.web.FilterChainProxy$VirtualFilterChain.doFilter(FilterChainProxy.java:374)
	at com.pms.security.util.filter.JwtAuthFilter.doFilter(JwtAuthFilter.java:62)
	at org.springframework.security.web.FilterChainProxy$VirtualFilterChain.doFilter(FilterChainProxy.java:374)
	at org.springframework.security.web.authentication.logout.LogoutFilter.doFilter(LogoutFilter.java:107)
	at org.springframework.security.web.authentication.logout.LogoutFilter.doFilter(LogoutFilter.java:93)
	at org.springframework.security.web.FilterChainProxy$VirtualFilterChain.doFilter(FilterChainProxy.java:374)
	at org.springframework.web.filter.CorsFilter.doFilterInternal(CorsFilter.java:91)
	at org.springframework.web.filter.OncePerRequestFilter.doFilter(OncePerRequestFilter.java:116)
	at org.springframework.security.web.FilterChainProxy$VirtualFilterChain.doFilter(FilterChainProxy.java:374)
	at org.springframework.security.web.header.HeaderWriterFilter.doHeadersAfter(HeaderWriterFilter.java:90)
	at org.springframework.security.web.header.HeaderWriterFilter.doFilterInternal(HeaderWriterFilter.java:75)
	at org.springframework.web.filter.OncePerRequestFilter.doFilter(OncePerRequestFilter.java:116)
	at org.springframework.security.web.FilterChainProxy$VirtualFilterChain.doFilter(FilterChainProxy.java:374)
	at org.springframework.security.web.context.SecurityContextHolderFilter.doFilter(SecurityContextHolderFilter.java:82)
	at org.springframework.security.web.context.SecurityContextHolderFilter.doFilter(SecurityContextHolderFilter.java:69)
	at org.springframework.security.web.FilterChainProxy$VirtualFilterChain.doFilter(FilterChainProxy.java:374)
	at org.springframework.security.web.context.request.async.WebAsyncManagerIntegrationFilter.doFilterInternal(WebAsyncManagerIntegrationFilter.java:62)
	at org.springframework.web.filter.OncePerRequestFilter.doFilter(OncePerRequestFilter.java:116)
	at org.springframework.security.web.FilterChainProxy$VirtualFilterChain.doFilter(FilterChainProxy.java:374)
	at org.springframework.security.web.session.DisableEncodeUrlFilter.doFilterInternal(DisableEncodeUrlFilter.java:42)
	at org.springframework.web.filter.OncePerRequestFilter.doFilter(OncePerRequestFilter.java:116)
	at org.springframework.security.web.FilterChainProxy$VirtualFilterChain.doFilter(FilterChainProxy.java:374)
	at org.springframework.security.web.FilterChainProxy.doFilterInternal(FilterChainProxy.java:233)
	at org.springframework.security.web.FilterChainProxy.doFilter(FilterChainProxy.java:191)
	at org.springframework.web.filter.CompositeFilter$VirtualFilterChain.doFilter(CompositeFilter.java:113)
	at org.springframework.web.servlet.handler.HandlerMappingIntrospector.lambda$createCacheFilter$3(HandlerMappingIntrospector.java:195)
	at org.springframework.web.filter.CompositeFilter$VirtualFilterChain.doFilter(CompositeFilter.java:113)
	at org.springframework.web.filter.CompositeFilter.doFilter(CompositeFilter.java:74)
	at org.springframework.security.config.annotation.web.configuration.WebMvcSecurityConfiguration$CompositeFilterChainProxy.doFilter(WebMvcSecurityConfiguration.java:230)
	at org.springframework.web.filter.DelegatingFilterProxy.invokeDelegate(DelegatingFilterProxy.java:352)
	at org.springframework.web.filter.DelegatingFilterProxy.doFilter(DelegatingFilterProxy.java:268)
	at org.apache.catalina.core.ApplicationFilterChain.internalDoFilter(ApplicationFilterChain.java:175)
	at org.apache.catalina.core.ApplicationFilterChain.doFilter(ApplicationFilterChain.java:150)
	at org.springframework.web.filter.RequestContextFilter.doFilterInternal(RequestContextFilter.java:100)
	at org.springframework.web.filter.OncePerRequestFilter.doFilter(OncePerRequestFilter.java:116)
	at org.apache.catalina.core.ApplicationFilterChain.internalDoFilter(ApplicationFilterChain.java:175)
	at org.apache.catalina.core.ApplicationFilterChain.doFilter(ApplicationFilterChain.java:150)
	at org.springframework.web.filter.FormContentFilter.doFilterInternal(FormContentFilter.java:93)
	at org.springframework.web.filter.OncePerRequestFilter.doFilter(OncePerRequestFilter.java:116)
	at org.apache.catalina.core.ApplicationFilterChain.internalDoFilter(ApplicationFilterChain.java:175)
	at org.apache.catalina.core.ApplicationFilterChain.doFilter(ApplicationFilterChain.java:150)
	at org.springframework.web.filter.CharacterEncodingFilter.doFilterInternal(CharacterEncodingFilter.java:201)
	at org.springframework.web.filter.OncePerRequestFilter.doFilter(OncePerRequestFilter.java:116)
	at org.apache.catalina.core.ApplicationFilterChain.internalDoFilter(ApplicationFilterChain.java:175)
	at org.apache.catalina.core.ApplicationFilterChain.doFilter(ApplicationFilterChain.java:150)
	at org.apache.catalina.core.StandardWrapperValve.invoke(StandardWrapperValve.java:167)
	at org.apache.catalina.core.StandardContextValve.invoke(StandardContextValve.java:90)
	at org.apache.catalina.authenticator.AuthenticatorBase.invoke(AuthenticatorBase.java:482)
	at org.apache.catalina.core.StandardHostValve.invoke(StandardHostValve.java:115)
	at org.apache.catalina.valves.ErrorReportValve.invoke(ErrorReportValve.java:93)
	at org.apache.catalina.core.StandardEngineValve.invoke(StandardEngineValve.java:74)
	at org.apache.catalina.connector.CoyoteAdapter.service(CoyoteAdapter.java:344)
	at org.apache.coyote.http11.Http11Processor.service(Http11Processor.java:391)
	at org.apache.coyote.AbstractProcessorLight.process(AbstractProcessorLight.java:63)
	at org.apache.coyote.AbstractProtocol$ConnectionHandler.process(AbstractProtocol.java:896)
	at org.apache.tomcat.util.net.NioEndpoint$SocketProcessor.doRun(NioEndpoint.java:1736)
	at org.apache.tomcat.util.net.SocketProcessorBase.run(SocketProcessorBase.java:52)
	at org.apache.tomcat.util.threads.ThreadPoolExecutor.runWorker(ThreadPoolExecutor.java:1191)
	at org.apache.tomcat.util.threads.ThreadPoolExecutor$Worker.run(ThreadPoolExecutor.java:659)
	at org.apache.tomcat.util.threads.TaskThread$WrappingRunnable.run(TaskThread.java:63)
	at java.base/java.lang.Thread.run(Thread.java:842)
2026-03-31 10:59:41 [http-nio-0.0.0.0-9090-exec-8] DEBUG org.hibernate.SQL - 
    select
        u1_0.id,
        u1_0.email,
        u1_0.enabled,
        u1_0.password,
        u1_0.username 
    from
        PMS_db.users u1_0 
    where
        u1_0.username=?
2026-03-31 10:59:41 [http-nio-0.0.0.0-9090-exec-8] DEBUG org.hibernate.SQL - 
    select
        r1_0.user_id,
        r1_1.id,
        r1_1.name 
    from
        PMS_db.user_roles r1_0 
    join
        PMS_db.roles r1_1 
            on r1_1.id=r1_0.role_id 
    where
        r1_0.user_id=?
2026-03-31 10:59:41 [http-nio-0.0.0.0-9090-exec-8] DEBUG org.hibernate.SQL - 
    select
        u1_0.id,
        u1_0.email,
        u1_0.enabled,
        u1_0.password,
        u1_0.username 
    from
        PMS_db.users u1_0 
    where
        u1_0.username=?
2026-03-31 10:59:41 [http-nio-0.0.0.0-9090-exec-8] DEBUG org.hibernate.SQL - 
    insert 
    into
        PMS_db.refresh_token
        (expiry_date, token, user_id) 
    values
        (?, ?, ?)
2026-03-31 10:59:41 [http-nio-0.0.0.0-9090-exec-8] WARN  o.h.e.jdbc.spi.SqlExceptionHelper - SQL Error: 0, SQLState: 42P01
2026-03-31 10:59:41 [http-nio-0.0.0.0-9090-exec-8] ERROR o.h.e.jdbc.spi.SqlExceptionHelper - ERROR: relation "pms_db.refresh_token" does not exist
  Position: 13
2026-03-31 10:59:41 [http-nio-0.0.0.0-9090-exec-8] ERROR o.a.c.c.C.[.[.[.[dispatcherServlet] - Servlet.service() for servlet [dispatcherServlet] in context with path [] threw exception [Request processing failed: org.springframework.dao.InvalidDataAccessResourceUsageException: could not execute statement [ERROR: relation "pms_db.refresh_token" does not exist
  Position: 13] [insert into PMS_db.refresh_token (expiry_date,token,user_id) values (?,?,?)]; SQL [insert into PMS_db.refresh_token (expiry_date,token,user_id) values (?,?,?)]] with root cause
org.postgresql.util.PSQLException: ERROR: relation "pms_db.refresh_token" does not exist
  Position: 13
	at org.postgresql.core.v3.QueryExecutorImpl.receiveErrorResponse(QueryExecutorImpl.java:2725)
	at org.postgresql.core.v3.QueryExecutorImpl.processResults(QueryExecutorImpl.java:2412)
	at org.postgresql.core.v3.QueryExecutorImpl.execute(QueryExecutorImpl.java:371)
	at org.postgresql.jdbc.PgStatement.executeInternal(PgStatement.java:502)
	at org.postgresql.jdbc.PgStatement.execute(PgStatement.java:419)
	at org.postgresql.jdbc.PgPreparedStatement.executeWithFlags(PgPreparedStatement.java:194)
	at org.postgresql.jdbc.PgPreparedStatement.executeUpdate(PgPreparedStatement.java:155)
	at com.zaxxer.hikari.pool.ProxyPreparedStatement.executeUpdate(ProxyPreparedStatement.java:61)
	at com.zaxxer.hikari.pool.HikariProxyPreparedStatement.executeUpdate(HikariProxyPreparedStatement.java)
	at org.hibernate.engine.jdbc.internal.ResultSetReturnImpl.executeUpdate(ResultSetReturnImpl.java:194)
	at org.hibernate.id.insert.GetGeneratedKeysDelegate.performInsert(GetGeneratedKeysDelegate.java:107)
	at org.hibernate.engine.jdbc.mutation.internal.MutationExecutorPostInsertSingleTable.execute(MutationExecutorPostInsertSingleTable.java:100)
	at org.hibernate.persister.entity.mutation.InsertCoordinator.doStaticInserts(InsertCoordinator.java:175)
	at org.hibernate.persister.entity.mutation.InsertCoordinator.coordinateInsert(InsertCoordinator.java:113)
	at org.hibernate.persister.entity.AbstractEntityPersister.insert(AbstractEntityPersister.java:2868)
	at org.hibernate.action.internal.EntityIdentityInsertAction.execute(EntityIdentityInsertAction.java:81)
	at org.hibernate.engine.spi.ActionQueue.execute(ActionQueue.java:670)
	at org.hibernate.engine.spi.ActionQueue.addResolvedEntityInsertAction(ActionQueue.java:291)
	at org.hibernate.engine.spi.ActionQueue.addInsertAction(ActionQueue.java:272)
	at org.hibernate.engine.spi.ActionQueue.addAction(ActionQueue.java:322)
	at org.hibernate.event.internal.AbstractSaveEventListener.addInsertAction(AbstractSaveEventListener.java:386)
	at org.hibernate.event.internal.AbstractSaveEventListener.performSaveOrReplicate(AbstractSaveEventListener.java:300)
	at org.hibernate.event.internal.AbstractSaveEventListener.performSave(AbstractSaveEventListener.java:219)
	at org.hibernate.event.internal.AbstractSaveEventListener.saveWithGeneratedId(AbstractSaveEventListener.java:134)
	at org.hibernate.event.internal.DefaultPersistEventListener.entityIsTransient(DefaultPersistEventListener.java:175)
	at org.hibernate.event.internal.DefaultPersistEventListener.persist(DefaultPersistEventListener.java:93)
	at org.hibernate.event.internal.DefaultPersistEventListener.onPersist(DefaultPersistEventListener.java:77)
	at org.hibernate.event.internal.DefaultPersistEventListener.onPersist(DefaultPersistEventListener.java:54)
	at org.hibernate.event.service.internal.EventListenerGroupImpl.fireEventOnEachListener(EventListenerGroupImpl.java:127)
	at org.hibernate.internal.SessionImpl.firePersist(SessionImpl.java:754)
	at org.hibernate.internal.SessionImpl.persist(SessionImpl.java:738)
	at java.base/jdk.internal.reflect.NativeMethodAccessorImpl.invoke0(Native Method)
	at java.base/jdk.internal.reflect.NativeMethodAccessorImpl.invoke(NativeMethodAccessorImpl.java:77)
	at java.base/jdk.internal.reflect.DelegatingMethodAccessorImpl.invoke(DelegatingMethodAccessorImpl.java:43)
	at java.base/java.lang.reflect.Method.invoke(Method.java:568)
	at org.springframework.orm.jpa.ExtendedEntityManagerCreator$ExtendedEntityManagerInvocationHandler.invoke(ExtendedEntityManagerCreator.java:364)
	at jdk.proxy4/jdk.proxy4.$Proxy145.persist(Unknown Source)
	at java.base/jdk.internal.reflect.NativeMethodAccessorImpl.invoke0(Native Method)
	at java.base/jdk.internal.reflect.NativeMethodAccessorImpl.invoke(NativeMethodAccessorImpl.java:77)
	at java.base/jdk.internal.reflect.DelegatingMethodAccessorImpl.invoke(DelegatingMethodAccessorImpl.java:43)
	at java.base/java.lang.reflect.Method.invoke(Method.java:568)
	at org.springframework.orm.jpa.SharedEntityManagerCreator$SharedEntityManagerInvocationHandler.invoke(SharedEntityManagerCreator.java:319)
	at jdk.proxy4/jdk.proxy4.$Proxy145.persist(Unknown Source)
	at org.springframework.data.jpa.repository.support.SimpleJpaRepository.save(SimpleJpaRepository.java:618)
	at java.base/jdk.internal.reflect.NativeMethodAccessorImpl.invoke0(Native Method)
	at java.base/jdk.internal.reflect.NativeMethodAccessorImpl.invoke(NativeMethodAccessorImpl.java:77)
	at java.base/jdk.internal.reflect.DelegatingMethodAccessorImpl.invoke(DelegatingMethodAccessorImpl.java:43)
	at java.base/java.lang.reflect.Method.invoke(Method.java:568)
	at org.springframework.aop.support.AopUtils.invokeJoinpointUsingReflection(AopUtils.java:354)
	at org.springframework.data.repository.core.support.RepositoryMethodInvoker$RepositoryFragmentMethodInvoker.lambda$new$0(RepositoryMethodInvoker.java:277)
	at org.springframework.data.repository.core.support.RepositoryMethodInvoker.doInvoke(RepositoryMethodInvoker.java:170)
	at org.springframework.data.repository.core.support.RepositoryMethodInvoker.invoke(RepositoryMethodInvoker.java:158)
	at org.springframework.data.repository.core.support.RepositoryComposition$RepositoryFragments.invoke(RepositoryComposition.java:516)
	at org.springframework.data.repository.core.support.RepositoryComposition.invoke(RepositoryComposition.java:285)
	at org.springframework.data.repository.core.support.RepositoryFactorySupport$ImplementationMethodExecutionInterceptor.invoke(RepositoryFactorySupport.java:628)
	at org.springframework.aop.framework.ReflectiveMethodInvocation.proceed(ReflectiveMethodInvocation.java:184)
	at org.springframework.data.repository.core.support.QueryExecutorMethodInterceptor.doInvoke(QueryExecutorMethodInterceptor.java:168)
	at org.springframework.data.repository.core.support.QueryExecutorMethodInterceptor.invoke(QueryExecutorMethodInterceptor.java:143)
	at org.springframework.aop.framework.ReflectiveMethodInvocation.proceed(ReflectiveMethodInvocation.java:184)
	at org.springframework.data.projection.DefaultMethodInvokingMethodInterceptor.invoke(DefaultMethodInvokingMethodInterceptor.java:70)
	at org.springframework.aop.framework.ReflectiveMethodInvocation.proceed(ReflectiveMethodInvocation.java:184)
	at org.springframework.transaction.interceptor.TransactionInterceptor$1.proceedWithInvocation(TransactionInterceptor.java:123)
	at org.springframework.transaction.interceptor.TransactionAspectSupport.invokeWithinTransaction(TransactionAspectSupport.java:392)
	at org.springframework.transaction.interceptor.TransactionInterceptor.invoke(TransactionInterceptor.java:119)
	at org.springframework.aop.framework.ReflectiveMethodInvocation.proceed(ReflectiveMethodInvocation.java:184)
	at org.springframework.dao.support.PersistenceExceptionTranslationInterceptor.invoke(PersistenceExceptionTranslationInterceptor.java:137)
	at org.springframework.aop.framework.ReflectiveMethodInvocation.proceed(ReflectiveMethodInvocation.java:184)
	at org.springframework.data.jpa.repository.support.CrudMethodMetadataPostProcessor$CrudMethodMetadataPopulatingMethodInterceptor.invoke(CrudMethodMetadataPostProcessor.java:164)
	at org.springframework.aop.framework.ReflectiveMethodInvocation.proceed(ReflectiveMethodInvocation.java:184)
	at org.springframework.aop.interceptor.ExposeInvocationInterceptor.invoke(ExposeInvocationInterceptor.java:97)
	at org.springframework.aop.framework.ReflectiveMethodInvocation.proceed(ReflectiveMethodInvocation.java:184)
	at org.springframework.aop.framework.JdkDynamicAopProxy.invoke(JdkDynamicAopProxy.java:223)
	at jdk.proxy4/jdk.proxy4.$Proxy166.save(Unknown Source)
	at com.pms.security.service.RefreshTokenService.createToken(RefreshTokenService.java:34)
	at com.pms.security.controller.AuthController.login(AuthController.java:71)
	at java.base/jdk.internal.reflect.NativeMethodAccessorImpl.invoke0(Native Method)
	at java.base/jdk.internal.reflect.NativeMethodAccessorImpl.invoke(NativeMethodAccessorImpl.java:77)
	at java.base/jdk.internal.reflect.DelegatingMethodAccessorImpl.invoke(DelegatingMethodAccessorImpl.java:43)
	at java.base/java.lang.reflect.Method.invoke(Method.java:568)
	at org.springframework.web.method.support.InvocableHandlerMethod.doInvoke(InvocableHandlerMethod.java:255)
	at org.springframework.web.method.support.InvocableHandlerMethod.invokeForRequest(InvocableHandlerMethod.java:188)
	at org.springframework.web.servlet.mvc.method.annotation.ServletInvocableHandlerMethod.invokeAndHandle(ServletInvocableHandlerMethod.java:118)
	at org.springframework.web.servlet.mvc.method.annotation.RequestMappingHandlerAdapter.invokeHandlerMethod(RequestMappingHandlerAdapter.java:926)
	at org.springframework.web.servlet.mvc.method.annotation.RequestMappingHandlerAdapter.handleInternal(RequestMappingHandlerAdapter.java:831)
	at org.springframework.web.servlet.mvc.method.AbstractHandlerMethodAdapter.handle(AbstractHandlerMethodAdapter.java:87)
	at org.springframework.web.servlet.DispatcherServlet.doDispatch(DispatcherServlet.java:1089)
	at org.springframework.web.servlet.DispatcherServlet.doService(DispatcherServlet.java:979)
	at org.springframework.web.servlet.FrameworkServlet.processRequest(FrameworkServlet.java:1014)
	at org.springframework.web.servlet.FrameworkServlet.doPost(FrameworkServlet.java:914)
	at jakarta.servlet.http.HttpServlet.service(HttpServlet.java:590)
	at org.springframework.web.servlet.FrameworkServlet.service(FrameworkServlet.java:885)
	at jakarta.servlet.http.HttpServlet.service(HttpServlet.java:658)
	at org.apache.catalina.core.ApplicationFilterChain.internalDoFilter(ApplicationFilterChain.java:206)
	at org.apache.catalina.core.ApplicationFilterChain.doFilter(ApplicationFilterChain.java:150)
	at org.apache.tomcat.websocket.server.WsFilter.doFilter(WsFilter.java:51)
	at org.apache.catalina.core.ApplicationFilterChain.internalDoFilter(ApplicationFilterChain.java:175)
	at org.apache.catalina.core.ApplicationFilterChain.doFilter(ApplicationFilterChain.java:150)
	at com.pms.security.util.filter.JwtAuthFilter.doFilter(JwtAuthFilter.java:62)
	at org.apache.catalina.core.ApplicationFilterChain.internalDoFilter(ApplicationFilterChain.java:175)
	at org.apache.catalina.core.ApplicationFilterChain.doFilter(ApplicationFilterChain.java:150)
	at org.springframework.web.filter.CompositeFilter$VirtualFilterChain.doFilter(CompositeFilter.java:108)
	at org.springframework.security.web.FilterChainProxy.lambda$doFilterInternal$3(FilterChainProxy.java:231)
	at org.springframework.security.web.FilterChainProxy$VirtualFilterChain.doFilter(FilterChainProxy.java:365)
	at org.springframework.security.web.access.intercept.AuthorizationFilter.doFilter(AuthorizationFilter.java:100)
	at org.springframework.security.web.FilterChainProxy$VirtualFilterChain.doFilter(FilterChainProxy.java:374)
	at org.springframework.security.web.access.ExceptionTranslationFilter.doFilter(ExceptionTranslationFilter.java:126)
	at org.springframework.security.web.access.ExceptionTranslationFilter.doFilter(ExceptionTranslationFilter.java:120)
	at org.springframework.security.web.FilterChainProxy$VirtualFilterChain.doFilter(FilterChainProxy.java:374)
	at org.springframework.security.web.authentication.AnonymousAuthenticationFilter.doFilter(AnonymousAuthenticationFilter.java:100)
	at org.springframework.security.web.FilterChainProxy$VirtualFilterChain.doFilter(FilterChainProxy.java:374)
	at org.springframework.security.web.servletapi.SecurityContextHolderAwareRequestFilter.doFilter(SecurityContextHolderAwareRequestFilter.java:179)
	at org.springframework.security.web.FilterChainProxy$VirtualFilterChain.doFilter(FilterChainProxy.java:374)
	at org.springframework.security.web.savedrequest.RequestCacheAwareFilter.doFilter(RequestCacheAwareFilter.java:63)
	at org.springframework.security.web.FilterChainProxy$VirtualFilterChain.doFilter(FilterChainProxy.java:374)
	at com.pms.security.util.filter.JwtAuthFilter.doFilter(JwtAuthFilter.java:62)
	at org.springframework.security.web.FilterChainProxy$VirtualFilterChain.doFilter(FilterChainProxy.java:374)
	at org.springframework.security.web.authentication.logout.LogoutFilter.doFilter(LogoutFilter.java:107)
	at org.springframework.security.web.authentication.logout.LogoutFilter.doFilter(LogoutFilter.java:93)
	at org.springframework.security.web.FilterChainProxy$VirtualFilterChain.doFilter(FilterChainProxy.java:374)
	at org.springframework.web.filter.CorsFilter.doFilterInternal(CorsFilter.java:91)
	at org.springframework.web.filter.OncePerRequestFilter.doFilter(OncePerRequestFilter.java:116)
	at org.springframework.security.web.FilterChainProxy$VirtualFilterChain.doFilter(FilterChainProxy.java:374)
	at org.springframework.security.web.header.HeaderWriterFilter.doHeadersAfter(HeaderWriterFilter.java:90)
	at org.springframework.security.web.header.HeaderWriterFilter.doFilterInternal(HeaderWriterFilter.java:75)
	at org.springframework.web.filter.OncePerRequestFilter.doFilter(OncePerRequestFilter.java:116)
	at org.springframework.security.web.FilterChainProxy$VirtualFilterChain.doFilter(FilterChainProxy.java:374)
	at org.springframework.security.web.context.SecurityContextHolderFilter.doFilter(SecurityContextHolderFilter.java:82)
	at org.springframework.security.web.context.SecurityContextHolderFilter.doFilter(SecurityContextHolderFilter.java:69)
	at org.springframework.security.web.FilterChainProxy$VirtualFilterChain.doFilter(FilterChainProxy.java:374)
	at org.springframework.security.web.context.request.async.WebAsyncManagerIntegrationFilter.doFilterInternal(WebAsyncManagerIntegrationFilter.java:62)
	at org.springframework.web.filter.OncePerRequestFilter.doFilter(OncePerRequestFilter.java:116)
	at org.springframework.security.web.FilterChainProxy$VirtualFilterChain.doFilter(FilterChainProxy.java:374)
	at org.springframework.security.web.session.DisableEncodeUrlFilter.doFilterInternal(DisableEncodeUrlFilter.java:42)
	at org.springframework.web.filter.OncePerRequestFilter.doFilter(OncePerRequestFilter.java:116)
	at org.springframework.security.web.FilterChainProxy$VirtualFilterChain.doFilter(FilterChainProxy.java:374)
	at org.springframework.security.web.FilterChainProxy.doFilterInternal(FilterChainProxy.java:233)
	at org.springframework.security.web.FilterChainProxy.doFilter(FilterChainProxy.java:191)
	at org.springframework.web.filter.CompositeFilter$VirtualFilterChain.doFilter(CompositeFilter.java:113)
	at org.springframework.web.servlet.handler.HandlerMappingIntrospector.lambda$createCacheFilter$3(HandlerMappingIntrospector.java:195)
	at org.springframework.web.filter.CompositeFilter$VirtualFilterChain.doFilter(CompositeFilter.java:113)
	at org.springframework.web.filter.CompositeFilter.doFilter(CompositeFilter.java:74)
	at org.springframework.security.config.annotation.web.configuration.WebMvcSecurityConfiguration$CompositeFilterChainProxy.doFilter(WebMvcSecurityConfiguration.java:230)
	at org.springframework.web.filter.DelegatingFilterProxy.invokeDelegate(DelegatingFilterProxy.java:352)
	at org.springframework.web.filter.DelegatingFilterProxy.doFilter(DelegatingFilterProxy.java:268)
	at org.apache.catalina.core.ApplicationFilterChain.internalDoFilter(ApplicationFilterChain.java:175)
	at org.apache.catalina.core.ApplicationFilterChain.doFilter(ApplicationFilterChain.java:150)
	at org.springframework.web.filter.RequestContextFilter.doFilterInternal(RequestContextFilter.java:100)
	at org.springframework.web.filter.OncePerRequestFilter.doFilter(OncePerRequestFilter.java:116)
	at org.apache.catalina.core.ApplicationFilterChain.internalDoFilter(ApplicationFilterChain.java:175)
	at org.apache.catalina.core.ApplicationFilterChain.doFilter(ApplicationFilterChain.java:150)
	at org.springframework.web.filter.FormContentFilter.doFilterInternal(FormContentFilter.java:93)
	at org.springframework.web.filter.OncePerRequestFilter.doFilter(OncePerRequestFilter.java:116)
	at org.apache.catalina.core.ApplicationFilterChain.internalDoFilter(ApplicationFilterChain.java:175)
	at org.apache.catalina.core.ApplicationFilterChain.doFilter(ApplicationFilterChain.java:150)
	at org.springframework.web.filter.CharacterEncodingFilter.doFilterInternal(CharacterEncodingFilter.java:201)
	at org.springframework.web.filter.OncePerRequestFilter.doFilter(OncePerRequestFilter.java:116)
	at org.apache.catalina.core.ApplicationFilterChain.internalDoFilter(ApplicationFilterChain.java:175)
	at org.apache.catalina.core.ApplicationFilterChain.doFilter(ApplicationFilterChain.java:150)
	at org.apache.catalina.core.StandardWrapperValve.invoke(StandardWrapperValve.java:167)
	at org.apache.catalina.core.StandardContextValve.invoke(StandardContextValve.java:90)
	at org.apache.catalina.authenticator.AuthenticatorBase.invoke(AuthenticatorBase.java:482)
	at org.apache.catalina.core.StandardHostValve.invoke(StandardHostValve.java:115)
	at org.apache.catalina.valves.ErrorReportValve.invoke(ErrorReportValve.java:93)
	at org.apache.catalina.core.StandardEngineValve.invoke(StandardEngineValve.java:74)
	at org.apache.catalina.connector.CoyoteAdapter.service(CoyoteAdapter.java:344)
	at org.apache.coyote.http11.Http11Processor.service(Http11Processor.java:391)
	at org.apache.coyote.AbstractProcessorLight.process(AbstractProcessorLight.java:63)
	at org.apache.coyote.AbstractProtocol$ConnectionHandler.process(AbstractProtocol.java:896)
	at org.apache.tomcat.util.net.NioEndpoint$SocketProcessor.doRun(NioEndpoint.java:1736)
	at org.apache.tomcat.util.net.SocketProcessorBase.run(SocketProcessorBase.java:52)
	at org.apache.tomcat.util.threads.ThreadPoolExecutor.runWorker(ThreadPoolExecutor.java:1191)
	at org.apache.tomcat.util.threads.ThreadPoolExecutor$Worker.run(ThreadPoolExecutor.java:659)
	at org.apache.tomcat.util.threads.TaskThread$WrappingRunnable.run(TaskThread.java:63)
	at java.base/java.lang.Thread.run(Thread.java:842)
2026-03-31 11:00:41 [http-nio-0.0.0.0-9090-exec-10] DEBUG org.hibernate.SQL - 
    select
        u1_0.id,
        u1_0.email,
        u1_0.enabled,
        u1_0.password,
        u1_0.username 
    from
        PMS_db.users u1_0 
    where
        u1_0.username=?
2026-03-31 11:00:41 [http-nio-0.0.0.0-9090-exec-10] DEBUG org.hibernate.SQL - 
    select
        r1_0.user_id,
        r1_1.id,
        r1_1.name 
    from
        PMS_db.user_roles r1_0 
    join
        PMS_db.roles r1_1 
            on r1_1.id=r1_0.role_id 
    where
        r1_0.user_id=?
2026-03-31 11:00:50 [http-nio-0.0.0.0-9090-exec-9] DEBUG org.hibernate.SQL - 
    select
        u1_0.id,
        u1_0.email,
        u1_0.enabled,
        u1_0.password,
        u1_0.username 
    from
        PMS_db.users u1_0 
    where
        u1_0.username=?
2026-03-31 11:00:50 [http-nio-0.0.0.0-9090-exec-9] DEBUG org.hibernate.SQL - 
    select
        r1_0.id,
        r1_0.name 
    from
        PMS_db.roles r1_0 
    where
        r1_0.name=?
2026-03-31 11:00:50 [http-nio-0.0.0.0-9090-exec-9] DEBUG org.hibernate.SQL - 
    insert 
    into
        PMS_db.users
        (email, enabled, password, username) 
    values
        (?, ?, ?, ?)
2026-03-31 11:00:50 [http-nio-0.0.0.0-9090-exec-9] DEBUG org.hibernate.SQL - 
    insert 
    into
        PMS_db.user_roles
        (user_id, role_id) 
    values
        (?, ?)
2026-03-31 11:01:48 [http-nio-0.0.0.0-9090-exec-3] DEBUG org.hibernate.SQL - 
    select
        u1_0.id,
        u1_0.email,
        u1_0.enabled,
        u1_0.password,
        u1_0.username 
    from
        PMS_db.users u1_0 
    where
        u1_0.username=?
2026-03-31 11:01:48 [http-nio-0.0.0.0-9090-exec-3] DEBUG org.hibernate.SQL - 
    select
        r1_0.user_id,
        r1_1.id,
        r1_1.name 
    from
        PMS_db.user_roles r1_0 
    join
        PMS_db.roles r1_1 
            on r1_1.id=r1_0.role_id 
    where
        r1_0.user_id=?
2026-03-31 11:01:48 [http-nio-0.0.0.0-9090-exec-3] DEBUG org.hibernate.SQL - 
    select
        u1_0.id,
        u1_0.email,
        u1_0.enabled,
        u1_0.password,
        u1_0.username 
    from
        PMS_db.users u1_0 
    where
        u1_0.username=?
2026-03-31 11:01:48 [http-nio-0.0.0.0-9090-exec-3] DEBUG org.hibernate.SQL - 
    insert 
    into
        PMS_db.refresh_token
        (expiry_date, token, user_id) 
    values
        (?, ?, ?)
2026-03-31 11:01:48 [http-nio-0.0.0.0-9090-exec-3] WARN  o.h.e.jdbc.spi.SqlExceptionHelper - SQL Error: 0, SQLState: 42P01
2026-03-31 11:01:48 [http-nio-0.0.0.0-9090-exec-3] ERROR o.h.e.jdbc.spi.SqlExceptionHelper - ERROR: relation "pms_db.refresh_token" does not exist
  Position: 13
2026-03-31 11:01:48 [http-nio-0.0.0.0-9090-exec-3] ERROR o.a.c.c.C.[.[.[.[dispatcherServlet] - Servlet.service() for servlet [dispatcherServlet] in context with path [] threw exception [Request processing failed: org.springframework.dao.InvalidDataAccessResourceUsageException: could not execute statement [ERROR: relation "pms_db.refresh_token" does not exist
  Position: 13] [insert into PMS_db.refresh_token (expiry_date,token,user_id) values (?,?,?)]; SQL [insert into PMS_db.refresh_token (expiry_date,token,user_id) values (?,?,?)]] with root cause
org.postgresql.util.PSQLException: ERROR: relation "pms_db.refresh_token" does not exist
  Position: 13
	at org.postgresql.core.v3.QueryExecutorImpl.receiveErrorResponse(QueryExecutorImpl.java:2725)
	at org.postgresql.core.v3.QueryExecutorImpl.processResults(QueryExecutorImpl.java:2412)
	at org.postgresql.core.v3.QueryExecutorImpl.execute(QueryExecutorImpl.java:371)
	at org.postgresql.jdbc.PgStatement.executeInternal(PgStatement.java:502)
	at org.postgresql.jdbc.PgStatement.execute(PgStatement.java:419)
	at org.postgresql.jdbc.PgPreparedStatement.executeWithFlags(PgPreparedStatement.java:194)
	at org.postgresql.jdbc.PgPreparedStatement.executeUpdate(PgPreparedStatement.java:155)
	at com.zaxxer.hikari.pool.ProxyPreparedStatement.executeUpdate(ProxyPreparedStatement.java:61)
	at com.zaxxer.hikari.pool.HikariProxyPreparedStatement.executeUpdate(HikariProxyPreparedStatement.java)
	at org.hibernate.engine.jdbc.internal.ResultSetReturnImpl.executeUpdate(ResultSetReturnImpl.java:194)
	at org.hibernate.id.insert.GetGeneratedKeysDelegate.performInsert(GetGeneratedKeysDelegate.java:107)
	at org.hibernate.engine.jdbc.mutation.internal.MutationExecutorPostInsertSingleTable.execute(MutationExecutorPostInsertSingleTable.java:100)
	at org.hibernate.persister.entity.mutation.InsertCoordinator.doStaticInserts(InsertCoordinator.java:175)
	at org.hibernate.persister.entity.mutation.InsertCoordinator.coordinateInsert(InsertCoordinator.java:113)
	at org.hibernate.persister.entity.AbstractEntityPersister.insert(AbstractEntityPersister.java:2868)
	at org.hibernate.action.internal.EntityIdentityInsertAction.execute(EntityIdentityInsertAction.java:81)
	at org.hibernate.engine.spi.ActionQueue.execute(ActionQueue.java:670)
	at org.hibernate.engine.spi.ActionQueue.addResolvedEntityInsertAction(ActionQueue.java:291)
	at org.hibernate.engine.spi.ActionQueue.addInsertAction(ActionQueue.java:272)
	at org.hibernate.engine.spi.ActionQueue.addAction(ActionQueue.java:322)
	at org.hibernate.event.internal.AbstractSaveEventListener.addInsertAction(AbstractSaveEventListener.java:386)
	at org.hibernate.event.internal.AbstractSaveEventListener.performSaveOrReplicate(AbstractSaveEventListener.java:300)
	at org.hibernate.event.internal.AbstractSaveEventListener.performSave(AbstractSaveEventListener.java:219)
	at org.hibernate.event.internal.AbstractSaveEventListener.saveWithGeneratedId(AbstractSaveEventListener.java:134)
	at org.hibernate.event.internal.DefaultPersistEventListener.entityIsTransient(DefaultPersistEventListener.java:175)
	at org.hibernate.event.internal.DefaultPersistEventListener.persist(DefaultPersistEventListener.java:93)
	at org.hibernate.event.internal.DefaultPersistEventListener.onPersist(DefaultPersistEventListener.java:77)
	at org.hibernate.event.internal.DefaultPersistEventListener.onPersist(DefaultPersistEventListener.java:54)
	at org.hibernate.event.service.internal.EventListenerGroupImpl.fireEventOnEachListener(EventListenerGroupImpl.java:127)
	at org.hibernate.internal.SessionImpl.firePersist(SessionImpl.java:754)
	at org.hibernate.internal.SessionImpl.persist(SessionImpl.java:738)
	at java.base/jdk.internal.reflect.NativeMethodAccessorImpl.invoke0(Native Method)
	at java.base/jdk.internal.reflect.NativeMethodAccessorImpl.invoke(NativeMethodAccessorImpl.java:77)
	at java.base/jdk.internal.reflect.DelegatingMethodAccessorImpl.invoke(DelegatingMethodAccessorImpl.java:43)
	at java.base/java.lang.reflect.Method.invoke(Method.java:568)
	at org.springframework.orm.jpa.ExtendedEntityManagerCreator$ExtendedEntityManagerInvocationHandler.invoke(ExtendedEntityManagerCreator.java:364)
	at jdk.proxy4/jdk.proxy4.$Proxy145.persist(Unknown Source)
	at java.base/jdk.internal.reflect.NativeMethodAccessorImpl.invoke0(Native Method)
	at java.base/jdk.internal.reflect.NativeMethodAccessorImpl.invoke(NativeMethodAccessorImpl.java:77)
	at java.base/jdk.internal.reflect.DelegatingMethodAccessorImpl.invoke(DelegatingMethodAccessorImpl.java:43)
	at java.base/java.lang.reflect.Method.invoke(Method.java:568)
	at org.springframework.orm.jpa.SharedEntityManagerCreator$SharedEntityManagerInvocationHandler.invoke(SharedEntityManagerCreator.java:319)
	at jdk.proxy4/jdk.proxy4.$Proxy145.persist(Unknown Source)
	at org.springframework.data.jpa.repository.support.SimpleJpaRepository.save(SimpleJpaRepository.java:618)
	at java.base/jdk.internal.reflect.NativeMethodAccessorImpl.invoke0(Native Method)
	at java.base/jdk.internal.reflect.NativeMethodAccessorImpl.invoke(NativeMethodAccessorImpl.java:77)
	at java.base/jdk.internal.reflect.DelegatingMethodAccessorImpl.invoke(DelegatingMethodAccessorImpl.java:43)
	at java.base/java.lang.reflect.Method.invoke(Method.java:568)
	at org.springframework.aop.support.AopUtils.invokeJoinpointUsingReflection(AopUtils.java:354)
	at org.springframework.data.repository.core.support.RepositoryMethodInvoker$RepositoryFragmentMethodInvoker.lambda$new$0(RepositoryMethodInvoker.java:277)
	at org.springframework.data.repository.core.support.RepositoryMethodInvoker.doInvoke(RepositoryMethodInvoker.java:170)
	at org.springframework.data.repository.core.support.RepositoryMethodInvoker.invoke(RepositoryMethodInvoker.java:158)
	at org.springframework.data.repository.core.support.RepositoryComposition$RepositoryFragments.invoke(RepositoryComposition.java:516)
	at org.springframework.data.repository.core.support.RepositoryComposition.invoke(RepositoryComposition.java:285)
	at org.springframework.data.repository.core.support.RepositoryFactorySupport$ImplementationMethodExecutionInterceptor.invoke(RepositoryFactorySupport.java:628)
	at org.springframework.aop.framework.ReflectiveMethodInvocation.proceed(ReflectiveMethodInvocation.java:184)
	at org.springframework.data.repository.core.support.QueryExecutorMethodInterceptor.doInvoke(QueryExecutorMethodInterceptor.java:168)
	at org.springframework.data.repository.core.support.QueryExecutorMethodInterceptor.invoke(QueryExecutorMethodInterceptor.java:143)
	at org.springframework.aop.framework.ReflectiveMethodInvocation.proceed(ReflectiveMethodInvocation.java:184)
	at org.springframework.data.projection.DefaultMethodInvokingMethodInterceptor.invoke(DefaultMethodInvokingMethodInterceptor.java:70)
	at org.springframework.aop.framework.ReflectiveMethodInvocation.proceed(ReflectiveMethodInvocation.java:184)
	at org.springframework.transaction.interceptor.TransactionInterceptor$1.proceedWithInvocation(TransactionInterceptor.java:123)
	at org.springframework.transaction.interceptor.TransactionAspectSupport.invokeWithinTransaction(TransactionAspectSupport.java:392)
	at org.springframework.transaction.interceptor.TransactionInterceptor.invoke(TransactionInterceptor.java:119)
	at org.springframework.aop.framework.ReflectiveMethodInvocation.proceed(ReflectiveMethodInvocation.java:184)
	at org.springframework.dao.support.PersistenceExceptionTranslationInterceptor.invoke(PersistenceExceptionTranslationInterceptor.java:137)
	at org.springframework.aop.framework.ReflectiveMethodInvocation.proceed(ReflectiveMethodInvocation.java:184)
	at org.springframework.data.jpa.repository.support.CrudMethodMetadataPostProcessor$CrudMethodMetadataPopulatingMethodInterceptor.invoke(CrudMethodMetadataPostProcessor.java:164)
	at org.springframework.aop.framework.ReflectiveMethodInvocation.proceed(ReflectiveMethodInvocation.java:184)
	at org.springframework.aop.interceptor.ExposeInvocationInterceptor.invoke(ExposeInvocationInterceptor.java:97)
	at org.springframework.aop.framework.ReflectiveMethodInvocation.proceed(ReflectiveMethodInvocation.java:184)
	at org.springframework.aop.framework.JdkDynamicAopProxy.invoke(JdkDynamicAopProxy.java:223)
	at jdk.proxy4/jdk.proxy4.$Proxy166.save(Unknown Source)
	at com.pms.security.service.RefreshTokenService.createToken(RefreshTokenService.java:34)
	at com.pms.security.controller.AuthController.login(AuthController.java:71)
	at java.base/jdk.internal.reflect.NativeMethodAccessorImpl.invoke0(Native Method)
	at java.base/jdk.internal.reflect.NativeMethodAccessorImpl.invoke(NativeMethodAccessorImpl.java:77)
	at java.base/jdk.internal.reflect.DelegatingMethodAccessorImpl.invoke(DelegatingMethodAccessorImpl.java:43)
	at java.base/java.lang.reflect.Method.invoke(Method.java:568)
	at org.springframework.web.method.support.InvocableHandlerMethod.doInvoke(InvocableHandlerMethod.java:255)
	at org.springframework.web.method.support.InvocableHandlerMethod.invokeForRequest(InvocableHandlerMethod.java:188)
	at org.springframework.web.servlet.mvc.method.annotation.ServletInvocableHandlerMethod.invokeAndHandle(ServletInvocableHandlerMethod.java:118)
	at org.springframework.web.servlet.mvc.method.annotation.RequestMappingHandlerAdapter.invokeHandlerMethod(RequestMappingHandlerAdapter.java:926)
	at org.springframework.web.servlet.mvc.method.annotation.RequestMappingHandlerAdapter.handleInternal(RequestMappingHandlerAdapter.java:831)
	at org.springframework.web.servlet.mvc.method.AbstractHandlerMethodAdapter.handle(AbstractHandlerMethodAdapter.java:87)
	at org.springframework.web.servlet.DispatcherServlet.doDispatch(DispatcherServlet.java:1089)
	at org.springframework.web.servlet.DispatcherServlet.doService(DispatcherServlet.java:979)
	at org.springframework.web.servlet.FrameworkServlet.processRequest(FrameworkServlet.java:1014)
	at org.springframework.web.servlet.FrameworkServlet.doPost(FrameworkServlet.java:914)
	at jakarta.servlet.http.HttpServlet.service(HttpServlet.java:590)
	at org.springframework.web.servlet.FrameworkServlet.service(FrameworkServlet.java:885)
	at jakarta.servlet.http.HttpServlet.service(HttpServlet.java:658)
	at org.apache.catalina.core.ApplicationFilterChain.internalDoFilter(ApplicationFilterChain.java:206)
	at org.apache.catalina.core.ApplicationFilterChain.doFilter(ApplicationFilterChain.java:150)
	at org.apache.tomcat.websocket.server.WsFilter.doFilter(WsFilter.java:51)
	at org.apache.catalina.core.ApplicationFilterChain.internalDoFilter(ApplicationFilterChain.java:175)
	at org.apache.catalina.core.ApplicationFilterChain.doFilter(ApplicationFilterChain.java:150)
	at com.pms.security.util.filter.JwtAuthFilter.doFilter(JwtAuthFilter.java:62)
	at org.apache.catalina.core.ApplicationFilterChain.internalDoFilter(ApplicationFilterChain.java:175)
	at org.apache.catalina.core.ApplicationFilterChain.doFilter(ApplicationFilterChain.java:150)
	at org.springframework.web.filter.CompositeFilter$VirtualFilterChain.doFilter(CompositeFilter.java:108)
	at org.springframework.security.web.FilterChainProxy.lambda$doFilterInternal$3(FilterChainProxy.java:231)
	at org.springframework.security.web.FilterChainProxy$VirtualFilterChain.doFilter(FilterChainProxy.java:365)
	at org.springframework.security.web.access.intercept.AuthorizationFilter.doFilter(AuthorizationFilter.java:100)
	at org.springframework.security.web.FilterChainProxy$VirtualFilterChain.doFilter(FilterChainProxy.java:374)
	at org.springframework.security.web.access.ExceptionTranslationFilter.doFilter(ExceptionTranslationFilter.java:126)
	at org.springframework.security.web.access.ExceptionTranslationFilter.doFilter(ExceptionTranslationFilter.java:120)
	at org.springframework.security.web.FilterChainProxy$VirtualFilterChain.doFilter(FilterChainProxy.java:374)
	at org.springframework.security.web.authentication.AnonymousAuthenticationFilter.doFilter(AnonymousAuthenticationFilter.java:100)
	at org.springframework.security.web.FilterChainProxy$VirtualFilterChain.doFilter(FilterChainProxy.java:374)
	at org.springframework.security.web.servletapi.SecurityContextHolderAwareRequestFilter.doFilter(SecurityContextHolderAwareRequestFilter.java:179)
	at org.springframework.security.web.FilterChainProxy$VirtualFilterChain.doFilter(FilterChainProxy.java:374)
	at org.springframework.security.web.savedrequest.RequestCacheAwareFilter.doFilter(RequestCacheAwareFilter.java:63)
	at org.springframework.security.web.FilterChainProxy$VirtualFilterChain.doFilter(FilterChainProxy.java:374)
	at com.pms.security.util.filter.JwtAuthFilter.doFilter(JwtAuthFilter.java:62)
	at org.springframework.security.web.FilterChainProxy$VirtualFilterChain.doFilter(FilterChainProxy.java:374)
	at org.springframework.security.web.authentication.logout.LogoutFilter.doFilter(LogoutFilter.java:107)
	at org.springframework.security.web.authentication.logout.LogoutFilter.doFilter(LogoutFilter.java:93)
	at org.springframework.security.web.FilterChainProxy$VirtualFilterChain.doFilter(FilterChainProxy.java:374)
	at org.springframework.web.filter.CorsFilter.doFilterInternal(CorsFilter.java:91)
	at org.springframework.web.filter.OncePerRequestFilter.doFilter(OncePerRequestFilter.java:116)
	at org.springframework.security.web.FilterChainProxy$VirtualFilterChain.doFilter(FilterChainProxy.java:374)
	at org.springframework.security.web.header.HeaderWriterFilter.doHeadersAfter(HeaderWriterFilter.java:90)
	at org.springframework.security.web.header.HeaderWriterFilter.doFilterInternal(HeaderWriterFilter.java:75)
	at org.springframework.web.filter.OncePerRequestFilter.doFilter(OncePerRequestFilter.java:116)
	at org.springframework.security.web.FilterChainProxy$VirtualFilterChain.doFilter(FilterChainProxy.java:374)
	at org.springframework.security.web.context.SecurityContextHolderFilter.doFilter(SecurityContextHolderFilter.java:82)
	at org.springframework.security.web.context.SecurityContextHolderFilter.doFilter(SecurityContextHolderFilter.java:69)
	at org.springframework.security.web.FilterChainProxy$VirtualFilterChain.doFilter(FilterChainProxy.java:374)
	at org.springframework.security.web.context.request.async.WebAsyncManagerIntegrationFilter.doFilterInternal(WebAsyncManagerIntegrationFilter.java:62)
	at org.springframework.web.filter.OncePerRequestFilter.doFilter(OncePerRequestFilter.java:116)
	at org.springframework.security.web.FilterChainProxy$VirtualFilterChain.doFilter(FilterChainProxy.java:374)
	at org.springframework.security.web.session.DisableEncodeUrlFilter.doFilterInternal(DisableEncodeUrlFilter.java:42)
	at org.springframework.web.filter.OncePerRequestFilter.doFilter(OncePerRequestFilter.java:116)
	at org.springframework.security.web.FilterChainProxy$VirtualFilterChain.doFilter(FilterChainProxy.java:374)
	at org.springframework.security.web.FilterChainProxy.doFilterInternal(FilterChainProxy.java:233)
	at org.springframework.security.web.FilterChainProxy.doFilter(FilterChainProxy.java:191)
	at org.springframework.web.filter.CompositeFilter$VirtualFilterChain.doFilter(CompositeFilter.java:113)
	at org.springframework.web.servlet.handler.HandlerMappingIntrospector.lambda$createCacheFilter$3(HandlerMappingIntrospector.java:195)
	at org.springframework.web.filter.CompositeFilter$VirtualFilterChain.doFilter(CompositeFilter.java:113)
	at org.springframework.web.filter.CompositeFilter.doFilter(CompositeFilter.java:74)
	at org.springframework.security.config.annotation.web.configuration.WebMvcSecurityConfiguration$CompositeFilterChainProxy.doFilter(WebMvcSecurityConfiguration.java:230)
	at org.springframework.web.filter.DelegatingFilterProxy.invokeDelegate(DelegatingFilterProxy.java:352)
	at org.springframework.web.filter.DelegatingFilterProxy.doFilter(DelegatingFilterProxy.java:268)
	at org.apache.catalina.core.ApplicationFilterChain.internalDoFilter(ApplicationFilterChain.java:175)
	at org.apache.catalina.core.ApplicationFilterChain.doFilter(ApplicationFilterChain.java:150)
	at org.springframework.web.filter.RequestContextFilter.doFilterInternal(RequestContextFilter.java:100)
	at org.springframework.web.filter.OncePerRequestFilter.doFilter(OncePerRequestFilter.java:116)
	at org.apache.catalina.core.ApplicationFilterChain.internalDoFilter(ApplicationFilterChain.java:175)
	at org.apache.catalina.core.ApplicationFilterChain.doFilter(ApplicationFilterChain.java:150)
	at org.springframework.web.filter.FormContentFilter.doFilterInternal(FormContentFilter.java:93)
	at org.springframework.web.filter.OncePerRequestFilter.doFilter(OncePerRequestFilter.java:116)
	at org.apache.catalina.core.ApplicationFilterChain.internalDoFilter(ApplicationFilterChain.java:175)
	at org.apache.catalina.core.ApplicationFilterChain.doFilter(ApplicationFilterChain.java:150)
	at org.springframework.web.filter.CharacterEncodingFilter.doFilterInternal(CharacterEncodingFilter.java:201)
	at org.springframework.web.filter.OncePerRequestFilter.doFilter(OncePerRequestFilter.java:116)
	at org.apache.catalina.core.ApplicationFilterChain.internalDoFilter(ApplicationFilterChain.java:175)
	at org.apache.catalina.core.ApplicationFilterChain.doFilter(ApplicationFilterChain.java:150)
	at org.apache.catalina.core.StandardWrapperValve.invoke(StandardWrapperValve.java:167)
	at org.apache.catalina.core.StandardContextValve.invoke(StandardContextValve.java:90)
	at org.apache.catalina.authenticator.AuthenticatorBase.invoke(AuthenticatorBase.java:482)
	at org.apache.catalina.core.StandardHostValve.invoke(StandardHostValve.java:115)
	at org.apache.catalina.valves.ErrorReportValve.invoke(ErrorReportValve.java:93)
	at org.apache.catalina.core.StandardEngineValve.invoke(StandardEngineValve.java:74)
	at org.apache.catalina.connector.CoyoteAdapter.service(CoyoteAdapter.java:344)
	at org.apache.coyote.http11.Http11Processor.service(Http11Processor.java:391)
	at org.apache.coyote.AbstractProcessorLight.process(AbstractProcessorLight.java:63)
	at org.apache.coyote.AbstractProtocol$ConnectionHandler.process(AbstractProtocol.java:896)
	at org.apache.tomcat.util.net.NioEndpoint$SocketProcessor.doRun(NioEndpoint.java:1736)
	at org.apache.tomcat.util.net.SocketProcessorBase.run(SocketProcessorBase.java:52)
	at org.apache.tomcat.util.threads.ThreadPoolExecutor.runWorker(ThreadPoolExecutor.java:1191)
	at org.apache.tomcat.util.threads.ThreadPoolExecutor$Worker.run(ThreadPoolExecutor.java:659)
	at org.apache.tomcat.util.threads.TaskThread$WrappingRunnable.run(TaskThread.java:63)
	at java.base/java.lang.Thread.run(Thread.java:842)
2026-03-31 11:02:26 [http-nio-0.0.0.0-9090-exec-1] DEBUG org.hibernate.SQL - 
    select
        u1_0.id,
        u1_0.email,
        u1_0.enabled,
        u1_0.password,
        u1_0.username 
    from
        PMS_db.users u1_0 
    where
        u1_0.username=?
2026-03-31 11:02:26 [http-nio-0.0.0.0-9090-exec-1] DEBUG org.hibernate.SQL - 
    select
        r1_0.user_id,
        r1_1.id,
        r1_1.name 
    from
        PMS_db.user_roles r1_0 
    join
        PMS_db.roles r1_1 
            on r1_1.id=r1_0.role_id 
    where
        r1_0.user_id=?
2026-03-31 11:02:26 [http-nio-0.0.0.0-9090-exec-1] DEBUG org.hibernate.SQL - 
    select
        u1_0.id,
        u1_0.email,
        u1_0.enabled,
        u1_0.password,
        u1_0.username 
    from
        PMS_db.users u1_0 
    where
        u1_0.username=?
2026-03-31 11:02:26 [http-nio-0.0.0.0-9090-exec-1] DEBUG org.hibernate.SQL - 
    insert 
    into
        PMS_db.refresh_token
        (expiry_date, token, user_id) 
    values
        (?, ?, ?)
2026-03-31 11:02:26 [http-nio-0.0.0.0-9090-exec-1] WARN  o.h.e.jdbc.spi.SqlExceptionHelper - SQL Error: 0, SQLState: 42P01
2026-03-31 11:02:26 [http-nio-0.0.0.0-9090-exec-1] ERROR o.h.e.jdbc.spi.SqlExceptionHelper - ERROR: relation "pms_db.refresh_token" does not exist
  Position: 13
2026-03-31 11:02:26 [http-nio-0.0.0.0-9090-exec-1] ERROR o.a.c.c.C.[.[.[.[dispatcherServlet] - Servlet.service() for servlet [dispatcherServlet] in context with path [] threw exception [Request processing failed: org.springframework.dao.InvalidDataAccessResourceUsageException: could not execute statement [ERROR: relation "pms_db.refresh_token" does not exist
  Position: 13] [insert into PMS_db.refresh_token (expiry_date,token,user_id) values (?,?,?)]; SQL [insert into PMS_db.refresh_token (expiry_date,token,user_id) values (?,?,?)]] with root cause
org.postgresql.util.PSQLException: ERROR: relation "pms_db.refresh_token" does not exist
  Position: 13
	at org.postgresql.core.v3.QueryExecutorImpl.receiveErrorResponse(QueryExecutorImpl.java:2725)
	at org.postgresql.core.v3.QueryExecutorImpl.processResults(QueryExecutorImpl.java:2412)
	at org.postgresql.core.v3.QueryExecutorImpl.execute(QueryExecutorImpl.java:371)
	at org.postgresql.jdbc.PgStatement.executeInternal(PgStatement.java:502)
	at org.postgresql.jdbc.PgStatement.execute(PgStatement.java:419)
	at org.postgresql.jdbc.PgPreparedStatement.executeWithFlags(PgPreparedStatement.java:194)
	at org.postgresql.jdbc.PgPreparedStatement.executeUpdate(PgPreparedStatement.java:155)
	at com.zaxxer.hikari.pool.ProxyPreparedStatement.executeUpdate(ProxyPreparedStatement.java:61)
	at com.zaxxer.hikari.pool.HikariProxyPreparedStatement.executeUpdate(HikariProxyPreparedStatement.java)
	at org.hibernate.engine.jdbc.internal.ResultSetReturnImpl.executeUpdate(ResultSetReturnImpl.java:194)
	at org.hibernate.id.insert.GetGeneratedKeysDelegate.performInsert(GetGeneratedKeysDelegate.java:107)
	at org.hibernate.engine.jdbc.mutation.internal.MutationExecutorPostInsertSingleTable.execute(MutationExecutorPostInsertSingleTable.java:100)
	at org.hibernate.persister.entity.mutation.InsertCoordinator.doStaticInserts(InsertCoordinator.java:175)
	at org.hibernate.persister.entity.mutation.InsertCoordinator.coordinateInsert(InsertCoordinator.java:113)
	at org.hibernate.persister.entity.AbstractEntityPersister.insert(AbstractEntityPersister.java:2868)
	at org.hibernate.action.internal.EntityIdentityInsertAction.execute(EntityIdentityInsertAction.java:81)
	at org.hibernate.engine.spi.ActionQueue.execute(ActionQueue.java:670)
	at org.hibernate.engine.spi.ActionQueue.addResolvedEntityInsertAction(ActionQueue.java:291)
	at org.hibernate.engine.spi.ActionQueue.addInsertAction(ActionQueue.java:272)
	at org.hibernate.engine.spi.ActionQueue.addAction(ActionQueue.java:322)
	at org.hibernate.event.internal.AbstractSaveEventListener.addInsertAction(AbstractSaveEventListener.java:386)
	at org.hibernate.event.internal.AbstractSaveEventListener.performSaveOrReplicate(AbstractSaveEventListener.java:300)
	at org.hibernate.event.internal.AbstractSaveEventListener.performSave(AbstractSaveEventListener.java:219)
	at org.hibernate.event.internal.AbstractSaveEventListener.saveWithGeneratedId(AbstractSaveEventListener.java:134)
	at org.hibernate.event.internal.DefaultPersistEventListener.entityIsTransient(DefaultPersistEventListener.java:175)
	at org.hibernate.event.internal.DefaultPersistEventListener.persist(DefaultPersistEventListener.java:93)
	at org.hibernate.event.internal.DefaultPersistEventListener.onPersist(DefaultPersistEventListener.java:77)
	at org.hibernate.event.internal.DefaultPersistEventListener.onPersist(DefaultPersistEventListener.java:54)
	at org.hibernate.event.service.internal.EventListenerGroupImpl.fireEventOnEachListener(EventListenerGroupImpl.java:127)
	at org.hibernate.internal.SessionImpl.firePersist(SessionImpl.java:754)
	at org.hibernate.internal.SessionImpl.persist(SessionImpl.java:738)
	at java.base/jdk.internal.reflect.NativeMethodAccessorImpl.invoke0(Native Method)
	at java.base/jdk.internal.reflect.NativeMethodAccessorImpl.invoke(NativeMethodAccessorImpl.java:77)
	at java.base/jdk.internal.reflect.DelegatingMethodAccessorImpl.invoke(DelegatingMethodAccessorImpl.java:43)
	at java.base/java.lang.reflect.Method.invoke(Method.java:568)
	at org.springframework.orm.jpa.ExtendedEntityManagerCreator$ExtendedEntityManagerInvocationHandler.invoke(ExtendedEntityManagerCreator.java:364)
	at jdk.proxy4/jdk.proxy4.$Proxy145.persist(Unknown Source)
	at java.base/jdk.internal.reflect.NativeMethodAccessorImpl.invoke0(Native Method)
	at java.base/jdk.internal.reflect.NativeMethodAccessorImpl.invoke(NativeMethodAccessorImpl.java:77)
	at java.base/jdk.internal.reflect.DelegatingMethodAccessorImpl.invoke(DelegatingMethodAccessorImpl.java:43)
	at java.base/java.lang.reflect.Method.invoke(Method.java:568)
	at org.springframework.orm.jpa.SharedEntityManagerCreator$SharedEntityManagerInvocationHandler.invoke(SharedEntityManagerCreator.java:319)
	at jdk.proxy4/jdk.proxy4.$Proxy145.persist(Unknown Source)
	at org.springframework.data.jpa.repository.support.SimpleJpaRepository.save(SimpleJpaRepository.java:618)
	at java.base/jdk.internal.reflect.NativeMethodAccessorImpl.invoke0(Native Method)
	at java.base/jdk.internal.reflect.NativeMethodAccessorImpl.invoke(NativeMethodAccessorImpl.java:77)
	at java.base/jdk.internal.reflect.DelegatingMethodAccessorImpl.invoke(DelegatingMethodAccessorImpl.java:43)
	at java.base/java.lang.reflect.Method.invoke(Method.java:568)
	at org.springframework.aop.support.AopUtils.invokeJoinpointUsingReflection(AopUtils.java:354)
	at org.springframework.data.repository.core.support.RepositoryMethodInvoker$RepositoryFragmentMethodInvoker.lambda$new$0(RepositoryMethodInvoker.java:277)
	at org.springframework.data.repository.core.support.RepositoryMethodInvoker.doInvoke(RepositoryMethodInvoker.java:170)
	at org.springframework.data.repository.core.support.RepositoryMethodInvoker.invoke(RepositoryMethodInvoker.java:158)
	at org.springframework.data.repository.core.support.RepositoryComposition$RepositoryFragments.invoke(RepositoryComposition.java:516)
	at org.springframework.data.repository.core.support.RepositoryComposition.invoke(RepositoryComposition.java:285)
	at org.springframework.data.repository.core.support.RepositoryFactorySupport$ImplementationMethodExecutionInterceptor.invoke(RepositoryFactorySupport.java:628)
	at org.springframework.aop.framework.ReflectiveMethodInvocation.proceed(ReflectiveMethodInvocation.java:184)
	at org.springframework.data.repository.core.support.QueryExecutorMethodInterceptor.doInvoke(QueryExecutorMethodInterceptor.java:168)
	at org.springframework.data.repository.core.support.QueryExecutorMethodInterceptor.invoke(QueryExecutorMethodInterceptor.java:143)
	at org.springframework.aop.framework.ReflectiveMethodInvocation.proceed(ReflectiveMethodInvocation.java:184)
	at org.springframework.data.projection.DefaultMethodInvokingMethodInterceptor.invoke(DefaultMethodInvokingMethodInterceptor.java:70)
	at org.springframework.aop.framework.ReflectiveMethodInvocation.proceed(ReflectiveMethodInvocation.java:184)
	at org.springframework.transaction.interceptor.TransactionInterceptor$1.proceedWithInvocation(TransactionInterceptor.java:123)
	at org.springframework.transaction.interceptor.TransactionAspectSupport.invokeWithinTransaction(TransactionAspectSupport.java:392)
	at org.springframework.transaction.interceptor.TransactionInterceptor.invoke(TransactionInterceptor.java:119)
	at org.springframework.aop.framework.ReflectiveMethodInvocation.proceed(ReflectiveMethodInvocation.java:184)
	at org.springframework.dao.support.PersistenceExceptionTranslationInterceptor.invoke(PersistenceExceptionTranslationInterceptor.java:137)
	at org.springframework.aop.framework.ReflectiveMethodInvocation.proceed(ReflectiveMethodInvocation.java:184)
	at org.springframework.data.jpa.repository.support.CrudMethodMetadataPostProcessor$CrudMethodMetadataPopulatingMethodInterceptor.invoke(CrudMethodMetadataPostProcessor.java:164)
	at org.springframework.aop.framework.ReflectiveMethodInvocation.proceed(ReflectiveMethodInvocation.java:184)
	at org.springframework.aop.interceptor.ExposeInvocationInterceptor.invoke(ExposeInvocationInterceptor.java:97)
	at org.springframework.aop.framework.ReflectiveMethodInvocation.proceed(ReflectiveMethodInvocation.java:184)
	at org.springframework.aop.framework.JdkDynamicAopProxy.invoke(JdkDynamicAopProxy.java:223)
	at jdk.proxy4/jdk.proxy4.$Proxy166.save(Unknown Source)
	at com.pms.security.service.RefreshTokenService.createToken(RefreshTokenService.java:34)
	at com.pms.security.controller.AuthController.login(AuthController.java:71)
	at java.base/jdk.internal.reflect.NativeMethodAccessorImpl.invoke0(Native Method)
	at java.base/jdk.internal.reflect.NativeMethodAccessorImpl.invoke(NativeMethodAccessorImpl.java:77)
	at java.base/jdk.internal.reflect.DelegatingMethodAccessorImpl.invoke(DelegatingMethodAccessorImpl.java:43)
	at java.base/java.lang.reflect.Method.invoke(Method.java:568)
	at org.springframework.web.method.support.InvocableHandlerMethod.doInvoke(InvocableHandlerMethod.java:255)
	at org.springframework.web.method.support.InvocableHandlerMethod.invokeForRequest(InvocableHandlerMethod.java:188)
	at org.springframework.web.servlet.mvc.method.annotation.ServletInvocableHandlerMethod.invokeAndHandle(ServletInvocableHandlerMethod.java:118)
	at org.springframework.web.servlet.mvc.method.annotation.RequestMappingHandlerAdapter.invokeHandlerMethod(RequestMappingHandlerAdapter.java:926)
	at org.springframework.web.servlet.mvc.method.annotation.RequestMappingHandlerAdapter.handleInternal(RequestMappingHandlerAdapter.java:831)
	at org.springframework.web.servlet.mvc.method.AbstractHandlerMethodAdapter.handle(AbstractHandlerMethodAdapter.java:87)
	at org.springframework.web.servlet.DispatcherServlet.doDispatch(DispatcherServlet.java:1089)
	at org.springframework.web.servlet.DispatcherServlet.doService(DispatcherServlet.java:979)
	at org.springframework.web.servlet.FrameworkServlet.processRequest(FrameworkServlet.java:1014)
	at org.springframework.web.servlet.FrameworkServlet.doPost(FrameworkServlet.java:914)
	at jakarta.servlet.http.HttpServlet.service(HttpServlet.java:590)
	at org.springframework.web.servlet.FrameworkServlet.service(FrameworkServlet.java:885)
	at jakarta.servlet.http.HttpServlet.service(HttpServlet.java:658)
	at org.apache.catalina.core.ApplicationFilterChain.internalDoFilter(ApplicationFilterChain.java:206)
	at org.apache.catalina.core.ApplicationFilterChain.doFilter(ApplicationFilterChain.java:150)
	at org.apache.tomcat.websocket.server.WsFilter.doFilter(WsFilter.java:51)
	at org.apache.catalina.core.ApplicationFilterChain.internalDoFilter(ApplicationFilterChain.java:175)
	at org.apache.catalina.core.ApplicationFilterChain.doFilter(ApplicationFilterChain.java:150)
	at com.pms.security.util.filter.JwtAuthFilter.doFilter(JwtAuthFilter.java:62)
	at org.apache.catalina.core.ApplicationFilterChain.internalDoFilter(ApplicationFilterChain.java:175)
	at org.apache.catalina.core.ApplicationFilterChain.doFilter(ApplicationFilterChain.java:150)
	at org.springframework.web.filter.CompositeFilter$VirtualFilterChain.doFilter(CompositeFilter.java:108)
	at org.springframework.security.web.FilterChainProxy.lambda$doFilterInternal$3(FilterChainProxy.java:231)
	at org.springframework.security.web.FilterChainProxy$VirtualFilterChain.doFilter(FilterChainProxy.java:365)
	at org.springframework.security.web.access.intercept.AuthorizationFilter.doFilter(AuthorizationFilter.java:100)
	at org.springframework.security.web.FilterChainProxy$VirtualFilterChain.doFilter(FilterChainProxy.java:374)
	at org.springframework.security.web.access.ExceptionTranslationFilter.doFilter(ExceptionTranslationFilter.java:126)
	at org.springframework.security.web.access.ExceptionTranslationFilter.doFilter(ExceptionTranslationFilter.java:120)
	at org.springframework.security.web.FilterChainProxy$VirtualFilterChain.doFilter(FilterChainProxy.java:374)
	at org.springframework.security.web.authentication.AnonymousAuthenticationFilter.doFilter(AnonymousAuthenticationFilter.java:100)
	at org.springframework.security.web.FilterChainProxy$VirtualFilterChain.doFilter(FilterChainProxy.java:374)
	at org.springframework.security.web.servletapi.SecurityContextHolderAwareRequestFilter.doFilter(SecurityContextHolderAwareRequestFilter.java:179)
	at org.springframework.security.web.FilterChainProxy$VirtualFilterChain.doFilter(FilterChainProxy.java:374)
	at org.springframework.security.web.savedrequest.RequestCacheAwareFilter.doFilter(RequestCacheAwareFilter.java:63)
	at org.springframework.security.web.FilterChainProxy$VirtualFilterChain.doFilter(FilterChainProxy.java:374)
	at com.pms.security.util.filter.JwtAuthFilter.doFilter(JwtAuthFilter.java:62)
	at org.springframework.security.web.FilterChainProxy$VirtualFilterChain.doFilter(FilterChainProxy.java:374)
	at org.springframework.security.web.authentication.logout.LogoutFilter.doFilter(LogoutFilter.java:107)
	at org.springframework.security.web.authentication.logout.LogoutFilter.doFilter(LogoutFilter.java:93)
	at org.springframework.security.web.FilterChainProxy$VirtualFilterChain.doFilter(FilterChainProxy.java:374)
	at org.springframework.web.filter.CorsFilter.doFilterInternal(CorsFilter.java:91)
	at org.springframework.web.filter.OncePerRequestFilter.doFilter(OncePerRequestFilter.java:116)
	at org.springframework.security.web.FilterChainProxy$VirtualFilterChain.doFilter(FilterChainProxy.java:374)
	at org.springframework.security.web.header.HeaderWriterFilter.doHeadersAfter(HeaderWriterFilter.java:90)
	at org.springframework.security.web.header.HeaderWriterFilter.doFilterInternal(HeaderWriterFilter.java:75)
	at org.springframework.web.filter.OncePerRequestFilter.doFilter(OncePerRequestFilter.java:116)
	at org.springframework.security.web.FilterChainProxy$VirtualFilterChain.doFilter(FilterChainProxy.java:374)
	at org.springframework.security.web.context.SecurityContextHolderFilter.doFilter(SecurityContextHolderFilter.java:82)
	at org.springframework.security.web.context.SecurityContextHolderFilter.doFilter(SecurityContextHolderFilter.java:69)
	at org.springframework.security.web.FilterChainProxy$VirtualFilterChain.doFilter(FilterChainProxy.java:374)
	at org.springframework.security.web.context.request.async.WebAsyncManagerIntegrationFilter.doFilterInternal(WebAsyncManagerIntegrationFilter.java:62)
	at org.springframework.web.filter.OncePerRequestFilter.doFilter(OncePerRequestFilter.java:116)
	at org.springframework.security.web.FilterChainProxy$VirtualFilterChain.doFilter(FilterChainProxy.java:374)
	at org.springframework.security.web.session.DisableEncodeUrlFilter.doFilterInternal(DisableEncodeUrlFilter.java:42)
	at org.springframework.web.filter.OncePerRequestFilter.doFilter(OncePerRequestFilter.java:116)
	at org.springframework.security.web.FilterChainProxy$VirtualFilterChain.doFilter(FilterChainProxy.java:374)
	at org.springframework.security.web.FilterChainProxy.doFilterInternal(FilterChainProxy.java:233)
	at org.springframework.security.web.FilterChainProxy.doFilter(FilterChainProxy.java:191)
	at org.springframework.web.filter.CompositeFilter$VirtualFilterChain.doFilter(CompositeFilter.java:113)
	at org.springframework.web.servlet.handler.HandlerMappingIntrospector.lambda$createCacheFilter$3(HandlerMappingIntrospector.java:195)
	at org.springframework.web.filter.CompositeFilter$VirtualFilterChain.doFilter(CompositeFilter.java:113)
	at org.springframework.web.filter.CompositeFilter.doFilter(CompositeFilter.java:74)
	at org.springframework.security.config.annotation.web.configuration.WebMvcSecurityConfiguration$CompositeFilterChainProxy.doFilter(WebMvcSecurityConfiguration.java:230)
	at org.springframework.web.filter.DelegatingFilterProxy.invokeDelegate(DelegatingFilterProxy.java:352)
	at org.springframework.web.filter.DelegatingFilterProxy.doFilter(DelegatingFilterProxy.java:268)
	at org.apache.catalina.core.ApplicationFilterChain.internalDoFilter(ApplicationFilterChain.java:175)
	at org.apache.catalina.core.ApplicationFilterChain.doFilter(ApplicationFilterChain.java:150)
	at org.springframework.web.filter.RequestContextFilter.doFilterInternal(RequestContextFilter.java:100)
	at org.springframework.web.filter.OncePerRequestFilter.doFilter(OncePerRequestFilter.java:116)
	at org.apache.catalina.core.ApplicationFilterChain.internalDoFilter(ApplicationFilterChain.java:175)
	at org.apache.catalina.core.ApplicationFilterChain.doFilter(ApplicationFilterChain.java:150)
	at org.springframework.web.filter.FormContentFilter.doFilterInternal(FormContentFilter.java:93)
	at org.springframework.web.filter.OncePerRequestFilter.doFilter(OncePerRequestFilter.java:116)
	at org.apache.catalina.core.ApplicationFilterChain.internalDoFilter(ApplicationFilterChain.java:175)
	at org.apache.catalina.core.ApplicationFilterChain.doFilter(ApplicationFilterChain.java:150)
	at org.springframework.web.filter.CharacterEncodingFilter.doFilterInternal(CharacterEncodingFilter.java:201)
	at org.springframework.web.filter.OncePerRequestFilter.doFilter(OncePerRequestFilter.java:116)
	at org.apache.catalina.core.ApplicationFilterChain.internalDoFilter(ApplicationFilterChain.java:175)
	at org.apache.catalina.core.ApplicationFilterChain.doFilter(ApplicationFilterChain.java:150)
	at org.apache.catalina.core.StandardWrapperValve.invoke(StandardWrapperValve.java:167)
	at org.apache.catalina.core.StandardContextValve.invoke(StandardContextValve.java:90)
	at org.apache.catalina.authenticator.AuthenticatorBase.invoke(AuthenticatorBase.java:482)
	at org.apache.catalina.core.StandardHostValve.invoke(StandardHostValve.java:115)
	at org.apache.catalina.valves.ErrorReportValve.invoke(ErrorReportValve.java:93)
	at org.apache.catalina.core.StandardEngineValve.invoke(StandardEngineValve.java:74)
	at org.apache.catalina.connector.CoyoteAdapter.service(CoyoteAdapter.java:344)
	at org.apache.coyote.http11.Http11Processor.service(Http11Processor.java:391)
	at org.apache.coyote.AbstractProcessorLight.process(AbstractProcessorLight.java:63)
	at org.apache.coyote.AbstractProtocol$ConnectionHandler.process(AbstractProtocol.java:896)
	at org.apache.tomcat.util.net.NioEndpoint$SocketProcessor.doRun(NioEndpoint.java:1736)
	at org.apache.tomcat.util.net.SocketProcessorBase.run(SocketProcessorBase.java:52)
	at org.apache.tomcat.util.threads.ThreadPoolExecutor.runWorker(ThreadPoolExecutor.java:1191)
	at org.apache.tomcat.util.threads.ThreadPoolExecutor$Worker.run(ThreadPoolExecutor.java:659)
	at org.apache.tomcat.util.threads.TaskThread$WrappingRunnable.run(TaskThread.java:63)
	at java.base/java.lang.Thread.run(Thread.java:842)
2026-03-31 11:10:57 [File Watcher] INFO  o.s.b.d.a.LocalDevToolsAutoConfiguration$RestartingClassPathChangeChangedEventListener - Restarting due to 1 class path change (0 additions, 0 deletions, 1 modification)
2026-03-31 11:10:57 [Thread-5] INFO  o.s.o.j.LocalContainerEntityManagerFactoryBean - Closing JPA EntityManagerFactory for persistence unit 'default'
2026-03-31 11:10:57 [Thread-5] INFO  com.zaxxer.hikari.HikariDataSource - HikariPool-1 - Shutdown initiated...
2026-03-31 11:10:57 [Thread-5] INFO  com.zaxxer.hikari.HikariDataSource - HikariPool-1 - Shutdown completed.
2026-03-31 11:10:58 [restartedMain] INFO  com.pms.Application - Main Entry Point Class
2026-03-31 11:10:58 [restartedMain] INFO  com.pms.Application - Starting Application using Java 17.0.12 with PID 10568 (C:\Users\ADMIN\git\pms-project\PMS\target\classes started by ADMIN in C:\Users\ADMIN\git\pms-project\PMS)
2026-03-31 11:10:58 [restartedMain] DEBUG com.pms.Application - Running with Spring Boot v3.2.5, Spring v6.1.6
2026-03-31 11:10:58 [restartedMain] INFO  com.pms.Application - No active profile set, falling back to 1 default profile: "default"
2026-03-31 11:10:58 [restartedMain] INFO  o.s.d.r.c.RepositoryConfigurationDelegate - Bootstrapping Spring Data JPA repositories in DEFAULT mode.
2026-03-31 11:10:58 [restartedMain] INFO  o.s.d.r.c.RepositoryConfigurationDelegate - Finished Spring Data repository scanning in 47 ms. Found 17 JPA repository interfaces.
2026-03-31 11:10:58 [restartedMain] INFO  o.s.b.w.e.tomcat.TomcatWebServer - Tomcat initialized with port 9090 (http)
2026-03-31 11:10:58 [restartedMain] INFO  o.a.catalina.core.StandardService - Starting service [Tomcat]
2026-03-31 11:10:58 [restartedMain] INFO  o.a.catalina.core.StandardEngine - Starting Servlet engine: [Apache Tomcat/10.1.20]
2026-03-31 11:10:58 [restartedMain] INFO  o.a.c.c.C.[Tomcat].[localhost].[/] - Initializing Spring embedded WebApplicationContext
2026-03-31 11:10:58 [restartedMain] INFO  o.s.b.w.s.c.ServletWebServerApplicationContext - Root WebApplicationContext: initialization completed in 482 ms
2026-03-31 11:10:58 [restartedMain] INFO  o.h.jpa.internal.util.LogHelper - HHH000204: Processing PersistenceUnitInfo [name: default]
2026-03-31 11:10:58 [restartedMain] INFO  o.h.c.i.RegionFactoryInitiator - HHH000026: Second-level cache disabled
2026-03-31 11:10:58 [restartedMain] INFO  o.s.o.j.p.SpringPersistenceUnitInfo - No LoadTimeWeaver setup: ignoring JPA class transformer
2026-03-31 11:10:58 [restartedMain] INFO  com.zaxxer.hikari.HikariDataSource - HikariPool-2 - Starting...
2026-03-31 11:10:58 [restartedMain] INFO  com.pms.Application - Starting Application using Java 17.0.12 with PID 23868 (C:\Users\ADMIN\git\pms-project\PMS\target\classes started by ADMIN in C:\Users\ADMIN\git\pms-project\PMS)
2026-03-31 11:10:58 [restartedMain] DEBUG com.pms.Application - Running with Spring Boot v3.2.5, Spring v6.1.6
2026-03-31 11:10:58 [restartedMain] INFO  com.pms.Application - No active profile set, falling back to 1 default profile: "default"
2026-03-31 11:10:58 [restartedMain] INFO  com.zaxxer.hikari.pool.HikariPool - HikariPool-2 - Added connection org.postgresql.jdbc.PgConnection@468e5c8d
2026-03-31 11:10:58 [restartedMain] INFO  com.zaxxer.hikari.HikariDataSource - HikariPool-2 - Start completed.
2026-03-31 11:10:58 [restartedMain] WARN  org.hibernate.orm.deprecation - HHH90000025: PostgreSQLDialect does not need to be specified explicitly using 'hibernate.dialect' (remove the property setting and it will be selected by default)
2026-03-31 11:10:58 [restartedMain] INFO  o.s.b.d.e.DevToolsPropertyDefaultsPostProcessor - Devtools property defaults active! Set 'spring.devtools.add-properties' to 'false' to disable
2026-03-31 11:10:58 [restartedMain] INFO  o.s.b.d.e.DevToolsPropertyDefaultsPostProcessor - For additional web related logging consider setting the 'logging.level.web' property to 'DEBUG'
2026-03-31 11:10:59 [restartedMain] INFO  o.h.e.t.j.p.i.JtaPlatformInitiator - HHH000489: No JTA platform available (set 'hibernate.transaction.jta.platform' to enable JTA platform integration)
2026-03-31 11:10:59 [restartedMain] DEBUG org.hibernate.SQL - 
    create table PMS_db.refresh_token (
        id bigserial not null,
        expiry_date timestamp(6) with time zone,
        token varchar(255),
        user_id bigint not null,
        primary key (id)
    )
2026-03-31 11:10:59 [restartedMain] DEBUG org.hibernate.SQL - 
    alter table if exists PMS_db.refresh_token 
       add constraint FKjtx87i0jvq2svedphegvdwcuy 
       foreign key (user_id) 
       references PMS_db.users
2026-03-31 11:10:59 [restartedMain] INFO  o.s.o.j.LocalContainerEntityManagerFactoryBean - Initialized JPA EntityManagerFactory for persistence unit 'default'
2026-03-31 11:10:59 [restartedMain] WARN  o.s.b.a.o.j.JpaBaseConfiguration$JpaWebConfiguration - spring.jpa.open-in-view is enabled by default. Therefore, database queries may be performed during view rendering. Explicitly configure spring.jpa.open-in-view to disable this warning
2026-03-31 11:10:59 [restartedMain] INFO  o.s.s.web.DefaultSecurityFilterChain - Will secure any request with [org.springframework.security.web.session.DisableEncodeUrlFilter@66da16cc, org.springframework.security.web.context.request.async.WebAsyncManagerIntegrationFilter@566b79a, org.springframework.security.web.context.SecurityContextHolderFilter@1863f7de, org.springframework.security.web.header.HeaderWriterFilter@4d1ca101, org.springframework.web.filter.CorsFilter@30d42c50, org.springframework.security.web.authentication.logout.LogoutFilter@60e98808, com.pms.security.util.filter.JwtAuthFilter@4590b191, org.springframework.security.web.savedrequest.RequestCacheAwareFilter@6ae1bc76, org.springframework.security.web.servletapi.SecurityContextHolderAwareRequestFilter@4f8fea7e, org.springframework.security.web.authentication.AnonymousAuthenticationFilter@148d1db, org.springframework.security.web.access.ExceptionTranslationFilter@6cc93044, org.springframework.security.web.access.intercept.AuthorizationFilter@4adf7e57]
2026-03-31 11:10:59 [restartedMain] INFO  o.s.b.d.a.OptionalLiveReloadServer - LiveReload server is running on port 35729
2026-03-31 11:10:59 [restartedMain] INFO  o.s.b.w.e.tomcat.TomcatWebServer - Tomcat started on port 9090 (http) with context path ''
2026-03-31 11:10:59 [restartedMain] INFO  com.pms.Application - Started Application in 1.659 seconds (process running for 1149.054)
2026-03-31 11:10:59 [restartedMain] INFO  o.s.b.d.a.ConditionEvaluationDeltaLoggingListener - Condition evaluation unchanged
2026-03-31 11:10:59 [restartedMain] INFO  o.s.d.r.c.RepositoryConfigurationDelegate - Bootstrapping Spring Data JPA repositories in DEFAULT mode.
2026-03-31 11:10:59 [restartedMain] INFO  o.s.d.r.c.RepositoryConfigurationDelegate - Finished Spring Data repository scanning in 131 ms. Found 17 JPA repository interfaces.
2026-03-31 11:11:00 [restartedMain] INFO  o.s.b.w.e.tomcat.TomcatWebServer - Tomcat initialized with port 9090 (http)
2026-03-31 11:11:00 [restartedMain] INFO  o.a.catalina.core.StandardService - Starting service [Tomcat]
2026-03-31 11:11:00 [restartedMain] INFO  o.a.catalina.core.StandardEngine - Starting Servlet engine: [Apache Tomcat/10.1.20]
2026-03-31 11:11:00 [restartedMain] INFO  o.a.c.c.C.[Tomcat].[localhost].[/] - Initializing Spring embedded WebApplicationContext
2026-03-31 11:11:00 [restartedMain] INFO  o.s.b.w.s.c.ServletWebServerApplicationContext - Root WebApplicationContext: initialization completed in 1837 ms
2026-03-31 11:11:00 [restartedMain] INFO  o.h.jpa.internal.util.LogHelper - HHH000204: Processing PersistenceUnitInfo [name: default]
2026-03-31 11:11:00 [restartedMain] INFO  org.hibernate.Version - HHH000412: Hibernate ORM core version 6.4.4.Final
2026-03-31 11:11:00 [restartedMain] INFO  o.h.c.i.RegionFactoryInitiator - HHH000026: Second-level cache disabled
2026-03-31 11:11:00 [restartedMain] INFO  o.s.o.j.p.SpringPersistenceUnitInfo - No LoadTimeWeaver setup: ignoring JPA class transformer
2026-03-31 11:11:00 [restartedMain] INFO  com.zaxxer.hikari.HikariDataSource - HikariPool-1 - Starting...
2026-03-31 11:11:01 [restartedMain] INFO  com.zaxxer.hikari.pool.HikariPool - HikariPool-1 - Added connection org.postgresql.jdbc.PgConnection@658c4949
2026-03-31 11:11:01 [restartedMain] INFO  com.zaxxer.hikari.HikariDataSource - HikariPool-1 - Start completed.
2026-03-31 11:11:01 [restartedMain] WARN  org.hibernate.orm.deprecation - HHH90000025: PostgreSQLDialect does not need to be specified explicitly using 'hibernate.dialect' (remove the property setting and it will be selected by default)
2026-03-31 11:11:02 [restartedMain] INFO  o.h.e.t.j.p.i.JtaPlatformInitiator - HHH000489: No JTA platform available (set 'hibernate.transaction.jta.platform' to enable JTA platform integration)
2026-03-31 11:11:02 [restartedMain] INFO  o.s.o.j.LocalContainerEntityManagerFactoryBean - Initialized JPA EntityManagerFactory for persistence unit 'default'
2026-03-31 11:11:03 [restartedMain] WARN  o.s.b.a.o.j.JpaBaseConfiguration$JpaWebConfiguration - spring.jpa.open-in-view is enabled by default. Therefore, database queries may be performed during view rendering. Explicitly configure spring.jpa.open-in-view to disable this warning
2026-03-31 11:11:03 [restartedMain] INFO  o.s.s.web.DefaultSecurityFilterChain - Will secure any request with [org.springframework.security.web.session.DisableEncodeUrlFilter@468de3f2, org.springframework.security.web.context.request.async.WebAsyncManagerIntegrationFilter@5923c75e, org.springframework.security.web.context.SecurityContextHolderFilter@7a071171, org.springframework.security.web.header.HeaderWriterFilter@7873f68a, org.springframework.web.filter.CorsFilter@37df6d8f, org.springframework.security.web.authentication.logout.LogoutFilter@7260bdec, com.pms.security.util.filter.JwtAuthFilter@227af1b3, org.springframework.security.web.savedrequest.RequestCacheAwareFilter@2c14467c, org.springframework.security.web.servletapi.SecurityContextHolderAwareRequestFilter@725ac60c, org.springframework.security.web.authentication.AnonymousAuthenticationFilter@376e72dd, org.springframework.security.web.access.ExceptionTranslationFilter@10a19872, org.springframework.security.web.access.intercept.AuthorizationFilter@6fde0df0]
2026-03-31 11:11:03 [restartedMain] WARN  o.s.b.d.a.OptionalLiveReloadServer - Unable to start LiveReload server
2026-03-31 11:11:03 [restartedMain] WARN  o.s.b.w.s.c.AnnotationConfigServletWebServerApplicationContext - Exception encountered during context initialization - cancelling refresh attempt: org.springframework.context.ApplicationContextException: Failed to start bean 'webServerStartStop'
2026-03-31 11:11:03 [restartedMain] INFO  o.s.o.j.LocalContainerEntityManagerFactoryBean - Closing JPA EntityManagerFactory for persistence unit 'default'
2026-03-31 11:11:03 [restartedMain] INFO  com.zaxxer.hikari.HikariDataSource - HikariPool-1 - Shutdown initiated...
2026-03-31 11:11:03 [restartedMain] INFO  com.zaxxer.hikari.HikariDataSource - HikariPool-1 - Shutdown completed.
2026-03-31 11:11:03 [restartedMain] INFO  o.s.b.a.l.ConditionEvaluationReportLogger - 

Error starting ApplicationContext. To display the condition evaluation report re-run your application with 'debug' enabled.
2026-03-31 11:11:03 [restartedMain] ERROR o.s.b.d.LoggingFailureAnalysisReporter - 

***************************
APPLICATION FAILED TO START
***************************

Description:

Web server failed to start. Port 9090 was already in use.

Action:

Identify and stop the process that's listening on port 9090 or configure this application to listen on another port.

2026-03-31 11:11:16 [RMI TCP Connection(23)-127.0.0.1] INFO  o.s.b.a.SpringApplicationAdminMXBeanRegistrar$SpringApplicationAdmin - Application shutdown requested.
2026-03-31 11:11:16 [RMI TCP Connection(23)-127.0.0.1] INFO  o.s.o.j.LocalContainerEntityManagerFactoryBean - Closing JPA EntityManagerFactory for persistence unit 'default'
2026-03-31 11:11:16 [RMI TCP Connection(23)-127.0.0.1] INFO  com.zaxxer.hikari.HikariDataSource - HikariPool-2 - Shutdown initiated...
2026-03-31 11:11:16 [RMI TCP Connection(23)-127.0.0.1] INFO  com.zaxxer.hikari.HikariDataSource - HikariPool-2 - Shutdown completed.
2026-03-31 11:11:54 [restartedMain] INFO  com.pms.Application - Starting Application using Java 17.0.12 with PID 21392 (C:\Users\ADMIN\git\pms-project\PMS\target\classes started by ADMIN in C:\Users\ADMIN\git\pms-project\PMS)
2026-03-31 11:11:54 [restartedMain] DEBUG com.pms.Application - Running with Spring Boot v3.2.5, Spring v6.1.6
2026-03-31 11:11:54 [restartedMain] INFO  com.pms.Application - No active profile set, falling back to 1 default profile: "default"
2026-03-31 11:11:54 [restartedMain] INFO  o.s.b.d.e.DevToolsPropertyDefaultsPostProcessor - Devtools property defaults active! Set 'spring.devtools.add-properties' to 'false' to disable
2026-03-31 11:11:54 [restartedMain] INFO  o.s.b.d.e.DevToolsPropertyDefaultsPostProcessor - For additional web related logging consider setting the 'logging.level.web' property to 'DEBUG'
2026-03-31 11:11:55 [restartedMain] INFO  o.s.d.r.c.RepositoryConfigurationDelegate - Bootstrapping Spring Data JPA repositories in DEFAULT mode.
2026-03-31 11:11:55 [restartedMain] INFO  o.s.d.r.c.RepositoryConfigurationDelegate - Finished Spring Data repository scanning in 102 ms. Found 17 JPA repository interfaces.
2026-03-31 11:11:55 [restartedMain] INFO  o.s.b.w.e.tomcat.TomcatWebServer - Tomcat initialized with port 9090 (http)
2026-03-31 11:11:55 [restartedMain] INFO  o.a.catalina.core.StandardService - Starting service [Tomcat]
2026-03-31 11:11:55 [restartedMain] INFO  o.a.catalina.core.StandardEngine - Starting Servlet engine: [Apache Tomcat/10.1.20]
2026-03-31 11:11:56 [restartedMain] INFO  o.a.c.c.C.[Tomcat].[localhost].[/] - Initializing Spring embedded WebApplicationContext
2026-03-31 11:11:56 [restartedMain] INFO  o.s.b.w.s.c.ServletWebServerApplicationContext - Root WebApplicationContext: initialization completed in 1563 ms
2026-03-31 11:11:56 [restartedMain] INFO  o.h.jpa.internal.util.LogHelper - HHH000204: Processing PersistenceUnitInfo [name: default]
2026-03-31 11:11:56 [restartedMain] INFO  org.hibernate.Version - HHH000412: Hibernate ORM core version 6.4.4.Final
2026-03-31 11:11:56 [restartedMain] INFO  o.h.c.i.RegionFactoryInitiator - HHH000026: Second-level cache disabled
2026-03-31 11:11:56 [restartedMain] INFO  o.s.o.j.p.SpringPersistenceUnitInfo - No LoadTimeWeaver setup: ignoring JPA class transformer
2026-03-31 11:11:56 [restartedMain] INFO  com.zaxxer.hikari.HikariDataSource - HikariPool-1 - Starting...
2026-03-31 11:11:56 [restartedMain] INFO  com.zaxxer.hikari.pool.HikariPool - HikariPool-1 - Added connection org.postgresql.jdbc.PgConnection@38988dae
2026-03-31 11:11:56 [restartedMain] INFO  com.zaxxer.hikari.HikariDataSource - HikariPool-1 - Start completed.
2026-03-31 11:11:56 [restartedMain] WARN  org.hibernate.orm.deprecation - HHH90000025: PostgreSQLDialect does not need to be specified explicitly using 'hibernate.dialect' (remove the property setting and it will be selected by default)
2026-03-31 11:11:57 [restartedMain] INFO  o.h.e.t.j.p.i.JtaPlatformInitiator - HHH000489: No JTA platform available (set 'hibernate.transaction.jta.platform' to enable JTA platform integration)
2026-03-31 11:11:58 [restartedMain] INFO  o.s.o.j.LocalContainerEntityManagerFactoryBean - Initialized JPA EntityManagerFactory for persistence unit 'default'
2026-03-31 11:11:58 [restartedMain] WARN  o.s.b.a.o.j.JpaBaseConfiguration$JpaWebConfiguration - spring.jpa.open-in-view is enabled by default. Therefore, database queries may be performed during view rendering. Explicitly configure spring.jpa.open-in-view to disable this warning
2026-03-31 11:11:59 [restartedMain] INFO  o.s.s.web.DefaultSecurityFilterChain - Will secure any request with [org.springframework.security.web.session.DisableEncodeUrlFilter@30a87110, org.springframework.security.web.context.request.async.WebAsyncManagerIntegrationFilter@1306f49e, org.springframework.security.web.context.SecurityContextHolderFilter@4a3efc77, org.springframework.security.web.header.HeaderWriterFilter@3c9e9a4b, org.springframework.web.filter.CorsFilter@280384cb, org.springframework.security.web.authentication.logout.LogoutFilter@73a60e66, com.pms.security.util.filter.JwtAuthFilter@515c571, org.springframework.security.web.savedrequest.RequestCacheAwareFilter@26153cf, org.springframework.security.web.servletapi.SecurityContextHolderAwareRequestFilter@280d9210, org.springframework.security.web.authentication.AnonymousAuthenticationFilter@28694550, org.springframework.security.web.access.ExceptionTranslationFilter@83b8a04, org.springframework.security.web.access.intercept.AuthorizationFilter@4a3d2615]
2026-03-31 11:11:59 [restartedMain] INFO  o.s.b.d.a.OptionalLiveReloadServer - LiveReload server is running on port 35729
2026-03-31 11:11:59 [restartedMain] INFO  o.s.b.w.e.tomcat.TomcatWebServer - Tomcat started on port 9090 (http) with context path ''
2026-03-31 11:11:59 [restartedMain] INFO  com.pms.Application - Started Application in 5.32 seconds (process running for 6.259)
2026-03-31 11:12:17 [http-nio-0.0.0.0-9090-exec-1] INFO  o.a.c.c.C.[Tomcat].[localhost].[/] - Initializing Spring DispatcherServlet 'dispatcherServlet'
2026-03-31 11:12:17 [http-nio-0.0.0.0-9090-exec-1] INFO  o.s.web.servlet.DispatcherServlet - Initializing Servlet 'dispatcherServlet'
2026-03-31 11:12:17 [http-nio-0.0.0.0-9090-exec-1] INFO  o.s.web.servlet.DispatcherServlet - Completed initialization in 1 ms
2026-03-31 11:12:37 [http-nio-0.0.0.0-9090-exec-1] DEBUG org.hibernate.SQL - 
    select
        u1_0.id,
        u1_0.email,
        u1_0.enabled,
        u1_0.password,
        u1_0.username 
    from
        PMS_db.users u1_0 
    where
        u1_0.username=?
2026-03-31 11:12:53 [http-nio-0.0.0.0-9090-exec-1] DEBUG org.hibernate.SQL - 
    select
        r1_0.id,
        r1_0.name 
    from
        PMS_db.roles r1_0 
    where
        r1_0.name=?
2026-03-31 11:13:01 [http-nio-0.0.0.0-9090-exec-1] DEBUG org.hibernate.SQL - 
    insert 
    into
        PMS_db.users
        (email, enabled, password, username) 
    values
        (?, ?, ?, ?)
2026-03-31 11:13:02 [http-nio-0.0.0.0-9090-exec-1] DEBUG org.hibernate.SQL - 
    insert 
    into
        PMS_db.user_roles
        (user_id, role_id) 
    values
        (?, ?)
2026-03-31 11:13:49 [http-nio-0.0.0.0-9090-exec-2] DEBUG org.hibernate.SQL - 
    select
        u1_0.id,
        u1_0.email,
        u1_0.enabled,
        u1_0.password,
        u1_0.username 
    from
        PMS_db.users u1_0 
    where
        u1_0.username=?
2026-03-31 11:13:49 [http-nio-0.0.0.0-9090-exec-2] DEBUG org.hibernate.SQL - 
    select
        r1_0.user_id,
        r1_1.id,
        r1_1.name 
    from
        PMS_db.user_roles r1_0 
    join
        PMS_db.roles r1_1 
            on r1_1.id=r1_0.role_id 
    where
        r1_0.user_id=?
2026-03-31 11:13:56 [http-nio-0.0.0.0-9090-exec-2] DEBUG org.hibernate.SQL - 
    select
        u1_0.id,
        u1_0.email,
        u1_0.enabled,
        u1_0.password,
        u1_0.username 
    from
        PMS_db.users u1_0 
    where
        u1_0.username=?
2026-03-31 11:17:39 [http-nio-0.0.0.0-9090-exec-2] DEBUG org.hibernate.SQL - 
    insert 
    into
        PMS_db.refresh_token
        (expiry_date, token, user_id) 
    values
        (?, ?, ?)
2026-03-31 11:31:23 [File Watcher] INFO  o.s.b.d.a.LocalDevToolsAutoConfiguration$RestartingClassPathChangeChangedEventListener - Restarting due to 1 class path change (0 additions, 0 deletions, 1 modification)
2026-03-31 11:31:23 [Thread-5] INFO  o.s.o.j.LocalContainerEntityManagerFactoryBean - Closing JPA EntityManagerFactory for persistence unit 'default'
2026-03-31 11:31:23 [Thread-5] INFO  com.zaxxer.hikari.HikariDataSource - HikariPool-1 - Shutdown initiated...
2026-03-31 11:31:23 [Thread-5] INFO  com.zaxxer.hikari.HikariDataSource - HikariPool-1 - Shutdown completed.
2026-03-31 11:31:23 [restartedMain] INFO  com.pms.Application - Main Entry Point Class
2026-03-31 11:31:23 [restartedMain] INFO  com.pms.Application - Starting Application using Java 17.0.12 with PID 21392 (C:\Users\ADMIN\git\pms-project\PMS\target\classes started by ADMIN in C:\Users\ADMIN\git\pms-project\PMS)
2026-03-31 11:31:23 [restartedMain] DEBUG com.pms.Application - Running with Spring Boot v3.2.5, Spring v6.1.6
2026-03-31 11:31:23 [restartedMain] INFO  com.pms.Application - No active profile set, falling back to 1 default profile: "default"
2026-03-31 11:31:24 [restartedMain] INFO  o.s.d.r.c.RepositoryConfigurationDelegate - Bootstrapping Spring Data JPA repositories in DEFAULT mode.
2026-03-31 11:31:24 [restartedMain] INFO  o.s.d.r.c.RepositoryConfigurationDelegate - Finished Spring Data repository scanning in 54 ms. Found 17 JPA repository interfaces.
2026-03-31 11:31:25 [restartedMain] INFO  o.s.b.w.e.tomcat.TomcatWebServer - Tomcat initialized with port 9090 (http)
2026-03-31 11:31:25 [restartedMain] INFO  o.a.catalina.core.StandardService - Starting service [Tomcat]
2026-03-31 11:31:25 [restartedMain] INFO  o.a.catalina.core.StandardEngine - Starting Servlet engine: [Apache Tomcat/10.1.20]
2026-03-31 11:31:25 [restartedMain] INFO  o.a.c.c.C.[Tomcat].[localhost].[/] - Initializing Spring embedded WebApplicationContext
2026-03-31 11:31:25 [restartedMain] INFO  o.s.b.w.s.c.ServletWebServerApplicationContext - Root WebApplicationContext: initialization completed in 1597 ms
2026-03-31 11:31:25 [restartedMain] INFO  o.h.jpa.internal.util.LogHelper - HHH000204: Processing PersistenceUnitInfo [name: default]
2026-03-31 11:31:25 [restartedMain] INFO  o.h.c.i.RegionFactoryInitiator - HHH000026: Second-level cache disabled
2026-03-31 11:31:25 [restartedMain] INFO  o.s.o.j.p.SpringPersistenceUnitInfo - No LoadTimeWeaver setup: ignoring JPA class transformer
2026-03-31 11:31:25 [restartedMain] INFO  com.zaxxer.hikari.HikariDataSource - HikariPool-2 - Starting...
2026-03-31 11:31:25 [restartedMain] INFO  com.zaxxer.hikari.pool.HikariPool - HikariPool-2 - Added connection org.postgresql.jdbc.PgConnection@7ab8e8ba
2026-03-31 11:31:25 [restartedMain] INFO  com.zaxxer.hikari.HikariDataSource - HikariPool-2 - Start completed.
2026-03-31 11:31:25 [restartedMain] WARN  org.hibernate.orm.deprecation - HHH90000025: PostgreSQLDialect does not need to be specified explicitly using 'hibernate.dialect' (remove the property setting and it will be selected by default)
2026-03-31 11:31:25 [restartedMain] INFO  o.h.e.t.j.p.i.JtaPlatformInitiator - HHH000489: No JTA platform available (set 'hibernate.transaction.jta.platform' to enable JTA platform integration)
2026-03-31 11:31:25 [restartedMain] INFO  o.s.o.j.LocalContainerEntityManagerFactoryBean - Initialized JPA EntityManagerFactory for persistence unit 'default'
2026-03-31 11:31:26 [restartedMain] WARN  o.s.b.a.o.j.JpaBaseConfiguration$JpaWebConfiguration - spring.jpa.open-in-view is enabled by default. Therefore, database queries may be performed during view rendering. Explicitly configure spring.jpa.open-in-view to disable this warning
2026-03-31 11:31:26 [restartedMain] INFO  o.s.s.web.DefaultSecurityFilterChain - Will secure any request with [org.springframework.security.web.session.DisableEncodeUrlFilter@6cc58849, org.springframework.security.web.context.request.async.WebAsyncManagerIntegrationFilter@3dbeea6f, org.springframework.security.web.context.SecurityContextHolderFilter@3442da89, org.springframework.security.web.header.HeaderWriterFilter@424e5836, org.springframework.web.filter.CorsFilter@7e24b149, org.springframework.security.web.authentication.logout.LogoutFilter@46fc9a1, com.pms.security.util.filter.JwtAuthFilter@2325759a, org.springframework.security.web.savedrequest.RequestCacheAwareFilter@1de883e4, org.springframework.security.web.servletapi.SecurityContextHolderAwareRequestFilter@1664ac73, org.springframework.security.web.authentication.AnonymousAuthenticationFilter@38bc55e, org.springframework.security.web.access.ExceptionTranslationFilter@721f2301, org.springframework.security.web.access.intercept.AuthorizationFilter@161d69ea]
2026-03-31 11:31:26 [restartedMain] INFO  o.s.b.d.a.OptionalLiveReloadServer - LiveReload server is running on port 35729
2026-03-31 11:31:26 [restartedMain] INFO  o.s.b.w.e.tomcat.TomcatWebServer - Tomcat started on port 9090 (http) with context path ''
2026-03-31 11:31:26 [restartedMain] INFO  com.pms.Application - Started Application in 2.653 seconds (process running for 1173.098)
2026-03-31 11:31:26 [restartedMain] INFO  o.s.b.d.a.ConditionEvaluationDeltaLoggingListener - Condition evaluation unchanged
2026-03-31 11:36:18 [File Watcher] INFO  o.s.b.d.a.LocalDevToolsAutoConfiguration$RestartingClassPathChangeChangedEventListener - Restarting due to 1 class path change (0 additions, 0 deletions, 1 modification)
2026-03-31 11:36:18 [Thread-7] INFO  o.s.o.j.LocalContainerEntityManagerFactoryBean - Closing JPA EntityManagerFactory for persistence unit 'default'
2026-03-31 11:36:18 [Thread-7] INFO  com.zaxxer.hikari.HikariDataSource - HikariPool-2 - Shutdown initiated...
2026-03-31 11:36:18 [Thread-7] INFO  com.zaxxer.hikari.HikariDataSource - HikariPool-2 - Shutdown completed.
2026-03-31 11:36:18 [restartedMain] INFO  com.pms.Application - Main Entry Point Class
2026-03-31 11:36:18 [restartedMain] INFO  com.pms.Application - Starting Application using Java 17.0.12 with PID 21392 (C:\Users\ADMIN\git\pms-project\PMS\target\classes started by ADMIN in C:\Users\ADMIN\git\pms-project\PMS)
2026-03-31 11:36:18 [restartedMain] DEBUG com.pms.Application - Running with Spring Boot v3.2.5, Spring v6.1.6
2026-03-31 11:36:18 [restartedMain] INFO  com.pms.Application - No active profile set, falling back to 1 default profile: "default"
2026-03-31 11:36:19 [restartedMain] INFO  o.s.d.r.c.RepositoryConfigurationDelegate - Bootstrapping Spring Data JPA repositories in DEFAULT mode.
2026-03-31 11:36:19 [restartedMain] INFO  o.s.d.r.c.RepositoryConfigurationDelegate - Finished Spring Data repository scanning in 62 ms. Found 17 JPA repository interfaces.
2026-03-31 11:36:19 [restartedMain] INFO  o.s.b.w.e.tomcat.TomcatWebServer - Tomcat initialized with port 9090 (http)
2026-03-31 11:36:19 [restartedMain] INFO  o.a.catalina.core.StandardService - Starting service [Tomcat]
2026-03-31 11:36:19 [restartedMain] INFO  o.a.catalina.core.StandardEngine - Starting Servlet engine: [Apache Tomcat/10.1.20]
2026-03-31 11:36:19 [restartedMain] INFO  o.a.c.c.C.[Tomcat].[localhost].[/] - Initializing Spring embedded WebApplicationContext
2026-03-31 11:36:19 [restartedMain] INFO  o.s.b.w.s.c.ServletWebServerApplicationContext - Root WebApplicationContext: initialization completed in 802 ms
2026-03-31 11:36:19 [restartedMain] INFO  o.h.jpa.internal.util.LogHelper - HHH000204: Processing PersistenceUnitInfo [name: default]
2026-03-31 11:36:19 [restartedMain] INFO  o.h.c.i.RegionFactoryInitiator - HHH000026: Second-level cache disabled
2026-03-31 11:36:19 [restartedMain] INFO  o.s.o.j.p.SpringPersistenceUnitInfo - No LoadTimeWeaver setup: ignoring JPA class transformer
2026-03-31 11:36:19 [restartedMain] INFO  com.zaxxer.hikari.HikariDataSource - HikariPool-3 - Starting...
2026-03-31 11:36:19 [restartedMain] INFO  com.zaxxer.hikari.pool.HikariPool - HikariPool-3 - Added connection org.postgresql.jdbc.PgConnection@54d6676f
2026-03-31 11:36:19 [restartedMain] INFO  com.zaxxer.hikari.HikariDataSource - HikariPool-3 - Start completed.
2026-03-31 11:36:19 [restartedMain] WARN  org.hibernate.orm.deprecation - HHH90000025: PostgreSQLDialect does not need to be specified explicitly using 'hibernate.dialect' (remove the property setting and it will be selected by default)
2026-03-31 11:36:20 [restartedMain] INFO  o.h.e.t.j.p.i.JtaPlatformInitiator - HHH000489: No JTA platform available (set 'hibernate.transaction.jta.platform' to enable JTA platform integration)
2026-03-31 11:36:20 [restartedMain] INFO  o.s.o.j.LocalContainerEntityManagerFactoryBean - Initialized JPA EntityManagerFactory for persistence unit 'default'
2026-03-31 11:36:20 [restartedMain] WARN  o.s.b.a.o.j.JpaBaseConfiguration$JpaWebConfiguration - spring.jpa.open-in-view is enabled by default. Therefore, database queries may be performed during view rendering. Explicitly configure spring.jpa.open-in-view to disable this warning
2026-03-31 11:36:20 [restartedMain] INFO  o.s.s.web.DefaultSecurityFilterChain - Will secure any request with [org.springframework.security.web.session.DisableEncodeUrlFilter@51e80dfc, org.springframework.security.web.context.request.async.WebAsyncManagerIntegrationFilter@1d5fe45f, org.springframework.security.web.context.SecurityContextHolderFilter@4963f3a9, org.springframework.security.web.header.HeaderWriterFilter@5d6791bc, org.springframework.web.filter.CorsFilter@34d1e605, org.springframework.security.web.authentication.logout.LogoutFilter@3cb99dfd, com.pms.security.util.filter.JwtAuthFilter@49d2aadb, org.springframework.security.web.savedrequest.RequestCacheAwareFilter@3777087a, org.springframework.security.web.servletapi.SecurityContextHolderAwareRequestFilter@421b5d1, org.springframework.security.web.authentication.AnonymousAuthenticationFilter@649dae10, org.springframework.security.web.access.ExceptionTranslationFilter@3fd1968b, org.springframework.security.web.access.intercept.AuthorizationFilter@214e3a5d]
2026-03-31 11:36:20 [restartedMain] INFO  o.s.b.d.a.OptionalLiveReloadServer - LiveReload server is running on port 35729
2026-03-31 11:36:20 [restartedMain] INFO  o.s.b.w.e.tomcat.TomcatWebServer - Tomcat started on port 9090 (http) with context path ''
2026-03-31 11:36:20 [restartedMain] INFO  com.pms.Application - Started Application in 2.02 seconds (process running for 1467.752)
2026-03-31 11:36:20 [restartedMain] INFO  o.s.b.d.a.ConditionEvaluationDeltaLoggingListener - Condition evaluation unchanged
2026-03-31 11:39:23 [File Watcher] INFO  o.s.b.d.a.LocalDevToolsAutoConfiguration$RestartingClassPathChangeChangedEventListener - Restarting due to 1 class path change (0 additions, 0 deletions, 1 modification)
2026-03-31 11:39:23 [Thread-11] INFO  o.s.o.j.LocalContainerEntityManagerFactoryBean - Closing JPA EntityManagerFactory for persistence unit 'default'
2026-03-31 11:39:23 [Thread-11] INFO  com.zaxxer.hikari.HikariDataSource - HikariPool-3 - Shutdown initiated...
2026-03-31 11:39:23 [Thread-11] INFO  com.zaxxer.hikari.HikariDataSource - HikariPool-3 - Shutdown completed.
2026-03-31 11:39:23 [restartedMain] INFO  com.pms.Application - Main Entry Point Class
2026-03-31 11:39:23 [restartedMain] INFO  com.pms.Application - Starting Application using Java 17.0.12 with PID 21392 (C:\Users\ADMIN\git\pms-project\PMS\target\classes started by ADMIN in C:\Users\ADMIN\git\pms-project\PMS)
2026-03-31 11:39:23 [restartedMain] DEBUG com.pms.Application - Running with Spring Boot v3.2.5, Spring v6.1.6
2026-03-31 11:39:23 [restartedMain] INFO  com.pms.Application - No active profile set, falling back to 1 default profile: "default"
2026-03-31 11:39:23 [restartedMain] INFO  o.s.d.r.c.RepositoryConfigurationDelegate - Bootstrapping Spring Data JPA repositories in DEFAULT mode.
2026-03-31 11:39:23 [restartedMain] INFO  o.s.d.r.c.RepositoryConfigurationDelegate - Finished Spring Data repository scanning in 53 ms. Found 17 JPA repository interfaces.
2026-03-31 11:39:23 [restartedMain] INFO  o.s.b.w.e.tomcat.TomcatWebServer - Tomcat initialized with port 9090 (http)
2026-03-31 11:39:23 [restartedMain] INFO  o.a.catalina.core.StandardService - Starting service [Tomcat]
2026-03-31 11:39:23 [restartedMain] INFO  o.a.catalina.core.StandardEngine - Starting Servlet engine: [Apache Tomcat/10.1.20]
2026-03-31 11:39:23 [restartedMain] INFO  o.a.c.c.C.[Tomcat].[localhost].[/] - Initializing Spring embedded WebApplicationContext
2026-03-31 11:39:23 [restartedMain] INFO  o.s.b.w.s.c.ServletWebServerApplicationContext - Root WebApplicationContext: initialization completed in 410 ms
2026-03-31 11:39:24 [restartedMain] INFO  o.h.jpa.internal.util.LogHelper - HHH000204: Processing PersistenceUnitInfo [name: default]
2026-03-31 11:39:24 [restartedMain] INFO  o.h.c.i.RegionFactoryInitiator - HHH000026: Second-level cache disabled
2026-03-31 11:39:24 [restartedMain] INFO  o.s.o.j.p.SpringPersistenceUnitInfo - No LoadTimeWeaver setup: ignoring JPA class transformer
2026-03-31 11:39:24 [restartedMain] INFO  com.zaxxer.hikari.HikariDataSource - HikariPool-4 - Starting...
2026-03-31 11:39:24 [restartedMain] INFO  com.zaxxer.hikari.pool.HikariPool - HikariPool-4 - Added connection org.postgresql.jdbc.PgConnection@1feb52dd
2026-03-31 11:39:24 [restartedMain] INFO  com.zaxxer.hikari.HikariDataSource - HikariPool-4 - Start completed.
2026-03-31 11:39:24 [restartedMain] WARN  org.hibernate.orm.deprecation - HHH90000025: PostgreSQLDialect does not need to be specified explicitly using 'hibernate.dialect' (remove the property setting and it will be selected by default)
2026-03-31 11:39:24 [restartedMain] INFO  o.h.e.t.j.p.i.JtaPlatformInitiator - HHH000489: No JTA platform available (set 'hibernate.transaction.jta.platform' to enable JTA platform integration)
2026-03-31 11:39:24 [restartedMain] INFO  o.s.o.j.LocalContainerEntityManagerFactoryBean - Initialized JPA EntityManagerFactory for persistence unit 'default'
2026-03-31 11:39:24 [restartedMain] WARN  o.s.b.a.o.j.JpaBaseConfiguration$JpaWebConfiguration - spring.jpa.open-in-view is enabled by default. Therefore, database queries may be performed during view rendering. Explicitly configure spring.jpa.open-in-view to disable this warning
2026-03-31 11:39:24 [restartedMain] INFO  o.s.s.web.DefaultSecurityFilterChain - Will secure any request with [org.springframework.security.web.session.DisableEncodeUrlFilter@1a450829, org.springframework.security.web.context.request.async.WebAsyncManagerIntegrationFilter@27ec3041, org.springframework.security.web.context.SecurityContextHolderFilter@4bbf7ffa, org.springframework.security.web.header.HeaderWriterFilter@5f0c6746, org.springframework.web.filter.CorsFilter@218b0798, org.springframework.security.web.authentication.logout.LogoutFilter@5ec184b9, com.pms.security.util.filter.JwtAuthFilter@712a4459, org.springframework.security.web.savedrequest.RequestCacheAwareFilter@3b66634f, org.springframework.security.web.servletapi.SecurityContextHolderAwareRequestFilter@5acf60ee, org.springframework.security.web.authentication.AnonymousAuthenticationFilter@74630742, org.springframework.security.web.access.ExceptionTranslationFilter@36c4481, org.springframework.security.web.access.intercept.AuthorizationFilter@4873a9d2]
2026-03-31 11:39:25 [restartedMain] INFO  o.s.b.d.a.OptionalLiveReloadServer - LiveReload server is running on port 35729
2026-03-31 11:39:25 [restartedMain] INFO  o.s.b.w.e.tomcat.TomcatWebServer - Tomcat started on port 9090 (http) with context path ''
2026-03-31 11:39:25 [restartedMain] INFO  com.pms.Application - Started Application in 1.574 seconds (process running for 1651.961)
2026-03-31 11:39:25 [restartedMain] INFO  o.s.b.d.a.ConditionEvaluationDeltaLoggingListener - Condition evaluation unchanged
2026-03-31 11:42:24 [http-nio-0.0.0.0-9090-exec-1] INFO  o.a.c.c.C.[Tomcat].[localhost].[/] - Initializing Spring DispatcherServlet 'dispatcherServlet'
2026-03-31 11:42:24 [http-nio-0.0.0.0-9090-exec-1] INFO  o.s.web.servlet.DispatcherServlet - Initializing Servlet 'dispatcherServlet'
2026-03-31 11:42:24 [http-nio-0.0.0.0-9090-exec-1] INFO  o.s.web.servlet.DispatcherServlet - Completed initialization in 1 ms
2026-03-31 11:42:30 [http-nio-0.0.0.0-9090-exec-1] DEBUG org.hibernate.SQL - 
    select
        u1_0.id,
        u1_0.email,
        u1_0.enabled,
        u1_0.password,
        u1_0.username 
    from
        PMS_db.users u1_0 
    where
        u1_0.username=?
2026-03-31 11:42:30 [http-nio-0.0.0.0-9090-exec-1] DEBUG org.hibernate.SQL - 
    select
        r1_0.user_id,
        r1_1.id,
        r1_1.name 
    from
        PMS_db.user_roles r1_0 
    join
        PMS_db.roles r1_1 
            on r1_1.id=r1_0.role_id 
    where
        r1_0.user_id=?
2026-03-31 11:42:31 [http-nio-0.0.0.0-9090-exec-1] DEBUG org.hibernate.SQL - 
    select
        u1_0.id,
        u1_0.email,
        u1_0.enabled,
        u1_0.password,
        u1_0.username 
    from
        PMS_db.users u1_0 
    where
        u1_0.username=?
2026-03-31 11:42:35 [http-nio-0.0.0.0-9090-exec-1] DEBUG org.hibernate.SQL - 
    insert 
    into
        PMS_db.refresh_token
        (expiry_date, token, user_id) 
    values
        (?, ?, ?)
2026-03-31 11:43:02 [http-nio-0.0.0.0-9090-exec-2] DEBUG org.hibernate.SQL - 
    select
        u1_0.id,
        u1_0.email,
        u1_0.enabled,
        u1_0.password,
        u1_0.username 
    from
        PMS_db.users u1_0 
    where
        u1_0.username=?
2026-03-31 11:43:02 [http-nio-0.0.0.0-9090-exec-2] DEBUG org.hibernate.SQL - 
    select
        r1_0.user_id,
        r1_1.id,
        r1_1.name 
    from
        PMS_db.user_roles r1_0 
    join
        PMS_db.roles r1_1 
            on r1_1.id=r1_0.role_id 
    where
        r1_0.user_id=?
2026-03-31 11:43:02 [http-nio-0.0.0.0-9090-exec-2] DEBUG org.hibernate.SQL - 
    select
        u1_0.id,
        u1_0.email,
        u1_0.enabled,
        u1_0.password,
        u1_0.username 
    from
        PMS_db.users u1_0 
    where
        u1_0.username=?
2026-03-31 11:43:02 [http-nio-0.0.0.0-9090-exec-2] DEBUG org.hibernate.SQL - 
    select
        r1_0.user_id,
        r1_1.id,
        r1_1.name 
    from
        PMS_db.user_roles r1_0 
    join
        PMS_db.roles r1_1 
            on r1_1.id=r1_0.role_id 
    where
        r1_0.user_id=?
2026-03-31 11:43:16 [http-nio-0.0.0.0-9090-exec-2] DEBUG org.hibernate.SQL - 
    select
        nextval('PMS_db.room_master_seq')
2026-03-31 11:43:16 [http-nio-0.0.0.0-9090-exec-2] DEBUG org.hibernate.SQL - 
    insert 
    into
        PMS_db.room_master
        (building_id, building_name, created_on, floor_id, floor_name, handicap, non_room, room_name, room_short_name, room_status, room_status_table_id, room_type_id, room_type_name, smoking, id) 
    values
        (?, ?, ?, ?, ?, ?, ?, ?, ?, ?, ?, ?, ?, ?, ?)
2026-03-31 11:43:16 [http-nio-0.0.0.0-9090-exec-2] DEBUG org.hibernate.SQL - 
    select
        rm1_0.id,
        rm1_0.building_id,
        rm1_0.building_name,
        rm1_0.created_on,
        rm1_0.floor_id,
        rm1_0.floor_name,
        rm1_0.handicap,
        rm1_0.non_room,
        rm1_0.room_name,
        rm1_0.room_short_name,
        rm1_0.room_status,
        rm1_0.room_status_id,
        rm1_0.room_status_table_id,
        rm1_0.room_type_id,
        rm1_0.room_type_name,
        rm1_0.smoking 
    from
        PMS_db.room_master rm1_0 
    order by
        rm1_0.id desc 
    fetch
        first ? rows only
2026-03-31 11:43:16 [http-nio-0.0.0.0-9090-exec-2] DEBUG org.hibernate.SQL - 
    select
        f1_0.floor_id,
        f1_0.created_on,
        f1_0.description,
        f1_0.floor_name,
        f1_0.no_of_rooms 
    from
        PMS_db.floor f1_0 
    where
        f1_0.floor_id=?
2026-03-31 11:43:16 [http-nio-0.0.0.0-9090-exec-2] DEBUG org.hibernate.SQL - 
    select
        rt1_0.room_id,
        rt1_0.created_on,
        rt1_0.price,
        rt1_0.room_type_name,
        rt1_0.short_name 
    from
        PMS_db.room_type rt1_0 
    where
        rt1_0.room_id=?
2026-03-31 11:43:20 [http-nio-0.0.0.0-9090-exec-2] DEBUG org.hibernate.SQL - 
    select
        rs1_0.room_status_id,
        rs1_0.created_on,
        rs1_0.room_status_color,
        rs1_0.room_status_name,
        rs1_0.room_status_text_color,
        rs1_0.room_status_title 
    from
        PMS_db.room_status rs1_0 
    where
        rs1_0.room_status_id=?
2026-03-31 11:43:20 [http-nio-0.0.0.0-9090-exec-2] WARN  o.h.p.entity.AbstractEntityPersister - HHH000502: The [floor] property of the [com.pms.room.entity.RoomMaster] entity was modified, but it won't be updated because the property is immutable.
2026-03-31 11:43:20 [http-nio-0.0.0.0-9090-exec-2] WARN  o.h.p.entity.AbstractEntityPersister - HHH000502: The [roomStatusTable] property of the [com.pms.room.entity.RoomMaster] entity was modified, but it won't be updated because the property is immutable.
2026-03-31 11:43:20 [http-nio-0.0.0.0-9090-exec-2] WARN  o.h.p.entity.AbstractEntityPersister - HHH000502: The [roomType] property of the [com.pms.room.entity.RoomMaster] entity was modified, but it won't be updated because the property is immutable.
2026-03-31 11:43:20 [http-nio-0.0.0.0-9090-exec-2] DEBUG org.hibernate.SQL - 
    update
        PMS_db.room_master 
    set
        building_id=?,
        building_name=?,
        floor_id=?,
        floor_name=?,
        handicap=?,
        non_room=?,
        room_name=?,
        room_short_name=?,
        room_status=?,
        room_status_table_id=?,
        room_type_id=?,
        room_type_name=?,
        smoking=? 
    where
        id=?
2026-03-31 11:46:41 [File Watcher] INFO  o.s.b.d.a.LocalDevToolsAutoConfiguration$RestartingClassPathChangeChangedEventListener - Restarting due to 1 class path change (0 additions, 0 deletions, 1 modification)
2026-03-31 11:46:41 [Thread-15] INFO  o.s.o.j.LocalContainerEntityManagerFactoryBean - Closing JPA EntityManagerFactory for persistence unit 'default'
2026-03-31 11:46:41 [Thread-15] INFO  com.zaxxer.hikari.HikariDataSource - HikariPool-4 - Shutdown initiated...
2026-03-31 11:46:41 [Thread-15] INFO  com.zaxxer.hikari.HikariDataSource - HikariPool-4 - Shutdown completed.
2026-03-31 11:46:41 [restartedMain] INFO  com.pms.Application - Main Entry Point Class
2026-03-31 11:46:41 [restartedMain] INFO  com.pms.Application - Starting Application using Java 17.0.12 with PID 21392 (C:\Users\ADMIN\git\pms-project\PMS\target\classes started by ADMIN in C:\Users\ADMIN\git\pms-project\PMS)
2026-03-31 11:46:41 [restartedMain] DEBUG com.pms.Application - Running with Spring Boot v3.2.5, Spring v6.1.6
2026-03-31 11:46:41 [restartedMain] INFO  com.pms.Application - No active profile set, falling back to 1 default profile: "default"
2026-03-31 11:46:41 [restartedMain] INFO  o.s.d.r.c.RepositoryConfigurationDelegate - Bootstrapping Spring Data JPA repositories in DEFAULT mode.
2026-03-31 11:46:41 [restartedMain] INFO  o.s.d.r.c.RepositoryConfigurationDelegate - Finished Spring Data repository scanning in 49 ms. Found 17 JPA repository interfaces.
2026-03-31 11:46:41 [restartedMain] INFO  o.s.b.w.e.tomcat.TomcatWebServer - Tomcat initialized with port 9090 (http)
2026-03-31 11:46:41 [restartedMain] INFO  o.a.catalina.core.StandardService - Starting service [Tomcat]
2026-03-31 11:46:41 [restartedMain] INFO  o.a.catalina.core.StandardEngine - Starting Servlet engine: [Apache Tomcat/10.1.20]
2026-03-31 11:46:41 [restartedMain] INFO  o.a.c.c.C.[Tomcat].[localhost].[/] - Initializing Spring embedded WebApplicationContext
2026-03-31 11:46:41 [restartedMain] INFO  o.s.b.w.s.c.ServletWebServerApplicationContext - Root WebApplicationContext: initialization completed in 419 ms
2026-03-31 11:46:41 [restartedMain] INFO  o.h.jpa.internal.util.LogHelper - HHH000204: Processing PersistenceUnitInfo [name: default]
2026-03-31 11:46:41 [restartedMain] INFO  o.h.c.i.RegionFactoryInitiator - HHH000026: Second-level cache disabled
2026-03-31 11:46:41 [restartedMain] INFO  o.s.o.j.p.SpringPersistenceUnitInfo - No LoadTimeWeaver setup: ignoring JPA class transformer
2026-03-31 11:46:41 [restartedMain] INFO  com.zaxxer.hikari.HikariDataSource - HikariPool-5 - Starting...
2026-03-31 11:46:41 [restartedMain] INFO  com.zaxxer.hikari.pool.HikariPool - HikariPool-5 - Added connection org.postgresql.jdbc.PgConnection@47bf9526
2026-03-31 11:46:41 [restartedMain] INFO  com.zaxxer.hikari.HikariDataSource - HikariPool-5 - Start completed.
2026-03-31 11:46:41 [restartedMain] WARN  org.hibernate.orm.deprecation - HHH90000025: PostgreSQLDialect does not need to be specified explicitly using 'hibernate.dialect' (remove the property setting and it will be selected by default)
2026-03-31 11:46:41 [restartedMain] INFO  o.h.e.t.j.p.i.JtaPlatformInitiator - HHH000489: No JTA platform available (set 'hibernate.transaction.jta.platform' to enable JTA platform integration)
2026-03-31 11:46:42 [restartedMain] INFO  o.s.o.j.LocalContainerEntityManagerFactoryBean - Initialized JPA EntityManagerFactory for persistence unit 'default'
2026-03-31 11:46:42 [restartedMain] WARN  o.s.b.a.o.j.JpaBaseConfiguration$JpaWebConfiguration - spring.jpa.open-in-view is enabled by default. Therefore, database queries may be performed during view rendering. Explicitly configure spring.jpa.open-in-view to disable this warning
2026-03-31 11:46:42 [restartedMain] INFO  o.s.s.web.DefaultSecurityFilterChain - Will secure any request with [org.springframework.security.web.session.DisableEncodeUrlFilter@1e91102a, org.springframework.security.web.context.request.async.WebAsyncManagerIntegrationFilter@828540b, org.springframework.security.web.context.SecurityContextHolderFilter@475f4adc, org.springframework.security.web.header.HeaderWriterFilter@5125ffc8, org.springframework.web.filter.CorsFilter@77473211, org.springframework.security.web.authentication.logout.LogoutFilter@34a68704, com.pms.security.util.filter.JwtAuthFilter@4adb1336, org.springframework.security.web.savedrequest.RequestCacheAwareFilter@3be89358, org.springframework.security.web.servletapi.SecurityContextHolderAwareRequestFilter@77374fd1, org.springframework.security.web.authentication.AnonymousAuthenticationFilter@10fd9b5b, org.springframework.security.web.access.ExceptionTranslationFilter@5d52283c, org.springframework.security.web.access.intercept.AuthorizationFilter@1e8f3a58]
2026-03-31 11:46:42 [restartedMain] INFO  o.s.b.d.a.OptionalLiveReloadServer - LiveReload server is running on port 35729
2026-03-31 11:46:42 [restartedMain] INFO  o.s.b.w.e.tomcat.TomcatWebServer - Tomcat started on port 9090 (http) with context path ''
2026-03-31 11:46:42 [restartedMain] INFO  com.pms.Application - Started Application in 1.348 seconds (process running for 2089.402)
2026-03-31 11:46:42 [restartedMain] INFO  o.s.b.d.a.ConditionEvaluationDeltaLoggingListener - Condition evaluation unchanged
2026-03-31 11:50:51 [File Watcher] INFO  o.s.b.d.a.LocalDevToolsAutoConfiguration$RestartingClassPathChangeChangedEventListener - Restarting due to 1 class path change (0 additions, 0 deletions, 1 modification)
2026-03-31 11:50:51 [Thread-19] INFO  o.s.o.j.LocalContainerEntityManagerFactoryBean - Closing JPA EntityManagerFactory for persistence unit 'default'
2026-03-31 11:50:51 [Thread-19] INFO  com.zaxxer.hikari.HikariDataSource - HikariPool-5 - Shutdown initiated...
2026-03-31 11:50:51 [Thread-19] INFO  com.zaxxer.hikari.HikariDataSource - HikariPool-5 - Shutdown completed.
2026-03-31 11:50:51 [restartedMain] INFO  com.pms.Application - Main Entry Point Class
2026-03-31 11:50:51 [restartedMain] INFO  com.pms.Application - Starting Application using Java 17.0.12 with PID 21392 (C:\Users\ADMIN\git\pms-project\PMS\target\classes started by ADMIN in C:\Users\ADMIN\git\pms-project\PMS)
2026-03-31 11:50:51 [restartedMain] DEBUG com.pms.Application - Running with Spring Boot v3.2.5, Spring v6.1.6
2026-03-31 11:50:51 [restartedMain] INFO  com.pms.Application - No active profile set, falling back to 1 default profile: "default"
2026-03-31 11:50:51 [restartedMain] INFO  o.s.d.r.c.RepositoryConfigurationDelegate - Bootstrapping Spring Data JPA repositories in DEFAULT mode.
2026-03-31 11:50:52 [restartedMain] INFO  o.s.d.r.c.RepositoryConfigurationDelegate - Finished Spring Data repository scanning in 49 ms. Found 17 JPA repository interfaces.
2026-03-31 11:50:52 [restartedMain] INFO  o.s.b.w.e.tomcat.TomcatWebServer - Tomcat initialized with port 9090 (http)
2026-03-31 11:50:52 [restartedMain] INFO  o.a.catalina.core.StandardService - Starting service [Tomcat]
2026-03-31 11:50:52 [restartedMain] INFO  o.a.catalina.core.StandardEngine - Starting Servlet engine: [Apache Tomcat/10.1.20]
2026-03-31 11:50:52 [restartedMain] INFO  o.a.c.c.C.[Tomcat].[localhost].[/] - Initializing Spring embedded WebApplicationContext
2026-03-31 11:50:52 [restartedMain] INFO  o.s.b.w.s.c.ServletWebServerApplicationContext - Root WebApplicationContext: initialization completed in 402 ms
2026-03-31 11:50:52 [restartedMain] INFO  o.h.jpa.internal.util.LogHelper - HHH000204: Processing PersistenceUnitInfo [name: default]
2026-03-31 11:50:52 [restartedMain] INFO  o.h.c.i.RegionFactoryInitiator - HHH000026: Second-level cache disabled
2026-03-31 11:50:52 [restartedMain] INFO  o.s.o.j.p.SpringPersistenceUnitInfo - No LoadTimeWeaver setup: ignoring JPA class transformer
2026-03-31 11:50:52 [restartedMain] INFO  com.zaxxer.hikari.HikariDataSource - HikariPool-6 - Starting...
2026-03-31 11:50:52 [restartedMain] INFO  com.zaxxer.hikari.pool.HikariPool - HikariPool-6 - Added connection org.postgresql.jdbc.PgConnection@577f6d8b
2026-03-31 11:50:52 [restartedMain] INFO  com.zaxxer.hikari.HikariDataSource - HikariPool-6 - Start completed.
2026-03-31 11:50:52 [restartedMain] WARN  org.hibernate.orm.deprecation - HHH90000025: PostgreSQLDialect does not need to be specified explicitly using 'hibernate.dialect' (remove the property setting and it will be selected by default)
2026-03-31 11:50:52 [restartedMain] INFO  o.h.e.t.j.p.i.JtaPlatformInitiator - HHH000489: No JTA platform available (set 'hibernate.transaction.jta.platform' to enable JTA platform integration)
2026-03-31 11:50:52 [restartedMain] INFO  o.s.o.j.LocalContainerEntityManagerFactoryBean - Initialized JPA EntityManagerFactory for persistence unit 'default'
2026-03-31 11:50:52 [restartedMain] WARN  o.s.b.a.o.j.JpaBaseConfiguration$JpaWebConfiguration - spring.jpa.open-in-view is enabled by default. Therefore, database queries may be performed during view rendering. Explicitly configure spring.jpa.open-in-view to disable this warning
2026-03-31 11:50:52 [restartedMain] INFO  o.s.s.web.DefaultSecurityFilterChain - Will secure any request with [org.springframework.security.web.session.DisableEncodeUrlFilter@1e1b79fa, org.springframework.security.web.context.request.async.WebAsyncManagerIntegrationFilter@67bc937e, org.springframework.security.web.context.SecurityContextHolderFilter@2d9857ec, org.springframework.security.web.header.HeaderWriterFilter@74ac621f, org.springframework.web.filter.CorsFilter@13235dee, org.springframework.security.web.authentication.logout.LogoutFilter@10be33b1, com.pms.security.util.filter.JwtAuthFilter@47fc62b1, org.springframework.security.web.savedrequest.RequestCacheAwareFilter@52de1201, org.springframework.security.web.servletapi.SecurityContextHolderAwareRequestFilter@4ab1455b, org.springframework.security.web.authentication.AnonymousAuthenticationFilter@23bad0b7, org.springframework.security.web.access.ExceptionTranslationFilter@be262bb, org.springframework.security.web.access.intercept.AuthorizationFilter@7f59fe1b]
2026-03-31 11:50:53 [restartedMain] INFO  o.s.b.d.a.OptionalLiveReloadServer - LiveReload server is running on port 35729
2026-03-31 11:50:53 [restartedMain] INFO  o.s.b.w.e.tomcat.TomcatWebServer - Tomcat started on port 9090 (http) with context path ''
2026-03-31 11:50:53 [restartedMain] INFO  com.pms.Application - Started Application in 1.317 seconds (process running for 2339.895)
2026-03-31 11:50:53 [restartedMain] INFO  o.s.b.d.a.ConditionEvaluationDeltaLoggingListener - Condition evaluation unchanged
2026-03-31 11:51:46 [http-nio-0.0.0.0-9090-exec-1] INFO  o.a.c.c.C.[Tomcat].[localhost].[/] - Initializing Spring DispatcherServlet 'dispatcherServlet'
2026-03-31 11:51:46 [http-nio-0.0.0.0-9090-exec-1] INFO  o.s.web.servlet.DispatcherServlet - Initializing Servlet 'dispatcherServlet'
2026-03-31 11:51:46 [http-nio-0.0.0.0-9090-exec-1] INFO  o.s.web.servlet.DispatcherServlet - Completed initialization in 1 ms
2026-03-31 11:52:16 [http-nio-0.0.0.0-9090-exec-3] DEBUG org.hibernate.SQL - 
    select
        u1_0.id,
        u1_0.email,
        u1_0.enabled,
        u1_0.password,
        u1_0.username 
    from
        PMS_db.users u1_0 
    where
        u1_0.username=?
2026-03-31 11:52:16 [http-nio-0.0.0.0-9090-exec-3] DEBUG org.hibernate.SQL - 
    select
        r1_0.user_id,
        r1_1.id,
        r1_1.name 
    from
        PMS_db.user_roles r1_0 
    join
        PMS_db.roles r1_1 
            on r1_1.id=r1_0.role_id 
    where
        r1_0.user_id=?
2026-03-31 11:52:16 [http-nio-0.0.0.0-9090-exec-3] DEBUG org.hibernate.SQL - 
    select
        u1_0.id,
        u1_0.email,
        u1_0.enabled,
        u1_0.password,
        u1_0.username 
    from
        PMS_db.users u1_0 
    where
        u1_0.username=?
2026-03-31 11:52:20 [http-nio-0.0.0.0-9090-exec-3] DEBUG org.hibernate.SQL - 
    insert 
    into
        PMS_db.refresh_token
        (expiry_date, token, user_id) 
    values
        (?, ?, ?)
2026-03-31 11:53:02 [http-nio-0.0.0.0-9090-exec-2] DEBUG org.hibernate.SQL - 
    select
        u1_0.id,
        u1_0.email,
        u1_0.enabled,
        u1_0.password,
        u1_0.username 
    from
        PMS_db.users u1_0 
    where
        u1_0.username=?
2026-03-31 11:53:02 [http-nio-0.0.0.0-9090-exec-2] DEBUG org.hibernate.SQL - 
    select
        r1_0.user_id,
        r1_1.id,
        r1_1.name 
    from
        PMS_db.user_roles r1_0 
    join
        PMS_db.roles r1_1 
            on r1_1.id=r1_0.role_id 
    where
        r1_0.user_id=?
2026-03-31 11:53:02 [http-nio-0.0.0.0-9090-exec-2] DEBUG org.hibernate.SQL - 
    select
        u1_0.id,
        u1_0.email,
        u1_0.enabled,
        u1_0.password,
        u1_0.username 
    from
        PMS_db.users u1_0 
    where
        u1_0.username=?
2026-03-31 11:53:02 [http-nio-0.0.0.0-9090-exec-2] DEBUG org.hibernate.SQL - 
    select
        r1_0.user_id,
        r1_1.id,
        r1_1.name 
    from
        PMS_db.user_roles r1_0 
    join
        PMS_db.roles r1_1 
            on r1_1.id=r1_0.role_id 
    where
        r1_0.user_id=?
2026-03-31 11:53:09 [http-nio-0.0.0.0-9090-exec-2] DEBUG org.hibernate.SQL - 
    select
        rm1_0.id,
        b1_0.building_id,
        b1_0.created_on,
        b1_0.description,
        b1_0.building_name,
        rm1_0.building_id,
        rm1_0.building_name,
        rm1_0.created_on,
        f1_0.floor_id,
        f1_0.created_on,
        f1_0.description,
        f1_0.floor_name,
        f1_0.no_of_rooms,
        rm1_0.floor_id,
        rm1_0.floor_name,
        rm1_0.handicap,
        rm1_0.non_room,
        rm1_0.room_name,
        rm1_0.room_short_name,
        rm1_0.room_status,
        rst1_0.room_status_id,
        rst1_0.created_on,
        rst1_0.room_status_color,
        rst1_0.room_status_name,
        rst1_0.room_status_text_color,
        rst1_0.room_status_title,
        rm1_0.room_status_table_id,
        rt1_0.room_id,
        rt1_0.created_on,
        rt1_0.price,
        rt1_0.room_type_name,
        rt1_0.short_name,
        rm1_0.room_type_id,
        rm1_0.room_type_name,
        rm1_0.smoking 
    from
        PMS_db.room_master rm1_0 
    left join
        PMS_db.building b1_0 
            on b1_0.building_id=rm1_0.building_id 
    left join
        PMS_db.floor f1_0 
            on f1_0.floor_id=rm1_0.floor_id 
    left join
        PMS_db.room_status rst1_0 
            on rst1_0.room_status_id=rm1_0.room_status_id 
    left join
        PMS_db.room_type rt1_0 
            on rt1_0.room_id=rm1_0.room_type_id 
    where
        rm1_0.id=?
2026-03-31 11:53:42 [http-nio-0.0.0.0-9090-exec-5] DEBUG org.hibernate.SQL - 
    select
        u1_0.id,
        u1_0.email,
        u1_0.enabled,
        u1_0.password,
        u1_0.username 
    from
        PMS_db.users u1_0 
    where
        u1_0.username=?
2026-03-31 11:53:42 [http-nio-0.0.0.0-9090-exec-5] DEBUG org.hibernate.SQL - 
    select
        r1_0.user_id,
        r1_1.id,
        r1_1.name 
    from
        PMS_db.user_roles r1_0 
    join
        PMS_db.roles r1_1 
            on r1_1.id=r1_0.role_id 
    where
        r1_0.user_id=?
2026-03-31 11:53:42 [http-nio-0.0.0.0-9090-exec-5] DEBUG org.hibernate.SQL - 
    select
        u1_0.id,
        u1_0.email,
        u1_0.enabled,
        u1_0.password,
        u1_0.username 
    from
        PMS_db.users u1_0 
    where
        u1_0.username=?
2026-03-31 11:53:42 [http-nio-0.0.0.0-9090-exec-5] DEBUG org.hibernate.SQL - 
    select
        r1_0.user_id,
        r1_1.id,
        r1_1.name 
    from
        PMS_db.user_roles r1_0 
    join
        PMS_db.roles r1_1 
            on r1_1.id=r1_0.role_id 
    where
        r1_0.user_id=?
2026-03-31 11:53:42 [http-nio-0.0.0.0-9090-exec-5] DEBUG org.hibernate.SQL - 
    select
        rm1_0.id,
        rm1_0.building_id,
        rm1_0.building_name,
        rm1_0.created_on,
        rm1_0.floor_id,
        rm1_0.floor_name,
        rm1_0.handicap,
        rm1_0.non_room,
        rm1_0.room_name,
        rm1_0.room_short_name,
        rm1_0.room_status,
        rm1_0.room_status_id,
        rm1_0.room_status_table_id,
        rm1_0.room_type_id,
        rm1_0.room_type_name,
        rm1_0.smoking 
    from
        PMS_db.room_master rm1_0 
    order by
        rm1_0.id 
    offset
        ? rows 
    fetch
        first ? rows only
2026-03-31 11:53:42 [http-nio-0.0.0.0-9090-exec-5] DEBUG org.hibernate.SQL - 
    select
        b1_0.building_id,
        b1_0.created_on,
        b1_0.description,
        b1_0.building_name 
    from
        PMS_db.building b1_0 
    where
        b1_0.building_id=?
2026-03-31 11:53:42 [http-nio-0.0.0.0-9090-exec-5] DEBUG org.hibernate.SQL - 
    select
        f1_0.floor_id,
        f1_0.created_on,
        f1_0.description,
        f1_0.floor_name,
        f1_0.no_of_rooms 
    from
        PMS_db.floor f1_0 
    where
        f1_0.floor_id=?
2026-03-31 11:53:42 [http-nio-0.0.0.0-9090-exec-5] DEBUG org.hibernate.SQL - 
    select
        rt1_0.room_id,
        rt1_0.created_on,
        rt1_0.price,
        rt1_0.room_type_name,
        rt1_0.short_name 
    from
        PMS_db.room_type rt1_0 
    where
        rt1_0.room_id=?
2026-03-31 11:53:42 [http-nio-0.0.0.0-9090-exec-5] DEBUG org.hibernate.SQL - 
    select
        rt1_0.room_id,
        rt1_0.created_on,
        rt1_0.price,
        rt1_0.room_type_name,
        rt1_0.short_name 
    from
        PMS_db.room_type rt1_0 
    where
        rt1_0.room_id=?
2026-03-31 11:53:42 [http-nio-0.0.0.0-9090-exec-5] DEBUG org.hibernate.SQL - 
    select
        rt1_0.room_id,
        rt1_0.created_on,
        rt1_0.price,
        rt1_0.room_type_name,
        rt1_0.short_name 
    from
        PMS_db.room_type rt1_0 
    where
        rt1_0.room_id=?
2026-03-31 11:53:42 [http-nio-0.0.0.0-9090-exec-5] DEBUG org.hibernate.SQL - 
    select
        f1_0.floor_id,
        f1_0.created_on,
        f1_0.description,
        f1_0.floor_name,
        f1_0.no_of_rooms 
    from
        PMS_db.floor f1_0 
    where
        f1_0.floor_id=?
2026-03-31 11:53:42 [http-nio-0.0.0.0-9090-exec-5] DEBUG org.hibernate.SQL - 
    select
        rt1_0.room_id,
        rt1_0.created_on,
        rt1_0.price,
        rt1_0.room_type_name,
        rt1_0.short_name 
    from
        PMS_db.room_type rt1_0 
    where
        rt1_0.room_id=?
2026-03-31 11:55:37 [File Watcher] INFO  o.s.b.d.a.LocalDevToolsAutoConfiguration$RestartingClassPathChangeChangedEventListener - Restarting due to 1 class path change (0 additions, 0 deletions, 1 modification)
2026-03-31 11:55:37 [Thread-23] INFO  o.s.o.j.LocalContainerEntityManagerFactoryBean - Closing JPA EntityManagerFactory for persistence unit 'default'
2026-03-31 11:55:37 [Thread-23] INFO  com.zaxxer.hikari.HikariDataSource - HikariPool-6 - Shutdown initiated...
2026-03-31 11:55:37 [Thread-23] INFO  com.zaxxer.hikari.HikariDataSource - HikariPool-6 - Shutdown completed.
2026-03-31 11:55:37 [restartedMain] INFO  com.pms.Application - Main Entry Point Class
2026-03-31 11:55:37 [restartedMain] INFO  com.pms.Application - Starting Application using Java 17.0.12 with PID 21392 (C:\Users\ADMIN\git\pms-project\PMS\target\classes started by ADMIN in C:\Users\ADMIN\git\pms-project\PMS)
2026-03-31 11:55:37 [restartedMain] DEBUG com.pms.Application - Running with Spring Boot v3.2.5, Spring v6.1.6
2026-03-31 11:55:37 [restartedMain] INFO  com.pms.Application - No active profile set, falling back to 1 default profile: "default"
2026-03-31 11:55:37 [restartedMain] INFO  o.s.d.r.c.RepositoryConfigurationDelegate - Bootstrapping Spring Data JPA repositories in DEFAULT mode.
2026-03-31 11:55:37 [restartedMain] INFO  o.s.d.r.c.RepositoryConfigurationDelegate - Finished Spring Data repository scanning in 52 ms. Found 17 JPA repository interfaces.
2026-03-31 11:55:37 [restartedMain] INFO  o.s.b.w.e.tomcat.TomcatWebServer - Tomcat initialized with port 9090 (http)
2026-03-31 11:55:37 [restartedMain] INFO  o.a.catalina.core.StandardService - Starting service [Tomcat]
2026-03-31 11:55:37 [restartedMain] INFO  o.a.catalina.core.StandardEngine - Starting Servlet engine: [Apache Tomcat/10.1.20]
2026-03-31 11:55:37 [restartedMain] INFO  o.a.c.c.C.[Tomcat].[localhost].[/] - Initializing Spring embedded WebApplicationContext
2026-03-31 11:55:37 [restartedMain] INFO  o.s.b.w.s.c.ServletWebServerApplicationContext - Root WebApplicationContext: initialization completed in 425 ms
2026-03-31 12:00:29 [restartedMain] INFO  com.pms.Application - Starting Application using Java 17.0.12 with PID 5152 (C:\Users\ADMIN\git\pms-project\PMS\target\classes started by ADMIN in C:\Users\ADMIN\git\pms-project\PMS)
2026-03-31 12:00:29 [restartedMain] DEBUG com.pms.Application - Running with Spring Boot v3.2.5, Spring v6.1.6
2026-03-31 12:00:29 [restartedMain] INFO  com.pms.Application - No active profile set, falling back to 1 default profile: "default"
2026-03-31 12:00:29 [restartedMain] INFO  o.s.b.d.e.DevToolsPropertyDefaultsPostProcessor - Devtools property defaults active! Set 'spring.devtools.add-properties' to 'false' to disable
2026-03-31 12:00:29 [restartedMain] INFO  o.s.b.d.e.DevToolsPropertyDefaultsPostProcessor - For additional web related logging consider setting the 'logging.level.web' property to 'DEBUG'
2026-03-31 12:00:29 [restartedMain] INFO  o.s.d.r.c.RepositoryConfigurationDelegate - Bootstrapping Spring Data JPA repositories in DEFAULT mode.
2026-03-31 12:00:29 [restartedMain] INFO  o.s.d.r.c.RepositoryConfigurationDelegate - Finished Spring Data repository scanning in 82 ms. Found 17 JPA repository interfaces.
2026-03-31 12:00:30 [restartedMain] INFO  o.s.b.w.e.tomcat.TomcatWebServer - Tomcat initialized with port 9090 (http)
2026-03-31 12:00:30 [restartedMain] INFO  o.a.catalina.core.StandardService - Starting service [Tomcat]
2026-03-31 12:00:30 [restartedMain] INFO  o.a.catalina.core.StandardEngine - Starting Servlet engine: [Apache Tomcat/10.1.20]
2026-03-31 12:00:30 [restartedMain] INFO  o.a.c.c.C.[Tomcat].[localhost].[/] - Initializing Spring embedded WebApplicationContext
2026-03-31 12:00:30 [restartedMain] INFO  o.s.b.w.s.c.ServletWebServerApplicationContext - Root WebApplicationContext: initialization completed in 1154 ms
2026-03-31 12:00:30 [restartedMain] INFO  o.h.jpa.internal.util.LogHelper - HHH000204: Processing PersistenceUnitInfo [name: default]
2026-03-31 12:00:30 [restartedMain] INFO  org.hibernate.Version - HHH000412: Hibernate ORM core version 6.4.4.Final
2026-03-31 12:00:30 [restartedMain] INFO  o.h.c.i.RegionFactoryInitiator - HHH000026: Second-level cache disabled
2026-03-31 12:00:30 [restartedMain] INFO  o.s.o.j.p.SpringPersistenceUnitInfo - No LoadTimeWeaver setup: ignoring JPA class transformer
2026-03-31 12:00:30 [restartedMain] INFO  com.zaxxer.hikari.HikariDataSource - HikariPool-1 - Starting...
2026-03-31 12:00:30 [restartedMain] INFO  com.zaxxer.hikari.pool.HikariPool - HikariPool-1 - Added connection org.postgresql.jdbc.PgConnection@665b7097
2026-03-31 12:00:30 [restartedMain] INFO  com.zaxxer.hikari.HikariDataSource - HikariPool-1 - Start completed.
2026-03-31 12:00:30 [restartedMain] WARN  org.hibernate.orm.deprecation - HHH90000025: PostgreSQLDialect does not need to be specified explicitly using 'hibernate.dialect' (remove the property setting and it will be selected by default)
2026-03-31 12:00:31 [restartedMain] INFO  o.h.e.t.j.p.i.JtaPlatformInitiator - HHH000489: No JTA platform available (set 'hibernate.transaction.jta.platform' to enable JTA platform integration)
2026-03-31 12:00:31 [restartedMain] INFO  o.s.o.j.LocalContainerEntityManagerFactoryBean - Initialized JPA EntityManagerFactory for persistence unit 'default'
2026-03-31 12:00:32 [restartedMain] WARN  o.s.b.a.o.j.JpaBaseConfiguration$JpaWebConfiguration - spring.jpa.open-in-view is enabled by default. Therefore, database queries may be performed during view rendering. Explicitly configure spring.jpa.open-in-view to disable this warning
2026-03-31 12:00:32 [restartedMain] INFO  o.s.s.web.DefaultSecurityFilterChain - Will secure any request with [org.springframework.security.web.session.DisableEncodeUrlFilter@696d91a2, org.springframework.security.web.context.request.async.WebAsyncManagerIntegrationFilter@5a410590, org.springframework.security.web.context.SecurityContextHolderFilter@23a0fdbe, org.springframework.security.web.header.HeaderWriterFilter@14c7593c, org.springframework.web.filter.CorsFilter@44add1f7, org.springframework.security.web.authentication.logout.LogoutFilter@60783487, com.pms.security.util.filter.JwtAuthFilter@a1b942c, org.springframework.security.web.savedrequest.RequestCacheAwareFilter@1ad3776, org.springframework.security.web.servletapi.SecurityContextHolderAwareRequestFilter@6a2a19eb, org.springframework.security.web.authentication.AnonymousAuthenticationFilter@7df9f720, org.springframework.security.web.access.ExceptionTranslationFilter@5897bc53, org.springframework.security.web.access.intercept.AuthorizationFilter@6debde89]
2026-03-31 12:00:32 [restartedMain] INFO  o.s.b.d.a.OptionalLiveReloadServer - LiveReload server is running on port 35729
2026-03-31 12:00:32 [restartedMain] INFO  o.s.b.w.e.tomcat.TomcatWebServer - Tomcat started on port 9090 (http) with context path ''
2026-03-31 12:00:32 [restartedMain] INFO  com.pms.Application - Started Application in 4.011 seconds (process running for 4.463)
2026-03-31 12:01:01 [http-nio-0.0.0.0-9090-exec-2] INFO  o.a.c.c.C.[Tomcat].[localhost].[/] - Initializing Spring DispatcherServlet 'dispatcherServlet'
2026-03-31 12:01:01 [http-nio-0.0.0.0-9090-exec-2] INFO  o.s.web.servlet.DispatcherServlet - Initializing Servlet 'dispatcherServlet'
2026-03-31 12:01:01 [http-nio-0.0.0.0-9090-exec-2] INFO  o.s.web.servlet.DispatcherServlet - Completed initialization in 0 ms
2026-03-31 12:01:01 [http-nio-0.0.0.0-9090-exec-2] DEBUG org.hibernate.SQL - 
    select
        u1_0.id,
        u1_0.email,
        u1_0.enabled,
        u1_0.password,
        u1_0.username 
    from
        PMS_db.users u1_0 
    where
        u1_0.username=?
2026-03-31 12:01:01 [http-nio-0.0.0.0-9090-exec-2] DEBUG org.hibernate.SQL - 
    select
        r1_0.user_id,
        r1_1.id,
        r1_1.name 
    from
        PMS_db.user_roles r1_0 
    join
        PMS_db.roles r1_1 
            on r1_1.id=r1_0.role_id 
    where
        r1_0.user_id=?
2026-03-31 12:01:01 [http-nio-0.0.0.0-9090-exec-2] DEBUG org.hibernate.SQL - 
    select
        u1_0.id,
        u1_0.email,
        u1_0.enabled,
        u1_0.password,
        u1_0.username 
    from
        PMS_db.users u1_0 
    where
        u1_0.username=?
2026-03-31 12:01:01 [http-nio-0.0.0.0-9090-exec-2] DEBUG org.hibernate.SQL - 
    insert 
    into
        PMS_db.refresh_token
        (expiry_date, token, user_id) 
    values
        (?, ?, ?)
2026-03-31 12:01:42 [http-nio-0.0.0.0-9090-exec-1] DEBUG org.hibernate.SQL - 
    select
        u1_0.id,
        u1_0.email,
        u1_0.enabled,
        u1_0.password,
        u1_0.username 
    from
        PMS_db.users u1_0 
    where
        u1_0.username=?
2026-03-31 12:01:42 [http-nio-0.0.0.0-9090-exec-1] DEBUG org.hibernate.SQL - 
    select
        r1_0.user_id,
        r1_1.id,
        r1_1.name 
    from
        PMS_db.user_roles r1_0 
    join
        PMS_db.roles r1_1 
            on r1_1.id=r1_0.role_id 
    where
        r1_0.user_id=?
2026-03-31 12:01:42 [http-nio-0.0.0.0-9090-exec-1] DEBUG org.hibernate.SQL - 
    select
        u1_0.id,
        u1_0.email,
        u1_0.enabled,
        u1_0.password,
        u1_0.username 
    from
        PMS_db.users u1_0 
    where
        u1_0.username=?
2026-03-31 12:01:42 [http-nio-0.0.0.0-9090-exec-1] DEBUG org.hibernate.SQL - 
    select
        r1_0.user_id,
        r1_1.id,
        r1_1.name 
    from
        PMS_db.user_roles r1_0 
    join
        PMS_db.roles r1_1 
            on r1_1.id=r1_0.role_id 
    where
        r1_0.user_id=?
2026-03-31 12:01:42 [http-nio-0.0.0.0-9090-exec-1] DEBUG org.hibernate.SQL - 
    select
        rm1_0.id,
        b1_0.building_id,
        b1_0.created_on,
        b1_0.description,
        b1_0.building_name,
        rm1_0.building_id,
        rm1_0.building_name,
        rm1_0.created_on,
        f1_0.floor_id,
        f1_0.created_on,
        f1_0.description,
        f1_0.floor_name,
        f1_0.no_of_rooms,
        rm1_0.floor_id,
        rm1_0.floor_name,
        rm1_0.handicap,
        rm1_0.non_room,
        rm1_0.room_name,
        rm1_0.room_short_name,
        rm1_0.room_status,
        rst1_0.room_status_id,
        rst1_0.created_on,
        rst1_0.room_status_color,
        rst1_0.room_status_name,
        rst1_0.room_status_text_color,
        rst1_0.room_status_title,
        rm1_0.room_status_table_id,
        rt1_0.room_id,
        rt1_0.created_on,
        rt1_0.price,
        rt1_0.room_type_name,
        rt1_0.short_name,
        rm1_0.room_type_id,
        rm1_0.room_type_name,
        rm1_0.smoking 
    from
        PMS_db.room_master rm1_0 
    left join
        PMS_db.building b1_0 
            on b1_0.building_id=rm1_0.building_id 
    left join
        PMS_db.floor f1_0 
            on f1_0.floor_id=rm1_0.floor_id 
    left join
        PMS_db.room_status rst1_0 
            on rst1_0.room_status_id=rm1_0.room_status_id 
    left join
        PMS_db.room_type rt1_0 
            on rt1_0.room_id=rm1_0.room_type_id 
    where
        rm1_0.id=?
2026-03-31 12:01:42 [http-nio-0.0.0.0-9090-exec-1] ERROR o.a.c.c.C.[.[.[.[dispatcherServlet] - Servlet.service() for servlet [dispatcherServlet] in context with path [] threw exception [Request processing failed: java.lang.NullPointerException: Cannot invoke "com.pms.room.entity.RoomMaster.getRoomStatusTableId()" because "rMaster" is null] with root cause
java.lang.NullPointerException: Cannot invoke "com.pms.room.entity.RoomMaster.getRoomStatusTableId()" because "rMaster" is null
	at com.pms.roommaster.services.impl.RoomMasterServiceImpl.getRoomMaster(RoomMasterServiceImpl.java:62)
	at com.pms.room.controller.RoomMasterController.getRoomMaster(RoomMasterController.java:70)
	at java.base/jdk.internal.reflect.NativeMethodAccessorImpl.invoke0(Native Method)
	at java.base/jdk.internal.reflect.NativeMethodAccessorImpl.invoke(NativeMethodAccessorImpl.java:77)
	at java.base/jdk.internal.reflect.DelegatingMethodAccessorImpl.invoke(DelegatingMethodAccessorImpl.java:43)
	at java.base/java.lang.reflect.Method.invoke(Method.java:568)
	at org.springframework.web.method.support.InvocableHandlerMethod.doInvoke(InvocableHandlerMethod.java:255)
	at org.springframework.web.method.support.InvocableHandlerMethod.invokeForRequest(InvocableHandlerMethod.java:188)
	at org.springframework.web.servlet.mvc.method.annotation.ServletInvocableHandlerMethod.invokeAndHandle(ServletInvocableHandlerMethod.java:118)
	at org.springframework.web.servlet.mvc.method.annotation.RequestMappingHandlerAdapter.invokeHandlerMethod(RequestMappingHandlerAdapter.java:926)
	at org.springframework.web.servlet.mvc.method.annotation.RequestMappingHandlerAdapter.handleInternal(RequestMappingHandlerAdapter.java:831)
	at org.springframework.web.servlet.mvc.method.AbstractHandlerMethodAdapter.handle(AbstractHandlerMethodAdapter.java:87)
	at org.springframework.web.servlet.DispatcherServlet.doDispatch(DispatcherServlet.java:1089)
	at org.springframework.web.servlet.DispatcherServlet.doService(DispatcherServlet.java:979)
	at org.springframework.web.servlet.FrameworkServlet.processRequest(FrameworkServlet.java:1014)
	at org.springframework.web.servlet.FrameworkServlet.doGet(FrameworkServlet.java:903)
	at jakarta.servlet.http.HttpServlet.service(HttpServlet.java:564)
	at org.springframework.web.servlet.FrameworkServlet.service(FrameworkServlet.java:885)
	at jakarta.servlet.http.HttpServlet.service(HttpServlet.java:658)
	at org.apache.catalina.core.ApplicationFilterChain.internalDoFilter(ApplicationFilterChain.java:206)
	at org.apache.catalina.core.ApplicationFilterChain.doFilter(ApplicationFilterChain.java:150)
	at org.apache.tomcat.websocket.server.WsFilter.doFilter(WsFilter.java:51)
	at org.apache.catalina.core.ApplicationFilterChain.internalDoFilter(ApplicationFilterChain.java:175)
	at org.apache.catalina.core.ApplicationFilterChain.doFilter(ApplicationFilterChain.java:150)
	at com.pms.security.util.filter.JwtAuthFilter.doFilter(JwtAuthFilter.java:62)
	at org.apache.catalina.core.ApplicationFilterChain.internalDoFilter(ApplicationFilterChain.java:175)
	at org.apache.catalina.core.ApplicationFilterChain.doFilter(ApplicationFilterChain.java:150)
	at org.springframework.web.filter.CompositeFilter$VirtualFilterChain.doFilter(CompositeFilter.java:108)
	at org.springframework.security.web.FilterChainProxy.lambda$doFilterInternal$3(FilterChainProxy.java:231)
	at org.springframework.security.web.FilterChainProxy$VirtualFilterChain.doFilter(FilterChainProxy.java:365)
	at org.springframework.security.web.access.intercept.AuthorizationFilter.doFilter(AuthorizationFilter.java:100)
	at org.springframework.security.web.FilterChainProxy$VirtualFilterChain.doFilter(FilterChainProxy.java:374)
	at org.springframework.security.web.access.ExceptionTranslationFilter.doFilter(ExceptionTranslationFilter.java:126)
	at org.springframework.security.web.access.ExceptionTranslationFilter.doFilter(ExceptionTranslationFilter.java:120)
	at org.springframework.security.web.FilterChainProxy$VirtualFilterChain.doFilter(FilterChainProxy.java:374)
	at org.springframework.security.web.authentication.AnonymousAuthenticationFilter.doFilter(AnonymousAuthenticationFilter.java:100)
	at org.springframework.security.web.FilterChainProxy$VirtualFilterChain.doFilter(FilterChainProxy.java:374)
	at org.springframework.security.web.servletapi.SecurityContextHolderAwareRequestFilter.doFilter(SecurityContextHolderAwareRequestFilter.java:179)
	at org.springframework.security.web.FilterChainProxy$VirtualFilterChain.doFilter(FilterChainProxy.java:374)
	at org.springframework.security.web.savedrequest.RequestCacheAwareFilter.doFilter(RequestCacheAwareFilter.java:63)
	at org.springframework.security.web.FilterChainProxy$VirtualFilterChain.doFilter(FilterChainProxy.java:374)
	at com.pms.security.util.filter.JwtAuthFilter.doFilter(JwtAuthFilter.java:62)
	at org.springframework.security.web.FilterChainProxy$VirtualFilterChain.doFilter(FilterChainProxy.java:374)
	at org.springframework.security.web.authentication.logout.LogoutFilter.doFilter(LogoutFilter.java:107)
	at org.springframework.security.web.authentication.logout.LogoutFilter.doFilter(LogoutFilter.java:93)
	at org.springframework.security.web.FilterChainProxy$VirtualFilterChain.doFilter(FilterChainProxy.java:374)
	at org.springframework.web.filter.CorsFilter.doFilterInternal(CorsFilter.java:91)
	at org.springframework.web.filter.OncePerRequestFilter.doFilter(OncePerRequestFilter.java:116)
	at org.springframework.security.web.FilterChainProxy$VirtualFilterChain.doFilter(FilterChainProxy.java:374)
	at org.springframework.security.web.header.HeaderWriterFilter.doHeadersAfter(HeaderWriterFilter.java:90)
	at org.springframework.security.web.header.HeaderWriterFilter.doFilterInternal(HeaderWriterFilter.java:75)
	at org.springframework.web.filter.OncePerRequestFilter.doFilter(OncePerRequestFilter.java:116)
	at org.springframework.security.web.FilterChainProxy$VirtualFilterChain.doFilter(FilterChainProxy.java:374)
	at org.springframework.security.web.context.SecurityContextHolderFilter.doFilter(SecurityContextHolderFilter.java:82)
	at org.springframework.security.web.context.SecurityContextHolderFilter.doFilter(SecurityContextHolderFilter.java:69)
	at org.springframework.security.web.FilterChainProxy$VirtualFilterChain.doFilter(FilterChainProxy.java:374)
	at org.springframework.security.web.context.request.async.WebAsyncManagerIntegrationFilter.doFilterInternal(WebAsyncManagerIntegrationFilter.java:62)
	at org.springframework.web.filter.OncePerRequestFilter.doFilter(OncePerRequestFilter.java:116)
	at org.springframework.security.web.FilterChainProxy$VirtualFilterChain.doFilter(FilterChainProxy.java:374)
	at org.springframework.security.web.session.DisableEncodeUrlFilter.doFilterInternal(DisableEncodeUrlFilter.java:42)
	at org.springframework.web.filter.OncePerRequestFilter.doFilter(OncePerRequestFilter.java:116)
	at org.springframework.security.web.FilterChainProxy$VirtualFilterChain.doFilter(FilterChainProxy.java:374)
	at org.springframework.security.web.FilterChainProxy.doFilterInternal(FilterChainProxy.java:233)
	at org.springframework.security.web.FilterChainProxy.doFilter(FilterChainProxy.java:191)
	at org.springframework.web.filter.CompositeFilter$VirtualFilterChain.doFilter(CompositeFilter.java:113)
	at org.springframework.web.servlet.handler.HandlerMappingIntrospector.lambda$createCacheFilter$3(HandlerMappingIntrospector.java:195)
	at org.springframework.web.filter.CompositeFilter$VirtualFilterChain.doFilter(CompositeFilter.java:113)
	at org.springframework.web.filter.CompositeFilter.doFilter(CompositeFilter.java:74)
	at org.springframework.security.config.annotation.web.configuration.WebMvcSecurityConfiguration$CompositeFilterChainProxy.doFilter(WebMvcSecurityConfiguration.java:230)
	at org.springframework.web.filter.DelegatingFilterProxy.invokeDelegate(DelegatingFilterProxy.java:352)
	at org.springframework.web.filter.DelegatingFilterProxy.doFilter(DelegatingFilterProxy.java:268)
	at org.apache.catalina.core.ApplicationFilterChain.internalDoFilter(ApplicationFilterChain.java:175)
	at org.apache.catalina.core.ApplicationFilterChain.doFilter(ApplicationFilterChain.java:150)
	at org.springframework.web.filter.RequestContextFilter.doFilterInternal(RequestContextFilter.java:100)
	at org.springframework.web.filter.OncePerRequestFilter.doFilter(OncePerRequestFilter.java:116)
	at org.apache.catalina.core.ApplicationFilterChain.internalDoFilter(ApplicationFilterChain.java:175)
	at org.apache.catalina.core.ApplicationFilterChain.doFilter(ApplicationFilterChain.java:150)
	at org.springframework.web.filter.FormContentFilter.doFilterInternal(FormContentFilter.java:93)
	at org.springframework.web.filter.OncePerRequestFilter.doFilter(OncePerRequestFilter.java:116)
	at org.apache.catalina.core.ApplicationFilterChain.internalDoFilter(ApplicationFilterChain.java:175)
	at org.apache.catalina.core.ApplicationFilterChain.doFilter(ApplicationFilterChain.java:150)
	at org.springframework.web.filter.CharacterEncodingFilter.doFilterInternal(CharacterEncodingFilter.java:201)
	at org.springframework.web.filter.OncePerRequestFilter.doFilter(OncePerRequestFilter.java:116)
	at org.apache.catalina.core.ApplicationFilterChain.internalDoFilter(ApplicationFilterChain.java:175)
	at org.apache.catalina.core.ApplicationFilterChain.doFilter(ApplicationFilterChain.java:150)
	at org.apache.catalina.core.StandardWrapperValve.invoke(StandardWrapperValve.java:167)
	at org.apache.catalina.core.StandardContextValve.invoke(StandardContextValve.java:90)
	at org.apache.catalina.authenticator.AuthenticatorBase.invoke(AuthenticatorBase.java:482)
	at org.apache.catalina.core.StandardHostValve.invoke(StandardHostValve.java:115)
	at org.apache.catalina.valves.ErrorReportValve.invoke(ErrorReportValve.java:93)
	at org.apache.catalina.core.StandardEngineValve.invoke(StandardEngineValve.java:74)
	at org.apache.catalina.connector.CoyoteAdapter.service(CoyoteAdapter.java:344)
	at org.apache.coyote.http11.Http11Processor.service(Http11Processor.java:391)
	at org.apache.coyote.AbstractProcessorLight.process(AbstractProcessorLight.java:63)
	at org.apache.coyote.AbstractProtocol$ConnectionHandler.process(AbstractProtocol.java:896)
	at org.apache.tomcat.util.net.NioEndpoint$SocketProcessor.doRun(NioEndpoint.java:1736)
	at org.apache.tomcat.util.net.SocketProcessorBase.run(SocketProcessorBase.java:52)
	at org.apache.tomcat.util.threads.ThreadPoolExecutor.runWorker(ThreadPoolExecutor.java:1191)
	at org.apache.tomcat.util.threads.ThreadPoolExecutor$Worker.run(ThreadPoolExecutor.java:659)
	at org.apache.tomcat.util.threads.TaskThread$WrappingRunnable.run(TaskThread.java:63)
	at java.base/java.lang.Thread.run(Thread.java:842)
2026-03-31 12:01:42 [http-nio-0.0.0.0-9090-exec-1] DEBUG org.hibernate.SQL - 
    select
        u1_0.id,
        u1_0.email,
        u1_0.enabled,
        u1_0.password,
        u1_0.username 
    from
        PMS_db.users u1_0 
    where
        u1_0.username=?
2026-03-31 12:01:42 [http-nio-0.0.0.0-9090-exec-1] DEBUG org.hibernate.SQL - 
    select
        r1_0.user_id,
        r1_1.id,
        r1_1.name 
    from
        PMS_db.user_roles r1_0 
    join
        PMS_db.roles r1_1 
            on r1_1.id=r1_0.role_id 
    where
        r1_0.user_id=?
2026-03-31 12:02:18 [RMI TCP Connection(5)-127.0.0.1] INFO  o.s.b.a.SpringApplicationAdminMXBeanRegistrar$SpringApplicationAdmin - Application shutdown requested.
2026-03-31 12:02:18 [RMI TCP Connection(5)-127.0.0.1] INFO  o.s.o.j.LocalContainerEntityManagerFactoryBean - Closing JPA EntityManagerFactory for persistence unit 'default'
2026-03-31 12:02:18 [RMI TCP Connection(5)-127.0.0.1] INFO  com.zaxxer.hikari.HikariDataSource - HikariPool-1 - Shutdown initiated...
2026-03-31 12:02:18 [RMI TCP Connection(5)-127.0.0.1] INFO  com.zaxxer.hikari.HikariDataSource - HikariPool-1 - Shutdown completed.
2026-03-31 12:02:25 [restartedMain] INFO  com.pms.Application - Starting Application using Java 17.0.12 with PID 1608 (C:\Users\ADMIN\git\pms-project\PMS\target\classes started by ADMIN in C:\Users\ADMIN\git\pms-project\PMS)
2026-03-31 12:02:25 [restartedMain] DEBUG com.pms.Application - Running with Spring Boot v3.2.5, Spring v6.1.6
2026-03-31 12:02:25 [restartedMain] INFO  com.pms.Application - No active profile set, falling back to 1 default profile: "default"
2026-03-31 12:02:25 [restartedMain] INFO  o.s.b.d.e.DevToolsPropertyDefaultsPostProcessor - Devtools property defaults active! Set 'spring.devtools.add-properties' to 'false' to disable
2026-03-31 12:02:25 [restartedMain] INFO  o.s.b.d.e.DevToolsPropertyDefaultsPostProcessor - For additional web related logging consider setting the 'logging.level.web' property to 'DEBUG'
2026-03-31 12:02:26 [restartedMain] INFO  o.s.d.r.c.RepositoryConfigurationDelegate - Bootstrapping Spring Data JPA repositories in DEFAULT mode.
2026-03-31 12:02:26 [restartedMain] INFO  o.s.d.r.c.RepositoryConfigurationDelegate - Finished Spring Data repository scanning in 95 ms. Found 17 JPA repository interfaces.
2026-03-31 12:02:27 [restartedMain] INFO  o.s.b.w.e.tomcat.TomcatWebServer - Tomcat initialized with port 9090 (http)
2026-03-31 12:02:27 [restartedMain] INFO  o.a.catalina.core.StandardService - Starting service [Tomcat]
2026-03-31 12:02:27 [restartedMain] INFO  o.a.catalina.core.StandardEngine - Starting Servlet engine: [Apache Tomcat/10.1.20]
2026-03-31 12:02:27 [restartedMain] INFO  o.a.c.c.C.[Tomcat].[localhost].[/] - Initializing Spring embedded WebApplicationContext
2026-03-31 12:02:27 [restartedMain] INFO  o.s.b.w.s.c.ServletWebServerApplicationContext - Root WebApplicationContext: initialization completed in 1370 ms
2026-03-31 12:02:27 [restartedMain] INFO  o.h.jpa.internal.util.LogHelper - HHH000204: Processing PersistenceUnitInfo [name: default]
2026-03-31 12:02:27 [restartedMain] INFO  org.hibernate.Version - HHH000412: Hibernate ORM core version 6.4.4.Final
2026-03-31 12:02:27 [restartedMain] INFO  o.h.c.i.RegionFactoryInitiator - HHH000026: Second-level cache disabled
2026-03-31 12:02:27 [restartedMain] INFO  o.s.o.j.p.SpringPersistenceUnitInfo - No LoadTimeWeaver setup: ignoring JPA class transformer
2026-03-31 12:02:27 [restartedMain] INFO  com.zaxxer.hikari.HikariDataSource - HikariPool-1 - Starting...
2026-03-31 12:02:27 [restartedMain] INFO  com.zaxxer.hikari.pool.HikariPool - HikariPool-1 - Added connection org.postgresql.jdbc.PgConnection@3192e9ea
2026-03-31 12:02:27 [restartedMain] INFO  com.zaxxer.hikari.HikariDataSource - HikariPool-1 - Start completed.
2026-03-31 12:02:27 [restartedMain] WARN  org.hibernate.orm.deprecation - HHH90000025: PostgreSQLDialect does not need to be specified explicitly using 'hibernate.dialect' (remove the property setting and it will be selected by default)
2026-03-31 12:02:28 [restartedMain] INFO  o.h.e.t.j.p.i.JtaPlatformInitiator - HHH000489: No JTA platform available (set 'hibernate.transaction.jta.platform' to enable JTA platform integration)
2026-03-31 12:02:29 [restartedMain] INFO  o.s.o.j.LocalContainerEntityManagerFactoryBean - Initialized JPA EntityManagerFactory for persistence unit 'default'
2026-03-31 12:02:29 [restartedMain] WARN  o.s.b.a.o.j.JpaBaseConfiguration$JpaWebConfiguration - spring.jpa.open-in-view is enabled by default. Therefore, database queries may be performed during view rendering. Explicitly configure spring.jpa.open-in-view to disable this warning
2026-03-31 12:02:30 [restartedMain] INFO  o.s.s.web.DefaultSecurityFilterChain - Will secure any request with [org.springframework.security.web.session.DisableEncodeUrlFilter@3da55210, org.springframework.security.web.context.request.async.WebAsyncManagerIntegrationFilter@67565f86, org.springframework.security.web.context.SecurityContextHolderFilter@1022bec9, org.springframework.security.web.header.HeaderWriterFilter@57e5a7f6, org.springframework.web.filter.CorsFilter@70d40104, org.springframework.security.web.authentication.logout.LogoutFilter@137e67f5, com.pms.security.util.filter.JwtAuthFilter@5f4b6fac, org.springframework.security.web.savedrequest.RequestCacheAwareFilter@31a7025, org.springframework.security.web.servletapi.SecurityContextHolderAwareRequestFilter@765d5000, org.springframework.security.web.authentication.AnonymousAuthenticationFilter@3f8c6b75, org.springframework.security.web.access.ExceptionTranslationFilter@8bed8e, org.springframework.security.web.access.intercept.AuthorizationFilter@77f5ab81]
2026-03-31 12:02:30 [restartedMain] INFO  o.s.b.d.a.OptionalLiveReloadServer - LiveReload server is running on port 35729
2026-03-31 12:02:30 [restartedMain] INFO  o.s.b.w.e.tomcat.TomcatWebServer - Tomcat started on port 9090 (http) with context path ''
2026-03-31 12:02:30 [restartedMain] INFO  com.pms.Application - Started Application in 4.67 seconds (process running for 5.249)
2026-03-31 12:02:44 [http-nio-0.0.0.0-9090-exec-1] INFO  o.a.c.c.C.[Tomcat].[localhost].[/] - Initializing Spring DispatcherServlet 'dispatcherServlet'
2026-03-31 12:02:44 [http-nio-0.0.0.0-9090-exec-1] INFO  o.s.web.servlet.DispatcherServlet - Initializing Servlet 'dispatcherServlet'
2026-03-31 12:02:44 [http-nio-0.0.0.0-9090-exec-1] INFO  o.s.web.servlet.DispatcherServlet - Completed initialization in 0 ms
2026-03-31 12:02:45 [http-nio-0.0.0.0-9090-exec-1] DEBUG org.hibernate.SQL - 
    select
        u1_0.id,
        u1_0.email,
        u1_0.enabled,
        u1_0.password,
        u1_0.username 
    from
        PMS_db.users u1_0 
    where
        u1_0.username=?
2026-03-31 12:02:45 [http-nio-0.0.0.0-9090-exec-1] DEBUG org.hibernate.SQL - 
    select
        r1_0.user_id,
        r1_1.id,
        r1_1.name 
    from
        PMS_db.user_roles r1_0 
    join
        PMS_db.roles r1_1 
            on r1_1.id=r1_0.role_id 
    where
        r1_0.user_id=?
2026-03-31 12:02:45 [http-nio-0.0.0.0-9090-exec-1] DEBUG org.hibernate.SQL - 
    select
        u1_0.id,
        u1_0.email,
        u1_0.enabled,
        u1_0.password,
        u1_0.username 
    from
        PMS_db.users u1_0 
    where
        u1_0.username=?
2026-03-31 12:02:45 [http-nio-0.0.0.0-9090-exec-1] DEBUG org.hibernate.SQL - 
    insert 
    into
        PMS_db.refresh_token
        (expiry_date, token, user_id) 
    values
        (?, ?, ?)
2026-03-31 12:03:06 [http-nio-0.0.0.0-9090-exec-2] DEBUG org.hibernate.SQL - 
    select
        u1_0.id,
        u1_0.email,
        u1_0.enabled,
        u1_0.password,
        u1_0.username 
    from
        PMS_db.users u1_0 
    where
        u1_0.username=?
2026-03-31 12:03:06 [http-nio-0.0.0.0-9090-exec-2] DEBUG org.hibernate.SQL - 
    select
        r1_0.user_id,
        r1_1.id,
        r1_1.name 
    from
        PMS_db.user_roles r1_0 
    join
        PMS_db.roles r1_1 
            on r1_1.id=r1_0.role_id 
    where
        r1_0.user_id=?
2026-03-31 12:03:06 [http-nio-0.0.0.0-9090-exec-2] DEBUG org.hibernate.SQL - 
    select
        u1_0.id,
        u1_0.email,
        u1_0.enabled,
        u1_0.password,
        u1_0.username 
    from
        PMS_db.users u1_0 
    where
        u1_0.username=?
2026-03-31 12:03:06 [http-nio-0.0.0.0-9090-exec-2] DEBUG org.hibernate.SQL - 
    select
        r1_0.user_id,
        r1_1.id,
        r1_1.name 
    from
        PMS_db.user_roles r1_0 
    join
        PMS_db.roles r1_1 
            on r1_1.id=r1_0.role_id 
    where
        r1_0.user_id=?
2026-03-31 12:03:14 [http-nio-0.0.0.0-9090-exec-2] DEBUG org.hibernate.SQL - 
    select
        rm1_0.id,
        b1_0.building_id,
        b1_0.created_on,
        b1_0.description,
        b1_0.building_name,
        rm1_0.building_id,
        rm1_0.building_name,
        rm1_0.created_on,
        f1_0.floor_id,
        f1_0.created_on,
        f1_0.description,
        f1_0.floor_name,
        f1_0.no_of_rooms,
        rm1_0.floor_id,
        rm1_0.floor_name,
        rm1_0.handicap,
        rm1_0.non_room,
        rm1_0.room_name,
        rm1_0.room_short_name,
        rm1_0.room_status,
        rst1_0.room_status_id,
        rst1_0.created_on,
        rst1_0.room_status_color,
        rst1_0.room_status_name,
        rst1_0.room_status_text_color,
        rst1_0.room_status_title,
        rm1_0.room_status_table_id,
        rt1_0.room_id,
        rt1_0.created_on,
        rt1_0.price,
        rt1_0.room_type_name,
        rt1_0.short_name,
        rm1_0.room_type_id,
        rm1_0.room_type_name,
        rm1_0.smoking 
    from
        PMS_db.room_master rm1_0 
    left join
        PMS_db.building b1_0 
            on b1_0.building_id=rm1_0.building_id 
    left join
        PMS_db.floor f1_0 
            on f1_0.floor_id=rm1_0.floor_id 
    left join
        PMS_db.room_status rst1_0 
            on rst1_0.room_status_id=rm1_0.room_status_id 
    left join
        PMS_db.room_type rt1_0 
            on rt1_0.room_id=rm1_0.room_type_id 
    where
        rm1_0.id=?
2026-03-31 12:03:44 [http-nio-0.0.0.0-9090-exec-2] ERROR o.a.c.c.C.[.[.[.[dispatcherServlet] - Servlet.service() for servlet [dispatcherServlet] in context with path [] threw exception [Request processing failed: java.lang.NullPointerException: Cannot invoke "com.pms.room.entity.RoomMaster.getRoomStatusTableId()" because "rMaster" is null] with root cause
java.lang.NullPointerException: Cannot invoke "com.pms.room.entity.RoomMaster.getRoomStatusTableId()" because "rMaster" is null
	at com.pms.roommaster.services.impl.RoomMasterServiceImpl.getRoomMaster(RoomMasterServiceImpl.java:62)
	at com.pms.room.controller.RoomMasterController.getRoomMaster(RoomMasterController.java:70)
	at java.base/jdk.internal.reflect.NativeMethodAccessorImpl.invoke0(Native Method)
	at java.base/jdk.internal.reflect.NativeMethodAccessorImpl.invoke(NativeMethodAccessorImpl.java:77)
	at java.base/jdk.internal.reflect.DelegatingMethodAccessorImpl.invoke(DelegatingMethodAccessorImpl.java:43)
	at java.base/java.lang.reflect.Method.invoke(Method.java:568)
	at org.springframework.web.method.support.InvocableHandlerMethod.doInvoke(InvocableHandlerMethod.java:255)
	at org.springframework.web.method.support.InvocableHandlerMethod.invokeForRequest(InvocableHandlerMethod.java:188)
	at org.springframework.web.servlet.mvc.method.annotation.ServletInvocableHandlerMethod.invokeAndHandle(ServletInvocableHandlerMethod.java:118)
	at org.springframework.web.servlet.mvc.method.annotation.RequestMappingHandlerAdapter.invokeHandlerMethod(RequestMappingHandlerAdapter.java:926)
	at org.springframework.web.servlet.mvc.method.annotation.RequestMappingHandlerAdapter.handleInternal(RequestMappingHandlerAdapter.java:831)
	at org.springframework.web.servlet.mvc.method.AbstractHandlerMethodAdapter.handle(AbstractHandlerMethodAdapter.java:87)
	at org.springframework.web.servlet.DispatcherServlet.doDispatch(DispatcherServlet.java:1089)
	at org.springframework.web.servlet.DispatcherServlet.doService(DispatcherServlet.java:979)
	at org.springframework.web.servlet.FrameworkServlet.processRequest(FrameworkServlet.java:1014)
	at org.springframework.web.servlet.FrameworkServlet.doGet(FrameworkServlet.java:903)
	at jakarta.servlet.http.HttpServlet.service(HttpServlet.java:564)
	at org.springframework.web.servlet.FrameworkServlet.service(FrameworkServlet.java:885)
	at jakarta.servlet.http.HttpServlet.service(HttpServlet.java:658)
	at org.apache.catalina.core.ApplicationFilterChain.internalDoFilter(ApplicationFilterChain.java:206)
	at org.apache.catalina.core.ApplicationFilterChain.doFilter(ApplicationFilterChain.java:150)
	at org.apache.tomcat.websocket.server.WsFilter.doFilter(WsFilter.java:51)
	at org.apache.catalina.core.ApplicationFilterChain.internalDoFilter(ApplicationFilterChain.java:175)
	at org.apache.catalina.core.ApplicationFilterChain.doFilter(ApplicationFilterChain.java:150)
	at com.pms.security.util.filter.JwtAuthFilter.doFilter(JwtAuthFilter.java:62)
	at org.apache.catalina.core.ApplicationFilterChain.internalDoFilter(ApplicationFilterChain.java:175)
	at org.apache.catalina.core.ApplicationFilterChain.doFilter(ApplicationFilterChain.java:150)
	at org.springframework.web.filter.CompositeFilter$VirtualFilterChain.doFilter(CompositeFilter.java:108)
	at org.springframework.security.web.FilterChainProxy.lambda$doFilterInternal$3(FilterChainProxy.java:231)
	at org.springframework.security.web.FilterChainProxy$VirtualFilterChain.doFilter(FilterChainProxy.java:365)
	at org.springframework.security.web.access.intercept.AuthorizationFilter.doFilter(AuthorizationFilter.java:100)
	at org.springframework.security.web.FilterChainProxy$VirtualFilterChain.doFilter(FilterChainProxy.java:374)
	at org.springframework.security.web.access.ExceptionTranslationFilter.doFilter(ExceptionTranslationFilter.java:126)
	at org.springframework.security.web.access.ExceptionTranslationFilter.doFilter(ExceptionTranslationFilter.java:120)
	at org.springframework.security.web.FilterChainProxy$VirtualFilterChain.doFilter(FilterChainProxy.java:374)
	at org.springframework.security.web.authentication.AnonymousAuthenticationFilter.doFilter(AnonymousAuthenticationFilter.java:100)
	at org.springframework.security.web.FilterChainProxy$VirtualFilterChain.doFilter(FilterChainProxy.java:374)
	at org.springframework.security.web.servletapi.SecurityContextHolderAwareRequestFilter.doFilter(SecurityContextHolderAwareRequestFilter.java:179)
	at org.springframework.security.web.FilterChainProxy$VirtualFilterChain.doFilter(FilterChainProxy.java:374)
	at org.springframework.security.web.savedrequest.RequestCacheAwareFilter.doFilter(RequestCacheAwareFilter.java:63)
	at org.springframework.security.web.FilterChainProxy$VirtualFilterChain.doFilter(FilterChainProxy.java:374)
	at com.pms.security.util.filter.JwtAuthFilter.doFilter(JwtAuthFilter.java:62)
	at org.springframework.security.web.FilterChainProxy$VirtualFilterChain.doFilter(FilterChainProxy.java:374)
	at org.springframework.security.web.authentication.logout.LogoutFilter.doFilter(LogoutFilter.java:107)
	at org.springframework.security.web.authentication.logout.LogoutFilter.doFilter(LogoutFilter.java:93)
	at org.springframework.security.web.FilterChainProxy$VirtualFilterChain.doFilter(FilterChainProxy.java:374)
	at org.springframework.web.filter.CorsFilter.doFilterInternal(CorsFilter.java:91)
	at org.springframework.web.filter.OncePerRequestFilter.doFilter(OncePerRequestFilter.java:116)
	at org.springframework.security.web.FilterChainProxy$VirtualFilterChain.doFilter(FilterChainProxy.java:374)
	at org.springframework.security.web.header.HeaderWriterFilter.doHeadersAfter(HeaderWriterFilter.java:90)
	at org.springframework.security.web.header.HeaderWriterFilter.doFilterInternal(HeaderWriterFilter.java:75)
	at org.springframework.web.filter.OncePerRequestFilter.doFilter(OncePerRequestFilter.java:116)
	at org.springframework.security.web.FilterChainProxy$VirtualFilterChain.doFilter(FilterChainProxy.java:374)
	at org.springframework.security.web.context.SecurityContextHolderFilter.doFilter(SecurityContextHolderFilter.java:82)
	at org.springframework.security.web.context.SecurityContextHolderFilter.doFilter(SecurityContextHolderFilter.java:69)
	at org.springframework.security.web.FilterChainProxy$VirtualFilterChain.doFilter(FilterChainProxy.java:374)
	at org.springframework.security.web.context.request.async.WebAsyncManagerIntegrationFilter.doFilterInternal(WebAsyncManagerIntegrationFilter.java:62)
	at org.springframework.web.filter.OncePerRequestFilter.doFilter(OncePerRequestFilter.java:116)
	at org.springframework.security.web.FilterChainProxy$VirtualFilterChain.doFilter(FilterChainProxy.java:374)
	at org.springframework.security.web.session.DisableEncodeUrlFilter.doFilterInternal(DisableEncodeUrlFilter.java:42)
	at org.springframework.web.filter.OncePerRequestFilter.doFilter(OncePerRequestFilter.java:116)
	at org.springframework.security.web.FilterChainProxy$VirtualFilterChain.doFilter(FilterChainProxy.java:374)
	at org.springframework.security.web.FilterChainProxy.doFilterInternal(FilterChainProxy.java:233)
	at org.springframework.security.web.FilterChainProxy.doFilter(FilterChainProxy.java:191)
	at org.springframework.web.filter.CompositeFilter$VirtualFilterChain.doFilter(CompositeFilter.java:113)
	at org.springframework.web.servlet.handler.HandlerMappingIntrospector.lambda$createCacheFilter$3(HandlerMappingIntrospector.java:195)
	at org.springframework.web.filter.CompositeFilter$VirtualFilterChain.doFilter(CompositeFilter.java:113)
	at org.springframework.web.filter.CompositeFilter.doFilter(CompositeFilter.java:74)
	at org.springframework.security.config.annotation.web.configuration.WebMvcSecurityConfiguration$CompositeFilterChainProxy.doFilter(WebMvcSecurityConfiguration.java:230)
	at org.springframework.web.filter.DelegatingFilterProxy.invokeDelegate(DelegatingFilterProxy.java:352)
	at org.springframework.web.filter.DelegatingFilterProxy.doFilter(DelegatingFilterProxy.java:268)
	at org.apache.catalina.core.ApplicationFilterChain.internalDoFilter(ApplicationFilterChain.java:175)
	at org.apache.catalina.core.ApplicationFilterChain.doFilter(ApplicationFilterChain.java:150)
	at org.springframework.web.filter.RequestContextFilter.doFilterInternal(RequestContextFilter.java:100)
	at org.springframework.web.filter.OncePerRequestFilter.doFilter(OncePerRequestFilter.java:116)
	at org.apache.catalina.core.ApplicationFilterChain.internalDoFilter(ApplicationFilterChain.java:175)
	at org.apache.catalina.core.ApplicationFilterChain.doFilter(ApplicationFilterChain.java:150)
	at org.springframework.web.filter.FormContentFilter.doFilterInternal(FormContentFilter.java:93)
	at org.springframework.web.filter.OncePerRequestFilter.doFilter(OncePerRequestFilter.java:116)
	at org.apache.catalina.core.ApplicationFilterChain.internalDoFilter(ApplicationFilterChain.java:175)
	at org.apache.catalina.core.ApplicationFilterChain.doFilter(ApplicationFilterChain.java:150)
	at org.springframework.web.filter.CharacterEncodingFilter.doFilterInternal(CharacterEncodingFilter.java:201)
	at org.springframework.web.filter.OncePerRequestFilter.doFilter(OncePerRequestFilter.java:116)
	at org.apache.catalina.core.ApplicationFilterChain.internalDoFilter(ApplicationFilterChain.java:175)
	at org.apache.catalina.core.ApplicationFilterChain.doFilter(ApplicationFilterChain.java:150)
	at org.apache.catalina.core.StandardWrapperValve.invoke(StandardWrapperValve.java:167)
	at org.apache.catalina.core.StandardContextValve.invoke(StandardContextValve.java:90)
	at org.apache.catalina.authenticator.AuthenticatorBase.invoke(AuthenticatorBase.java:482)
	at org.apache.catalina.core.StandardHostValve.invoke(StandardHostValve.java:115)
	at org.apache.catalina.valves.ErrorReportValve.invoke(ErrorReportValve.java:93)
	at org.apache.catalina.core.StandardEngineValve.invoke(StandardEngineValve.java:74)
	at org.apache.catalina.connector.CoyoteAdapter.service(CoyoteAdapter.java:344)
	at org.apache.coyote.http11.Http11Processor.service(Http11Processor.java:391)
	at org.apache.coyote.AbstractProcessorLight.process(AbstractProcessorLight.java:63)
	at org.apache.coyote.AbstractProtocol$ConnectionHandler.process(AbstractProtocol.java:896)
	at org.apache.tomcat.util.net.NioEndpoint$SocketProcessor.doRun(NioEndpoint.java:1736)
	at org.apache.tomcat.util.net.SocketProcessorBase.run(SocketProcessorBase.java:52)
	at org.apache.tomcat.util.threads.ThreadPoolExecutor.runWorker(ThreadPoolExecutor.java:1191)
	at org.apache.tomcat.util.threads.ThreadPoolExecutor$Worker.run(ThreadPoolExecutor.java:659)
	at org.apache.tomcat.util.threads.TaskThread$WrappingRunnable.run(TaskThread.java:63)
	at java.base/java.lang.Thread.run(Thread.java:842)
2026-03-31 12:03:44 [http-nio-0.0.0.0-9090-exec-2] DEBUG org.hibernate.SQL - 
    select
        u1_0.id,
        u1_0.email,
        u1_0.enabled,
        u1_0.password,
        u1_0.username 
    from
        PMS_db.users u1_0 
    where
        u1_0.username=?
2026-03-31 12:03:44 [http-nio-0.0.0.0-9090-exec-2] DEBUG org.hibernate.SQL - 
    select
        r1_0.user_id,
        r1_1.id,
        r1_1.name 
    from
        PMS_db.user_roles r1_0 
    join
        PMS_db.roles r1_1 
            on r1_1.id=r1_0.role_id 
    where
        r1_0.user_id=?
2026-03-31 12:03:56 [http-nio-0.0.0.0-9090-exec-3] DEBUG org.hibernate.SQL - 
    select
        u1_0.id,
        u1_0.email,
        u1_0.enabled,
        u1_0.password,
        u1_0.username 
    from
        PMS_db.users u1_0 
    where
        u1_0.username=?
2026-03-31 12:03:56 [http-nio-0.0.0.0-9090-exec-3] DEBUG org.hibernate.SQL - 
    select
        r1_0.user_id,
        r1_1.id,
        r1_1.name 
    from
        PMS_db.user_roles r1_0 
    join
        PMS_db.roles r1_1 
            on r1_1.id=r1_0.role_id 
    where
        r1_0.user_id=?
2026-03-31 12:03:56 [http-nio-0.0.0.0-9090-exec-3] DEBUG org.hibernate.SQL - 
    select
        u1_0.id,
        u1_0.email,
        u1_0.enabled,
        u1_0.password,
        u1_0.username 
    from
        PMS_db.users u1_0 
    where
        u1_0.username=?
2026-03-31 12:03:56 [http-nio-0.0.0.0-9090-exec-3] DEBUG org.hibernate.SQL - 
    select
        r1_0.user_id,
        r1_1.id,
        r1_1.name 
    from
        PMS_db.user_roles r1_0 
    join
        PMS_db.roles r1_1 
            on r1_1.id=r1_0.role_id 
    where
        r1_0.user_id=?
2026-03-31 12:04:00 [http-nio-0.0.0.0-9090-exec-3] DEBUG org.hibernate.SQL - 
    select
        rm1_0.id,
        b1_0.building_id,
        b1_0.created_on,
        b1_0.description,
        b1_0.building_name,
        rm1_0.building_id,
        rm1_0.building_name,
        rm1_0.created_on,
        f1_0.floor_id,
        f1_0.created_on,
        f1_0.description,
        f1_0.floor_name,
        f1_0.no_of_rooms,
        rm1_0.floor_id,
        rm1_0.floor_name,
        rm1_0.handicap,
        rm1_0.non_room,
        rm1_0.room_name,
        rm1_0.room_short_name,
        rm1_0.room_status,
        rst1_0.room_status_id,
        rst1_0.created_on,
        rst1_0.room_status_color,
        rst1_0.room_status_name,
        rst1_0.room_status_text_color,
        rst1_0.room_status_title,
        rm1_0.room_status_table_id,
        rt1_0.room_id,
        rt1_0.created_on,
        rt1_0.price,
        rt1_0.room_type_name,
        rt1_0.short_name,
        rm1_0.room_type_id,
        rm1_0.room_type_name,
        rm1_0.smoking 
    from
        PMS_db.room_master rm1_0 
    left join
        PMS_db.building b1_0 
            on b1_0.building_id=rm1_0.building_id 
    left join
        PMS_db.floor f1_0 
            on f1_0.floor_id=rm1_0.floor_id 
    left join
        PMS_db.room_status rst1_0 
            on rst1_0.room_status_id=rm1_0.room_status_id 
    left join
        PMS_db.room_type rt1_0 
            on rt1_0.room_id=rm1_0.room_type_id 
    where
        rm1_0.id=?
2026-03-31 12:04:21 [http-nio-0.0.0.0-9090-exec-3] DEBUG org.hibernate.SQL - 
    select
        rs1_0.room_status_id,
        rs1_0.created_on,
        rs1_0.room_status_color,
        rs1_0.room_status_name,
        rs1_0.room_status_text_color,
        rs1_0.room_status_title 
    from
        PMS_db.room_status rs1_0 
    where
        rs1_0.room_status_id=?
2026-03-31 12:04:21 [http-nio-0.0.0.0-9090-exec-3] ERROR o.a.c.c.C.[.[.[.[dispatcherServlet] - Servlet.service() for servlet [dispatcherServlet] in context with path [] threw exception [Request processing failed: org.springframework.http.converter.HttpMessageConversionException: Type definition error: [simple type, class org.hibernate.proxy.pojo.bytebuddy.ByteBuddyInterceptor]] with root cause
com.fasterxml.jackson.databind.exc.InvalidDefinitionException: No serializer found for class org.hibernate.proxy.pojo.bytebuddy.ByteBuddyInterceptor and no properties discovered to create BeanSerializer (to avoid exception, disable SerializationFeature.FAIL_ON_EMPTY_BEANS) (through reference chain: com.pms.room.entity.RoomMaster["roomStatusTable"]->com.pms.roomstatus.entity.RoomStatus$HibernateProxy$gFjZfRXg["hibernateLazyInitializer"])
	at com.fasterxml.jackson.databind.exc.InvalidDefinitionException.from(InvalidDefinitionException.java:77)
	at com.fasterxml.jackson.databind.SerializerProvider.reportBadDefinition(SerializerProvider.java:1308)
	at com.fasterxml.jackson.databind.DatabindContext.reportBadDefinition(DatabindContext.java:414)
	at com.fasterxml.jackson.databind.ser.impl.UnknownSerializer.failForEmpty(UnknownSerializer.java:53)
	at com.fasterxml.jackson.databind.ser.impl.UnknownSerializer.serialize(UnknownSerializer.java:30)
	at com.fasterxml.jackson.databind.ser.BeanPropertyWriter.serializeAsField(BeanPropertyWriter.java:732)
	at com.fasterxml.jackson.databind.ser.std.BeanSerializerBase.serializeFields(BeanSerializerBase.java:772)
	at com.fasterxml.jackson.databind.ser.BeanSerializer.serialize(BeanSerializer.java:178)
	at com.fasterxml.jackson.databind.ser.BeanPropertyWriter.serializeAsField(BeanPropertyWriter.java:732)
	at com.fasterxml.jackson.databind.ser.std.BeanSerializerBase.serializeFields(BeanSerializerBase.java:772)
	at com.fasterxml.jackson.databind.ser.BeanSerializer.serialize(BeanSerializer.java:178)
	at com.fasterxml.jackson.databind.ser.DefaultSerializerProvider._serialize(DefaultSerializerProvider.java:479)
	at com.fasterxml.jackson.databind.ser.DefaultSerializerProvider.serializeValue(DefaultSerializerProvider.java:318)
	at com.fasterxml.jackson.databind.ObjectWriter$Prefetch.serialize(ObjectWriter.java:1572)
	at com.fasterxml.jackson.databind.ObjectWriter.writeValue(ObjectWriter.java:1061)
	at org.springframework.http.converter.json.AbstractJackson2HttpMessageConverter.writeInternal(AbstractJackson2HttpMessageConverter.java:483)
	at org.springframework.http.converter.AbstractGenericHttpMessageConverter.write(AbstractGenericHttpMessageConverter.java:114)
	at org.springframework.web.servlet.mvc.method.annotation.AbstractMessageConverterMethodProcessor.writeWithMessageConverters(AbstractMessageConverterMethodProcessor.java:297)
	at org.springframework.web.servlet.mvc.method.annotation.HttpEntityMethodProcessor.handleReturnValue(HttpEntityMethodProcessor.java:245)
	at org.springframework.web.method.support.HandlerMethodReturnValueHandlerComposite.handleReturnValue(HandlerMethodReturnValueHandlerComposite.java:78)
	at org.springframework.web.servlet.mvc.method.annotation.ServletInvocableHandlerMethod.invokeAndHandle(ServletInvocableHandlerMethod.java:136)
	at org.springframework.web.servlet.mvc.method.annotation.RequestMappingHandlerAdapter.invokeHandlerMethod(RequestMappingHandlerAdapter.java:926)
	at org.springframework.web.servlet.mvc.method.annotation.RequestMappingHandlerAdapter.handleInternal(RequestMappingHandlerAdapter.java:831)
	at org.springframework.web.servlet.mvc.method.AbstractHandlerMethodAdapter.handle(AbstractHandlerMethodAdapter.java:87)
	at org.springframework.web.servlet.DispatcherServlet.doDispatch(DispatcherServlet.java:1089)
	at org.springframework.web.servlet.DispatcherServlet.doService(DispatcherServlet.java:979)
	at org.springframework.web.servlet.FrameworkServlet.processRequest(FrameworkServlet.java:1014)
	at org.springframework.web.servlet.FrameworkServlet.doGet(FrameworkServlet.java:903)
	at jakarta.servlet.http.HttpServlet.service(HttpServlet.java:564)
	at org.springframework.web.servlet.FrameworkServlet.service(FrameworkServlet.java:885)
	at jakarta.servlet.http.HttpServlet.service(HttpServlet.java:658)
	at org.apache.catalina.core.ApplicationFilterChain.internalDoFilter(ApplicationFilterChain.java:206)
	at org.apache.catalina.core.ApplicationFilterChain.doFilter(ApplicationFilterChain.java:150)
	at org.apache.tomcat.websocket.server.WsFilter.doFilter(WsFilter.java:51)
	at org.apache.catalina.core.ApplicationFilterChain.internalDoFilter(ApplicationFilterChain.java:175)
	at org.apache.catalina.core.ApplicationFilterChain.doFilter(ApplicationFilterChain.java:150)
	at com.pms.security.util.filter.JwtAuthFilter.doFilter(JwtAuthFilter.java:62)
	at org.apache.catalina.core.ApplicationFilterChain.internalDoFilter(ApplicationFilterChain.java:175)
	at org.apache.catalina.core.ApplicationFilterChain.doFilter(ApplicationFilterChain.java:150)
	at org.springframework.web.filter.CompositeFilter$VirtualFilterChain.doFilter(CompositeFilter.java:108)
	at org.springframework.security.web.FilterChainProxy.lambda$doFilterInternal$3(FilterChainProxy.java:231)
	at org.springframework.security.web.FilterChainProxy$VirtualFilterChain.doFilter(FilterChainProxy.java:365)
	at org.springframework.security.web.access.intercept.AuthorizationFilter.doFilter(AuthorizationFilter.java:100)
	at org.springframework.security.web.FilterChainProxy$VirtualFilterChain.doFilter(FilterChainProxy.java:374)
	at org.springframework.security.web.access.ExceptionTranslationFilter.doFilter(ExceptionTranslationFilter.java:126)
	at org.springframework.security.web.access.ExceptionTranslationFilter.doFilter(ExceptionTranslationFilter.java:120)
	at org.springframework.security.web.FilterChainProxy$VirtualFilterChain.doFilter(FilterChainProxy.java:374)
	at org.springframework.security.web.authentication.AnonymousAuthenticationFilter.doFilter(AnonymousAuthenticationFilter.java:100)
	at org.springframework.security.web.FilterChainProxy$VirtualFilterChain.doFilter(FilterChainProxy.java:374)
	at org.springframework.security.web.servletapi.SecurityContextHolderAwareRequestFilter.doFilter(SecurityContextHolderAwareRequestFilter.java:179)
	at org.springframework.security.web.FilterChainProxy$VirtualFilterChain.doFilter(FilterChainProxy.java:374)
	at org.springframework.security.web.savedrequest.RequestCacheAwareFilter.doFilter(RequestCacheAwareFilter.java:63)
	at org.springframework.security.web.FilterChainProxy$VirtualFilterChain.doFilter(FilterChainProxy.java:374)
	at com.pms.security.util.filter.JwtAuthFilter.doFilter(JwtAuthFilter.java:62)
	at org.springframework.security.web.FilterChainProxy$VirtualFilterChain.doFilter(FilterChainProxy.java:374)
	at org.springframework.security.web.authentication.logout.LogoutFilter.doFilter(LogoutFilter.java:107)
	at org.springframework.security.web.authentication.logout.LogoutFilter.doFilter(LogoutFilter.java:93)
	at org.springframework.security.web.FilterChainProxy$VirtualFilterChain.doFilter(FilterChainProxy.java:374)
	at org.springframework.web.filter.CorsFilter.doFilterInternal(CorsFilter.java:91)
	at org.springframework.web.filter.OncePerRequestFilter.doFilter(OncePerRequestFilter.java:116)
	at org.springframework.security.web.FilterChainProxy$VirtualFilterChain.doFilter(FilterChainProxy.java:374)
	at org.springframework.security.web.header.HeaderWriterFilter.doHeadersAfter(HeaderWriterFilter.java:90)
	at org.springframework.security.web.header.HeaderWriterFilter.doFilterInternal(HeaderWriterFilter.java:75)
	at org.springframework.web.filter.OncePerRequestFilter.doFilter(OncePerRequestFilter.java:116)
	at org.springframework.security.web.FilterChainProxy$VirtualFilterChain.doFilter(FilterChainProxy.java:374)
	at org.springframework.security.web.context.SecurityContextHolderFilter.doFilter(SecurityContextHolderFilter.java:82)
	at org.springframework.security.web.context.SecurityContextHolderFilter.doFilter(SecurityContextHolderFilter.java:69)
	at org.springframework.security.web.FilterChainProxy$VirtualFilterChain.doFilter(FilterChainProxy.java:374)
	at org.springframework.security.web.context.request.async.WebAsyncManagerIntegrationFilter.doFilterInternal(WebAsyncManagerIntegrationFilter.java:62)
	at org.springframework.web.filter.OncePerRequestFilter.doFilter(OncePerRequestFilter.java:116)
	at org.springframework.security.web.FilterChainProxy$VirtualFilterChain.doFilter(FilterChainProxy.java:374)
	at org.springframework.security.web.session.DisableEncodeUrlFilter.doFilterInternal(DisableEncodeUrlFilter.java:42)
	at org.springframework.web.filter.OncePerRequestFilter.doFilter(OncePerRequestFilter.java:116)
	at org.springframework.security.web.FilterChainProxy$VirtualFilterChain.doFilter(FilterChainProxy.java:374)
	at org.springframework.security.web.FilterChainProxy.doFilterInternal(FilterChainProxy.java:233)
	at org.springframework.security.web.FilterChainProxy.doFilter(FilterChainProxy.java:191)
	at org.springframework.web.filter.CompositeFilter$VirtualFilterChain.doFilter(CompositeFilter.java:113)
	at org.springframework.web.servlet.handler.HandlerMappingIntrospector.lambda$createCacheFilter$3(HandlerMappingIntrospector.java:195)
	at org.springframework.web.filter.CompositeFilter$VirtualFilterChain.doFilter(CompositeFilter.java:113)
	at org.springframework.web.filter.CompositeFilter.doFilter(CompositeFilter.java:74)
	at org.springframework.security.config.annotation.web.configuration.WebMvcSecurityConfiguration$CompositeFilterChainProxy.doFilter(WebMvcSecurityConfiguration.java:230)
	at org.springframework.web.filter.DelegatingFilterProxy.invokeDelegate(DelegatingFilterProxy.java:352)
	at org.springframework.web.filter.DelegatingFilterProxy.doFilter(DelegatingFilterProxy.java:268)
	at org.apache.catalina.core.ApplicationFilterChain.internalDoFilter(ApplicationFilterChain.java:175)
	at org.apache.catalina.core.ApplicationFilterChain.doFilter(ApplicationFilterChain.java:150)
	at org.springframework.web.filter.RequestContextFilter.doFilterInternal(RequestContextFilter.java:100)
	at org.springframework.web.filter.OncePerRequestFilter.doFilter(OncePerRequestFilter.java:116)
	at org.apache.catalina.core.ApplicationFilterChain.internalDoFilter(ApplicationFilterChain.java:175)
	at org.apache.catalina.core.ApplicationFilterChain.doFilter(ApplicationFilterChain.java:150)
	at org.springframework.web.filter.FormContentFilter.doFilterInternal(FormContentFilter.java:93)
	at org.springframework.web.filter.OncePerRequestFilter.doFilter(OncePerRequestFilter.java:116)
	at org.apache.catalina.core.ApplicationFilterChain.internalDoFilter(ApplicationFilterChain.java:175)
	at org.apache.catalina.core.ApplicationFilterChain.doFilter(ApplicationFilterChain.java:150)
	at org.springframework.web.filter.CharacterEncodingFilter.doFilterInternal(CharacterEncodingFilter.java:201)
	at org.springframework.web.filter.OncePerRequestFilter.doFilter(OncePerRequestFilter.java:116)
	at org.apache.catalina.core.ApplicationFilterChain.internalDoFilter(ApplicationFilterChain.java:175)
	at org.apache.catalina.core.ApplicationFilterChain.doFilter(ApplicationFilterChain.java:150)
	at org.apache.catalina.core.StandardWrapperValve.invoke(StandardWrapperValve.java:167)
	at org.apache.catalina.core.StandardContextValve.invoke(StandardContextValve.java:90)
	at org.apache.catalina.authenticator.AuthenticatorBase.invoke(AuthenticatorBase.java:482)
	at org.apache.catalina.core.StandardHostValve.invoke(StandardHostValve.java:115)
	at org.apache.catalina.valves.ErrorReportValve.invoke(ErrorReportValve.java:93)
	at org.apache.catalina.core.StandardEngineValve.invoke(StandardEngineValve.java:74)
	at org.apache.catalina.connector.CoyoteAdapter.service(CoyoteAdapter.java:344)
	at org.apache.coyote.http11.Http11Processor.service(Http11Processor.java:391)
	at org.apache.coyote.AbstractProcessorLight.process(AbstractProcessorLight.java:63)
	at org.apache.coyote.AbstractProtocol$ConnectionHandler.process(AbstractProtocol.java:896)
	at org.apache.tomcat.util.net.NioEndpoint$SocketProcessor.doRun(NioEndpoint.java:1736)
	at org.apache.tomcat.util.net.SocketProcessorBase.run(SocketProcessorBase.java:52)
	at org.apache.tomcat.util.threads.ThreadPoolExecutor.runWorker(ThreadPoolExecutor.java:1191)
	at org.apache.tomcat.util.threads.ThreadPoolExecutor$Worker.run(ThreadPoolExecutor.java:659)
	at org.apache.tomcat.util.threads.TaskThread$WrappingRunnable.run(TaskThread.java:63)
	at java.base/java.lang.Thread.run(Thread.java:842)
2026-03-31 12:04:21 [http-nio-0.0.0.0-9090-exec-3] DEBUG org.hibernate.SQL - 
    select
        u1_0.id,
        u1_0.email,
        u1_0.enabled,
        u1_0.password,
        u1_0.username 
    from
        PMS_db.users u1_0 
    where
        u1_0.username=?
2026-03-31 12:04:21 [http-nio-0.0.0.0-9090-exec-3] DEBUG org.hibernate.SQL - 
    select
        r1_0.user_id,
        r1_1.id,
        r1_1.name 
    from
        PMS_db.user_roles r1_0 
    join
        PMS_db.roles r1_1 
            on r1_1.id=r1_0.role_id 
    where
        r1_0.user_id=?
2026-03-31 12:08:37 [File Watcher] INFO  o.s.b.d.a.LocalDevToolsAutoConfiguration$RestartingClassPathChangeChangedEventListener - Restarting due to 1 class path change (0 additions, 0 deletions, 1 modification)
2026-03-31 12:08:37 [Thread-5] INFO  o.s.o.j.LocalContainerEntityManagerFactoryBean - Closing JPA EntityManagerFactory for persistence unit 'default'
2026-03-31 12:08:37 [Thread-5] INFO  com.zaxxer.hikari.HikariDataSource - HikariPool-1 - Shutdown initiated...
2026-03-31 12:08:37 [Thread-5] INFO  com.zaxxer.hikari.HikariDataSource - HikariPool-1 - Shutdown completed.
2026-03-31 12:08:37 [restartedMain] INFO  com.pms.Application - Main Entry Point Class
2026-03-31 12:08:37 [restartedMain] INFO  com.pms.Application - Starting Application using Java 17.0.12 with PID 1608 (C:\Users\ADMIN\git\pms-project\PMS\target\classes started by ADMIN in C:\Users\ADMIN\git\pms-project\PMS)
2026-03-31 12:08:37 [restartedMain] DEBUG com.pms.Application - Running with Spring Boot v3.2.5, Spring v6.1.6
2026-03-31 12:08:37 [restartedMain] INFO  com.pms.Application - No active profile set, falling back to 1 default profile: "default"
2026-03-31 12:08:38 [restartedMain] INFO  o.s.d.r.c.RepositoryConfigurationDelegate - Bootstrapping Spring Data JPA repositories in DEFAULT mode.
2026-03-31 12:08:53 [restartedMain] INFO  com.pms.Application - Starting Application using Java 17.0.12 with PID 11004 (C:\Users\ADMIN\git\pms-project\PMS\target\classes started by ADMIN in C:\Users\ADMIN\git\pms-project\PMS)
2026-03-31 12:08:53 [restartedMain] DEBUG com.pms.Application - Running with Spring Boot v3.2.5, Spring v6.1.6
2026-03-31 12:08:53 [restartedMain] INFO  com.pms.Application - No active profile set, falling back to 1 default profile: "default"
2026-03-31 12:08:53 [restartedMain] INFO  o.s.b.d.e.DevToolsPropertyDefaultsPostProcessor - Devtools property defaults active! Set 'spring.devtools.add-properties' to 'false' to disable
2026-03-31 12:08:53 [restartedMain] INFO  o.s.b.d.e.DevToolsPropertyDefaultsPostProcessor - For additional web related logging consider setting the 'logging.level.web' property to 'DEBUG'
2026-03-31 12:08:53 [restartedMain] INFO  o.s.d.r.c.RepositoryConfigurationDelegate - Bootstrapping Spring Data JPA repositories in DEFAULT mode.
2026-03-31 12:08:53 [restartedMain] INFO  o.s.d.r.c.RepositoryConfigurationDelegate - Finished Spring Data repository scanning in 83 ms. Found 17 JPA repository interfaces.
2026-03-31 12:08:54 [restartedMain] INFO  o.s.b.w.e.tomcat.TomcatWebServer - Tomcat initialized with port 9090 (http)
2026-03-31 12:08:54 [restartedMain] INFO  o.a.catalina.core.StandardService - Starting service [Tomcat]
2026-03-31 12:08:54 [restartedMain] INFO  o.a.catalina.core.StandardEngine - Starting Servlet engine: [Apache Tomcat/10.1.20]
2026-03-31 12:08:54 [restartedMain] INFO  o.a.c.c.C.[Tomcat].[localhost].[/] - Initializing Spring embedded WebApplicationContext
2026-03-31 12:08:54 [restartedMain] INFO  o.s.b.w.s.c.ServletWebServerApplicationContext - Root WebApplicationContext: initialization completed in 1159 ms
2026-03-31 12:08:54 [restartedMain] INFO  o.h.jpa.internal.util.LogHelper - HHH000204: Processing PersistenceUnitInfo [name: default]
2026-03-31 12:08:54 [restartedMain] INFO  org.hibernate.Version - HHH000412: Hibernate ORM core version 6.4.4.Final
2026-03-31 12:08:54 [restartedMain] INFO  o.h.c.i.RegionFactoryInitiator - HHH000026: Second-level cache disabled
2026-03-31 12:08:54 [restartedMain] INFO  o.s.o.j.p.SpringPersistenceUnitInfo - No LoadTimeWeaver setup: ignoring JPA class transformer
2026-03-31 12:08:54 [restartedMain] INFO  com.zaxxer.hikari.HikariDataSource - HikariPool-1 - Starting...
2026-03-31 12:08:54 [restartedMain] INFO  com.zaxxer.hikari.pool.HikariPool - HikariPool-1 - Added connection org.postgresql.jdbc.PgConnection@57363707
2026-03-31 12:08:54 [restartedMain] INFO  com.zaxxer.hikari.HikariDataSource - HikariPool-1 - Start completed.
2026-03-31 12:08:54 [restartedMain] WARN  org.hibernate.orm.deprecation - HHH90000025: PostgreSQLDialect does not need to be specified explicitly using 'hibernate.dialect' (remove the property setting and it will be selected by default)
2026-03-31 12:08:55 [restartedMain] INFO  o.h.e.t.j.p.i.JtaPlatformInitiator - HHH000489: No JTA platform available (set 'hibernate.transaction.jta.platform' to enable JTA platform integration)
2026-03-31 12:08:55 [restartedMain] INFO  o.s.o.j.LocalContainerEntityManagerFactoryBean - Initialized JPA EntityManagerFactory for persistence unit 'default'
2026-03-31 12:08:56 [restartedMain] WARN  o.s.b.a.o.j.JpaBaseConfiguration$JpaWebConfiguration - spring.jpa.open-in-view is enabled by default. Therefore, database queries may be performed during view rendering. Explicitly configure spring.jpa.open-in-view to disable this warning
2026-03-31 12:08:56 [restartedMain] INFO  o.s.s.web.DefaultSecurityFilterChain - Will secure any request with [org.springframework.security.web.session.DisableEncodeUrlFilter@33315b91, org.springframework.security.web.context.request.async.WebAsyncManagerIntegrationFilter@696d91a2, org.springframework.security.web.context.SecurityContextHolderFilter@33fb12ea, org.springframework.security.web.header.HeaderWriterFilter@4b9b6a09, org.springframework.web.filter.CorsFilter@5a410590, org.springframework.security.web.authentication.logout.LogoutFilter@4f208cd3, com.pms.security.util.filter.JwtAuthFilter@2d15d0f5, org.springframework.security.web.savedrequest.RequestCacheAwareFilter@d805e4f, org.springframework.security.web.servletapi.SecurityContextHolderAwareRequestFilter@1ad3776, org.springframework.security.web.authentication.AnonymousAuthenticationFilter@44add1f7, org.springframework.security.web.access.ExceptionTranslationFilter@170aac98, org.springframework.security.web.access.intercept.AuthorizationFilter@6f16b21f]
2026-03-31 12:08:56 [restartedMain] INFO  o.s.b.d.a.OptionalLiveReloadServer - LiveReload server is running on port 35729
2026-03-31 12:08:56 [restartedMain] INFO  o.s.b.w.e.tomcat.TomcatWebServer - Tomcat started on port 9090 (http) with context path ''
2026-03-31 12:08:56 [restartedMain] INFO  com.pms.Application - Started Application in 4.016 seconds (process running for 4.472)
2026-03-31 12:09:35 [http-nio-0.0.0.0-9090-exec-1] INFO  o.a.c.c.C.[Tomcat].[localhost].[/] - Initializing Spring DispatcherServlet 'dispatcherServlet'
2026-03-31 12:09:35 [http-nio-0.0.0.0-9090-exec-1] INFO  o.s.web.servlet.DispatcherServlet - Initializing Servlet 'dispatcherServlet'
2026-03-31 12:09:35 [http-nio-0.0.0.0-9090-exec-1] INFO  o.s.web.servlet.DispatcherServlet - Completed initialization in 0 ms
2026-03-31 12:09:35 [http-nio-0.0.0.0-9090-exec-1] DEBUG org.hibernate.SQL - 
    select
        u1_0.id,
        u1_0.email,
        u1_0.enabled,
        u1_0.password,
        u1_0.username 
    from
        PMS_db.users u1_0 
    where
        u1_0.username=?
2026-03-31 12:09:35 [http-nio-0.0.0.0-9090-exec-1] DEBUG org.hibernate.SQL - 
    select
        r1_0.user_id,
        r1_1.id,
        r1_1.name 
    from
        PMS_db.user_roles r1_0 
    join
        PMS_db.roles r1_1 
            on r1_1.id=r1_0.role_id 
    where
        r1_0.user_id=?
2026-03-31 12:09:35 [http-nio-0.0.0.0-9090-exec-1] DEBUG org.hibernate.SQL - 
    select
        u1_0.id,
        u1_0.email,
        u1_0.enabled,
        u1_0.password,
        u1_0.username 
    from
        PMS_db.users u1_0 
    where
        u1_0.username=?
2026-03-31 12:09:35 [http-nio-0.0.0.0-9090-exec-1] DEBUG org.hibernate.SQL - 
    insert 
    into
        PMS_db.refresh_token
        (expiry_date, token, user_id) 
    values
        (?, ?, ?)
2026-03-31 12:11:51 [http-nio-0.0.0.0-9090-exec-7] DEBUG org.hibernate.SQL - 
    select
        u1_0.id,
        u1_0.email,
        u1_0.enabled,
        u1_0.password,
        u1_0.username 
    from
        PMS_db.users u1_0 
    where
        u1_0.username=?
2026-03-31 12:11:51 [http-nio-0.0.0.0-9090-exec-7] DEBUG org.hibernate.SQL - 
    select
        r1_0.user_id,
        r1_1.id,
        r1_1.name 
    from
        PMS_db.user_roles r1_0 
    join
        PMS_db.roles r1_1 
            on r1_1.id=r1_0.role_id 
    where
        r1_0.user_id=?
2026-03-31 12:11:51 [http-nio-0.0.0.0-9090-exec-7] DEBUG org.hibernate.SQL - 
    select
        u1_0.id,
        u1_0.email,
        u1_0.enabled,
        u1_0.password,
        u1_0.username 
    from
        PMS_db.users u1_0 
    where
        u1_0.username=?
2026-03-31 12:11:51 [http-nio-0.0.0.0-9090-exec-7] DEBUG org.hibernate.SQL - 
    insert 
    into
        PMS_db.refresh_token
        (expiry_date, token, user_id) 
    values
        (?, ?, ?)
2026-03-31 12:12:12 [http-nio-0.0.0.0-9090-exec-6] DEBUG org.hibernate.SQL - 
    select
        u1_0.id,
        u1_0.email,
        u1_0.enabled,
        u1_0.password,
        u1_0.username 
    from
        PMS_db.users u1_0 
    where
        u1_0.username=?
2026-03-31 12:12:12 [http-nio-0.0.0.0-9090-exec-6] DEBUG org.hibernate.SQL - 
    select
        r1_0.user_id,
        r1_1.id,
        r1_1.name 
    from
        PMS_db.user_roles r1_0 
    join
        PMS_db.roles r1_1 
            on r1_1.id=r1_0.role_id 
    where
        r1_0.user_id=?
2026-03-31 12:12:12 [http-nio-0.0.0.0-9090-exec-6] DEBUG org.hibernate.SQL - 
    select
        u1_0.id,
        u1_0.email,
        u1_0.enabled,
        u1_0.password,
        u1_0.username 
    from
        PMS_db.users u1_0 
    where
        u1_0.username=?
2026-03-31 12:12:12 [http-nio-0.0.0.0-9090-exec-6] DEBUG org.hibernate.SQL - 
    select
        r1_0.user_id,
        r1_1.id,
        r1_1.name 
    from
        PMS_db.user_roles r1_0 
    join
        PMS_db.roles r1_1 
            on r1_1.id=r1_0.role_id 
    where
        r1_0.user_id=?
2026-03-31 12:12:12 [http-nio-0.0.0.0-9090-exec-6] DEBUG org.hibernate.SQL - 
    select
        rm1_0.id,
        b1_0.building_id,
        b1_0.created_on,
        b1_0.description,
        b1_0.building_name,
        rm1_0.building_id,
        rm1_0.building_name,
        rm1_0.created_on,
        f1_0.floor_id,
        f1_0.created_on,
        f1_0.description,
        f1_0.floor_name,
        f1_0.no_of_rooms,
        rm1_0.floor_id,
        rm1_0.floor_name,
        rm1_0.handicap,
        rm1_0.non_room,
        rm1_0.room_name,
        rm1_0.room_short_name,
        rm1_0.room_status,
        rst1_0.room_status_id,
        rst1_0.created_on,
        rst1_0.room_status_color,
        rst1_0.room_status_name,
        rst1_0.room_status_text_color,
        rst1_0.room_status_title,
        rm1_0.room_status_table_id,
        rt1_0.room_id,
        rt1_0.created_on,
        rt1_0.price,
        rt1_0.room_type_name,
        rt1_0.short_name,
        rm1_0.room_type_id,
        rm1_0.room_type_name,
        rm1_0.smoking 
    from
        PMS_db.room_master rm1_0 
    left join
        PMS_db.building b1_0 
            on b1_0.building_id=rm1_0.building_id 
    left join
        PMS_db.floor f1_0 
            on f1_0.floor_id=rm1_0.floor_id 
    left join
        PMS_db.room_status rst1_0 
            on rst1_0.room_status_id=rm1_0.room_status_id 
    left join
        PMS_db.room_type rt1_0 
            on rt1_0.room_id=rm1_0.room_type_id 
    where
        rm1_0.id=?
2026-03-31 12:12:12 [http-nio-0.0.0.0-9090-exec-6] DEBUG org.hibernate.SQL - 
    select
        rs1_0.room_status_id,
        rs1_0.created_on,
        rs1_0.room_status_color,
        rs1_0.room_status_name,
        rs1_0.room_status_text_color,
        rs1_0.room_status_title 
    from
        PMS_db.room_status rs1_0 
    where
        rs1_0.room_status_id=?
2026-03-31 12:12:12 [http-nio-0.0.0.0-9090-exec-6] ERROR o.a.c.c.C.[.[.[.[dispatcherServlet] - Servlet.service() for servlet [dispatcherServlet] in context with path [] threw exception [Request processing failed: org.springframework.http.converter.HttpMessageConversionException: Type definition error: [simple type, class org.hibernate.proxy.pojo.bytebuddy.ByteBuddyInterceptor]] with root cause
com.fasterxml.jackson.databind.exc.InvalidDefinitionException: No serializer found for class org.hibernate.proxy.pojo.bytebuddy.ByteBuddyInterceptor and no properties discovered to create BeanSerializer (to avoid exception, disable SerializationFeature.FAIL_ON_EMPTY_BEANS) (through reference chain: com.pms.room.entity.RoomMaster["roomStatusTable"]->com.pms.roomstatus.entity.RoomStatus$HibernateProxy$zRW67GMo["hibernateLazyInitializer"])
	at com.fasterxml.jackson.databind.exc.InvalidDefinitionException.from(InvalidDefinitionException.java:77)
	at com.fasterxml.jackson.databind.SerializerProvider.reportBadDefinition(SerializerProvider.java:1308)
	at com.fasterxml.jackson.databind.DatabindContext.reportBadDefinition(DatabindContext.java:414)
	at com.fasterxml.jackson.databind.ser.impl.UnknownSerializer.failForEmpty(UnknownSerializer.java:53)
	at com.fasterxml.jackson.databind.ser.impl.UnknownSerializer.serialize(UnknownSerializer.java:30)
	at com.fasterxml.jackson.databind.ser.BeanPropertyWriter.serializeAsField(BeanPropertyWriter.java:732)
	at com.fasterxml.jackson.databind.ser.std.BeanSerializerBase.serializeFields(BeanSerializerBase.java:772)
	at com.fasterxml.jackson.databind.ser.BeanSerializer.serialize(BeanSerializer.java:178)
	at com.fasterxml.jackson.databind.ser.BeanPropertyWriter.serializeAsField(BeanPropertyWriter.java:732)
	at com.fasterxml.jackson.databind.ser.std.BeanSerializerBase.serializeFields(BeanSerializerBase.java:772)
	at com.fasterxml.jackson.databind.ser.BeanSerializer.serialize(BeanSerializer.java:178)
	at com.fasterxml.jackson.databind.ser.DefaultSerializerProvider._serialize(DefaultSerializerProvider.java:479)
	at com.fasterxml.jackson.databind.ser.DefaultSerializerProvider.serializeValue(DefaultSerializerProvider.java:318)
	at com.fasterxml.jackson.databind.ObjectWriter$Prefetch.serialize(ObjectWriter.java:1572)
	at com.fasterxml.jackson.databind.ObjectWriter.writeValue(ObjectWriter.java:1061)
	at org.springframework.http.converter.json.AbstractJackson2HttpMessageConverter.writeInternal(AbstractJackson2HttpMessageConverter.java:483)
	at org.springframework.http.converter.AbstractGenericHttpMessageConverter.write(AbstractGenericHttpMessageConverter.java:114)
	at org.springframework.web.servlet.mvc.method.annotation.AbstractMessageConverterMethodProcessor.writeWithMessageConverters(AbstractMessageConverterMethodProcessor.java:297)
	at org.springframework.web.servlet.mvc.method.annotation.HttpEntityMethodProcessor.handleReturnValue(HttpEntityMethodProcessor.java:245)
	at org.springframework.web.method.support.HandlerMethodReturnValueHandlerComposite.handleReturnValue(HandlerMethodReturnValueHandlerComposite.java:78)
	at org.springframework.web.servlet.mvc.method.annotation.ServletInvocableHandlerMethod.invokeAndHandle(ServletInvocableHandlerMethod.java:136)
	at org.springframework.web.servlet.mvc.method.annotation.RequestMappingHandlerAdapter.invokeHandlerMethod(RequestMappingHandlerAdapter.java:926)
	at org.springframework.web.servlet.mvc.method.annotation.RequestMappingHandlerAdapter.handleInternal(RequestMappingHandlerAdapter.java:831)
	at org.springframework.web.servlet.mvc.method.AbstractHandlerMethodAdapter.handle(AbstractHandlerMethodAdapter.java:87)
	at org.springframework.web.servlet.DispatcherServlet.doDispatch(DispatcherServlet.java:1089)
	at org.springframework.web.servlet.DispatcherServlet.doService(DispatcherServlet.java:979)
	at org.springframework.web.servlet.FrameworkServlet.processRequest(FrameworkServlet.java:1014)
	at org.springframework.web.servlet.FrameworkServlet.doGet(FrameworkServlet.java:903)
	at jakarta.servlet.http.HttpServlet.service(HttpServlet.java:564)
	at org.springframework.web.servlet.FrameworkServlet.service(FrameworkServlet.java:885)
	at jakarta.servlet.http.HttpServlet.service(HttpServlet.java:658)
	at org.apache.catalina.core.ApplicationFilterChain.internalDoFilter(ApplicationFilterChain.java:206)
	at org.apache.catalina.core.ApplicationFilterChain.doFilter(ApplicationFilterChain.java:150)
	at org.apache.tomcat.websocket.server.WsFilter.doFilter(WsFilter.java:51)
	at org.apache.catalina.core.ApplicationFilterChain.internalDoFilter(ApplicationFilterChain.java:175)
	at org.apache.catalina.core.ApplicationFilterChain.doFilter(ApplicationFilterChain.java:150)
	at com.pms.security.util.filter.JwtAuthFilter.doFilter(JwtAuthFilter.java:62)
	at org.apache.catalina.core.ApplicationFilterChain.internalDoFilter(ApplicationFilterChain.java:175)
	at org.apache.catalina.core.ApplicationFilterChain.doFilter(ApplicationFilterChain.java:150)
	at org.springframework.web.filter.CompositeFilter$VirtualFilterChain.doFilter(CompositeFilter.java:108)
	at org.springframework.security.web.FilterChainProxy.lambda$doFilterInternal$3(FilterChainProxy.java:231)
	at org.springframework.security.web.FilterChainProxy$VirtualFilterChain.doFilter(FilterChainProxy.java:365)
	at org.springframework.security.web.access.intercept.AuthorizationFilter.doFilter(AuthorizationFilter.java:100)
	at org.springframework.security.web.FilterChainProxy$VirtualFilterChain.doFilter(FilterChainProxy.java:374)
	at org.springframework.security.web.access.ExceptionTranslationFilter.doFilter(ExceptionTranslationFilter.java:126)
	at org.springframework.security.web.access.ExceptionTranslationFilter.doFilter(ExceptionTranslationFilter.java:120)
	at org.springframework.security.web.FilterChainProxy$VirtualFilterChain.doFilter(FilterChainProxy.java:374)
	at org.springframework.security.web.authentication.AnonymousAuthenticationFilter.doFilter(AnonymousAuthenticationFilter.java:100)
	at org.springframework.security.web.FilterChainProxy$VirtualFilterChain.doFilter(FilterChainProxy.java:374)
	at org.springframework.security.web.servletapi.SecurityContextHolderAwareRequestFilter.doFilter(SecurityContextHolderAwareRequestFilter.java:179)
	at org.springframework.security.web.FilterChainProxy$VirtualFilterChain.doFilter(FilterChainProxy.java:374)
	at org.springframework.security.web.savedrequest.RequestCacheAwareFilter.doFilter(RequestCacheAwareFilter.java:63)
	at org.springframework.security.web.FilterChainProxy$VirtualFilterChain.doFilter(FilterChainProxy.java:374)
	at com.pms.security.util.filter.JwtAuthFilter.doFilter(JwtAuthFilter.java:62)
	at org.springframework.security.web.FilterChainProxy$VirtualFilterChain.doFilter(FilterChainProxy.java:374)
	at org.springframework.security.web.authentication.logout.LogoutFilter.doFilter(LogoutFilter.java:107)
	at org.springframework.security.web.authentication.logout.LogoutFilter.doFilter(LogoutFilter.java:93)
	at org.springframework.security.web.FilterChainProxy$VirtualFilterChain.doFilter(FilterChainProxy.java:374)
	at org.springframework.web.filter.CorsFilter.doFilterInternal(CorsFilter.java:91)
	at org.springframework.web.filter.OncePerRequestFilter.doFilter(OncePerRequestFilter.java:116)
	at org.springframework.security.web.FilterChainProxy$VirtualFilterChain.doFilter(FilterChainProxy.java:374)
	at org.springframework.security.web.header.HeaderWriterFilter.doHeadersAfter(HeaderWriterFilter.java:90)
	at org.springframework.security.web.header.HeaderWriterFilter.doFilterInternal(HeaderWriterFilter.java:75)
	at org.springframework.web.filter.OncePerRequestFilter.doFilter(OncePerRequestFilter.java:116)
	at org.springframework.security.web.FilterChainProxy$VirtualFilterChain.doFilter(FilterChainProxy.java:374)
	at org.springframework.security.web.context.SecurityContextHolderFilter.doFilter(SecurityContextHolderFilter.java:82)
	at org.springframework.security.web.context.SecurityContextHolderFilter.doFilter(SecurityContextHolderFilter.java:69)
	at org.springframework.security.web.FilterChainProxy$VirtualFilterChain.doFilter(FilterChainProxy.java:374)
	at org.springframework.security.web.context.request.async.WebAsyncManagerIntegrationFilter.doFilterInternal(WebAsyncManagerIntegrationFilter.java:62)
	at org.springframework.web.filter.OncePerRequestFilter.doFilter(OncePerRequestFilter.java:116)
	at org.springframework.security.web.FilterChainProxy$VirtualFilterChain.doFilter(FilterChainProxy.java:374)
	at org.springframework.security.web.session.DisableEncodeUrlFilter.doFilterInternal(DisableEncodeUrlFilter.java:42)
	at org.springframework.web.filter.OncePerRequestFilter.doFilter(OncePerRequestFilter.java:116)
	at org.springframework.security.web.FilterChainProxy$VirtualFilterChain.doFilter(FilterChainProxy.java:374)
	at org.springframework.security.web.FilterChainProxy.doFilterInternal(FilterChainProxy.java:233)
	at org.springframework.security.web.FilterChainProxy.doFilter(FilterChainProxy.java:191)
	at org.springframework.web.filter.CompositeFilter$VirtualFilterChain.doFilter(CompositeFilter.java:113)
	at org.springframework.web.servlet.handler.HandlerMappingIntrospector.lambda$createCacheFilter$3(HandlerMappingIntrospector.java:195)
	at org.springframework.web.filter.CompositeFilter$VirtualFilterChain.doFilter(CompositeFilter.java:113)
	at org.springframework.web.filter.CompositeFilter.doFilter(CompositeFilter.java:74)
	at org.springframework.security.config.annotation.web.configuration.WebMvcSecurityConfiguration$CompositeFilterChainProxy.doFilter(WebMvcSecurityConfiguration.java:230)
	at org.springframework.web.filter.DelegatingFilterProxy.invokeDelegate(DelegatingFilterProxy.java:352)
	at org.springframework.web.filter.DelegatingFilterProxy.doFilter(DelegatingFilterProxy.java:268)
	at org.apache.catalina.core.ApplicationFilterChain.internalDoFilter(ApplicationFilterChain.java:175)
	at org.apache.catalina.core.ApplicationFilterChain.doFilter(ApplicationFilterChain.java:150)
	at org.springframework.web.filter.RequestContextFilter.doFilterInternal(RequestContextFilter.java:100)
	at org.springframework.web.filter.OncePerRequestFilter.doFilter(OncePerRequestFilter.java:116)
	at org.apache.catalina.core.ApplicationFilterChain.internalDoFilter(ApplicationFilterChain.java:175)
	at org.apache.catalina.core.ApplicationFilterChain.doFilter(ApplicationFilterChain.java:150)
	at org.springframework.web.filter.FormContentFilter.doFilterInternal(FormContentFilter.java:93)
	at org.springframework.web.filter.OncePerRequestFilter.doFilter(OncePerRequestFilter.java:116)
	at org.apache.catalina.core.ApplicationFilterChain.internalDoFilter(ApplicationFilterChain.java:175)
	at org.apache.catalina.core.ApplicationFilterChain.doFilter(ApplicationFilterChain.java:150)
	at org.springframework.web.filter.CharacterEncodingFilter.doFilterInternal(CharacterEncodingFilter.java:201)
	at org.springframework.web.filter.OncePerRequestFilter.doFilter(OncePerRequestFilter.java:116)
	at org.apache.catalina.core.ApplicationFilterChain.internalDoFilter(ApplicationFilterChain.java:175)
	at org.apache.catalina.core.ApplicationFilterChain.doFilter(ApplicationFilterChain.java:150)
	at org.apache.catalina.core.StandardWrapperValve.invoke(StandardWrapperValve.java:167)
	at org.apache.catalina.core.StandardContextValve.invoke(StandardContextValve.java:90)
	at org.apache.catalina.authenticator.AuthenticatorBase.invoke(AuthenticatorBase.java:482)
	at org.apache.catalina.core.StandardHostValve.invoke(StandardHostValve.java:115)
	at org.apache.catalina.valves.ErrorReportValve.invoke(ErrorReportValve.java:93)
	at org.apache.catalina.core.StandardEngineValve.invoke(StandardEngineValve.java:74)
	at org.apache.catalina.connector.CoyoteAdapter.service(CoyoteAdapter.java:344)
	at org.apache.coyote.http11.Http11Processor.service(Http11Processor.java:391)
	at org.apache.coyote.AbstractProcessorLight.process(AbstractProcessorLight.java:63)
	at org.apache.coyote.AbstractProtocol$ConnectionHandler.process(AbstractProtocol.java:896)
	at org.apache.tomcat.util.net.NioEndpoint$SocketProcessor.doRun(NioEndpoint.java:1736)
	at org.apache.tomcat.util.net.SocketProcessorBase.run(SocketProcessorBase.java:52)
	at org.apache.tomcat.util.threads.ThreadPoolExecutor.runWorker(ThreadPoolExecutor.java:1191)
	at org.apache.tomcat.util.threads.ThreadPoolExecutor$Worker.run(ThreadPoolExecutor.java:659)
	at org.apache.tomcat.util.threads.TaskThread$WrappingRunnable.run(TaskThread.java:63)
	at java.base/java.lang.Thread.run(Thread.java:842)
2026-03-31 12:12:12 [http-nio-0.0.0.0-9090-exec-6] DEBUG org.hibernate.SQL - 
    select
        u1_0.id,
        u1_0.email,
        u1_0.enabled,
        u1_0.password,
        u1_0.username 
    from
        PMS_db.users u1_0 
    where
        u1_0.username=?
2026-03-31 12:12:12 [http-nio-0.0.0.0-9090-exec-6] DEBUG org.hibernate.SQL - 
    select
        r1_0.user_id,
        r1_1.id,
        r1_1.name 
    from
        PMS_db.user_roles r1_0 
    join
        PMS_db.roles r1_1 
            on r1_1.id=r1_0.role_id 
    where
        r1_0.user_id=?
2026-03-31 12:15:15 [http-nio-0.0.0.0-9090-exec-7] INFO  o.s.api.AbstractOpenApiResource - Init duration for springdoc-openapi is: 580 ms
2026-03-31 12:15:38 [http-nio-0.0.0.0-9090-exec-6] DEBUG org.hibernate.SQL - 
    select
        u1_0.id,
        u1_0.email,
        u1_0.enabled,
        u1_0.password,
        u1_0.username 
    from
        PMS_db.users u1_0 
    where
        u1_0.username=?
2026-03-31 12:15:38 [http-nio-0.0.0.0-9090-exec-6] DEBUG org.hibernate.SQL - 
    select
        r1_0.user_id,
        r1_1.id,
        r1_1.name 
    from
        PMS_db.user_roles r1_0 
    join
        PMS_db.roles r1_1 
            on r1_1.id=r1_0.role_id 
    where
        r1_0.user_id=?
2026-03-31 12:15:38 [http-nio-0.0.0.0-9090-exec-6] DEBUG org.hibernate.SQL - 
    select
        u1_0.id,
        u1_0.email,
        u1_0.enabled,
        u1_0.password,
        u1_0.username 
    from
        PMS_db.users u1_0 
    where
        u1_0.username=?
2026-03-31 12:15:38 [http-nio-0.0.0.0-9090-exec-6] DEBUG org.hibernate.SQL - 
    insert 
    into
        PMS_db.refresh_token
        (expiry_date, token, user_id) 
    values
        (?, ?, ?)
2026-03-31 12:17:50 [http-nio-0.0.0.0-9090-exec-1] DEBUG org.hibernate.SQL - 
    select
        u1_0.id,
        u1_0.email,
        u1_0.enabled,
        u1_0.password,
        u1_0.username 
    from
        PMS_db.users u1_0 
    where
        u1_0.username=?
2026-03-31 12:17:50 [http-nio-0.0.0.0-9090-exec-1] DEBUG org.hibernate.SQL - 
    select
        r1_0.user_id,
        r1_1.id,
        r1_1.name 
    from
        PMS_db.user_roles r1_0 
    join
        PMS_db.roles r1_1 
            on r1_1.id=r1_0.role_id 
    where
        r1_0.user_id=?
2026-03-31 12:17:50 [http-nio-0.0.0.0-9090-exec-1] DEBUG org.hibernate.SQL - 
    select
        u1_0.id,
        u1_0.email,
        u1_0.enabled,
        u1_0.password,
        u1_0.username 
    from
        PMS_db.users u1_0 
    where
        u1_0.username=?
2026-03-31 12:17:50 [http-nio-0.0.0.0-9090-exec-1] DEBUG org.hibernate.SQL - 
    select
        r1_0.user_id,
        r1_1.id,
        r1_1.name 
    from
        PMS_db.user_roles r1_0 
    join
        PMS_db.roles r1_1 
            on r1_1.id=r1_0.role_id 
    where
        r1_0.user_id=?
2026-03-31 12:17:50 [http-nio-0.0.0.0-9090-exec-1] DEBUG org.hibernate.SQL - 
    select
        rm1_0.id,
        b1_0.building_id,
        b1_0.created_on,
        b1_0.description,
        b1_0.building_name,
        rm1_0.building_id,
        rm1_0.building_name,
        rm1_0.created_on,
        f1_0.floor_id,
        f1_0.created_on,
        f1_0.description,
        f1_0.floor_name,
        f1_0.no_of_rooms,
        rm1_0.floor_id,
        rm1_0.floor_name,
        rm1_0.handicap,
        rm1_0.non_room,
        rm1_0.room_name,
        rm1_0.room_short_name,
        rm1_0.room_status,
        rst1_0.room_status_id,
        rst1_0.created_on,
        rst1_0.room_status_color,
        rst1_0.room_status_name,
        rst1_0.room_status_text_color,
        rst1_0.room_status_title,
        rm1_0.room_status_table_id,
        rt1_0.room_id,
        rt1_0.created_on,
        rt1_0.price,
        rt1_0.room_type_name,
        rt1_0.short_name,
        rm1_0.room_type_id,
        rm1_0.room_type_name,
        rm1_0.smoking 
    from
        PMS_db.room_master rm1_0 
    left join
        PMS_db.building b1_0 
            on b1_0.building_id=rm1_0.building_id 
    left join
        PMS_db.floor f1_0 
            on f1_0.floor_id=rm1_0.floor_id 
    left join
        PMS_db.room_status rst1_0 
            on rst1_0.room_status_id=rm1_0.room_status_id 
    left join
        PMS_db.room_type rt1_0 
            on rt1_0.room_id=rm1_0.room_type_id 
    where
        rm1_0.id=?
2026-03-31 12:17:50 [http-nio-0.0.0.0-9090-exec-1] DEBUG org.hibernate.SQL - 
    select
        rs1_0.room_status_id,
        rs1_0.created_on,
        rs1_0.room_status_color,
        rs1_0.room_status_name,
        rs1_0.room_status_text_color,
        rs1_0.room_status_title 
    from
        PMS_db.room_status rs1_0 
    where
        rs1_0.room_status_id=?
2026-03-31 12:17:50 [http-nio-0.0.0.0-9090-exec-1] ERROR o.a.c.c.C.[.[.[.[dispatcherServlet] - Servlet.service() for servlet [dispatcherServlet] in context with path [] threw exception [Request processing failed: org.springframework.http.converter.HttpMessageConversionException: Type definition error: [simple type, class org.hibernate.proxy.pojo.bytebuddy.ByteBuddyInterceptor]] with root cause
com.fasterxml.jackson.databind.exc.InvalidDefinitionException: No serializer found for class org.hibernate.proxy.pojo.bytebuddy.ByteBuddyInterceptor and no properties discovered to create BeanSerializer (to avoid exception, disable SerializationFeature.FAIL_ON_EMPTY_BEANS) (through reference chain: com.pms.room.entity.RoomMaster["roomStatusTable"]->com.pms.roomstatus.entity.RoomStatus$HibernateProxy$zRW67GMo["hibernateLazyInitializer"])
	at com.fasterxml.jackson.databind.exc.InvalidDefinitionException.from(InvalidDefinitionException.java:77)
	at com.fasterxml.jackson.databind.SerializerProvider.reportBadDefinition(SerializerProvider.java:1308)
	at com.fasterxml.jackson.databind.DatabindContext.reportBadDefinition(DatabindContext.java:414)
	at com.fasterxml.jackson.databind.ser.impl.UnknownSerializer.failForEmpty(UnknownSerializer.java:53)
	at com.fasterxml.jackson.databind.ser.impl.UnknownSerializer.serialize(UnknownSerializer.java:30)
	at com.fasterxml.jackson.databind.ser.BeanPropertyWriter.serializeAsField(BeanPropertyWriter.java:732)
	at com.fasterxml.jackson.databind.ser.std.BeanSerializerBase.serializeFields(BeanSerializerBase.java:772)
	at com.fasterxml.jackson.databind.ser.BeanSerializer.serialize(BeanSerializer.java:178)
	at com.fasterxml.jackson.databind.ser.BeanPropertyWriter.serializeAsField(BeanPropertyWriter.java:732)
	at com.fasterxml.jackson.databind.ser.std.BeanSerializerBase.serializeFields(BeanSerializerBase.java:772)
	at com.fasterxml.jackson.databind.ser.BeanSerializer.serialize(BeanSerializer.java:178)
	at com.fasterxml.jackson.databind.ser.DefaultSerializerProvider._serialize(DefaultSerializerProvider.java:479)
	at com.fasterxml.jackson.databind.ser.DefaultSerializerProvider.serializeValue(DefaultSerializerProvider.java:318)
	at com.fasterxml.jackson.databind.ObjectWriter$Prefetch.serialize(ObjectWriter.java:1572)
	at com.fasterxml.jackson.databind.ObjectWriter.writeValue(ObjectWriter.java:1061)
	at org.springframework.http.converter.json.AbstractJackson2HttpMessageConverter.writeInternal(AbstractJackson2HttpMessageConverter.java:483)
	at org.springframework.http.converter.AbstractGenericHttpMessageConverter.write(AbstractGenericHttpMessageConverter.java:114)
	at org.springframework.web.servlet.mvc.method.annotation.AbstractMessageConverterMethodProcessor.writeWithMessageConverters(AbstractMessageConverterMethodProcessor.java:297)
	at org.springframework.web.servlet.mvc.method.annotation.HttpEntityMethodProcessor.handleReturnValue(HttpEntityMethodProcessor.java:245)
	at org.springframework.web.method.support.HandlerMethodReturnValueHandlerComposite.handleReturnValue(HandlerMethodReturnValueHandlerComposite.java:78)
	at org.springframework.web.servlet.mvc.method.annotation.ServletInvocableHandlerMethod.invokeAndHandle(ServletInvocableHandlerMethod.java:136)
	at org.springframework.web.servlet.mvc.method.annotation.RequestMappingHandlerAdapter.invokeHandlerMethod(RequestMappingHandlerAdapter.java:926)
	at org.springframework.web.servlet.mvc.method.annotation.RequestMappingHandlerAdapter.handleInternal(RequestMappingHandlerAdapter.java:831)
	at org.springframework.web.servlet.mvc.method.AbstractHandlerMethodAdapter.handle(AbstractHandlerMethodAdapter.java:87)
	at org.springframework.web.servlet.DispatcherServlet.doDispatch(DispatcherServlet.java:1089)
	at org.springframework.web.servlet.DispatcherServlet.doService(DispatcherServlet.java:979)
	at org.springframework.web.servlet.FrameworkServlet.processRequest(FrameworkServlet.java:1014)
	at org.springframework.web.servlet.FrameworkServlet.doGet(FrameworkServlet.java:903)
	at jakarta.servlet.http.HttpServlet.service(HttpServlet.java:564)
	at org.springframework.web.servlet.FrameworkServlet.service(FrameworkServlet.java:885)
	at jakarta.servlet.http.HttpServlet.service(HttpServlet.java:658)
	at org.apache.catalina.core.ApplicationFilterChain.internalDoFilter(ApplicationFilterChain.java:206)
	at org.apache.catalina.core.ApplicationFilterChain.doFilter(ApplicationFilterChain.java:150)
	at org.apache.tomcat.websocket.server.WsFilter.doFilter(WsFilter.java:51)
	at org.apache.catalina.core.ApplicationFilterChain.internalDoFilter(ApplicationFilterChain.java:175)
	at org.apache.catalina.core.ApplicationFilterChain.doFilter(ApplicationFilterChain.java:150)
	at com.pms.security.util.filter.JwtAuthFilter.doFilter(JwtAuthFilter.java:62)
	at org.apache.catalina.core.ApplicationFilterChain.internalDoFilter(ApplicationFilterChain.java:175)
	at org.apache.catalina.core.ApplicationFilterChain.doFilter(ApplicationFilterChain.java:150)
	at org.springframework.web.filter.CompositeFilter$VirtualFilterChain.doFilter(CompositeFilter.java:108)
	at org.springframework.security.web.FilterChainProxy.lambda$doFilterInternal$3(FilterChainProxy.java:231)
	at org.springframework.security.web.FilterChainProxy$VirtualFilterChain.doFilter(FilterChainProxy.java:365)
	at org.springframework.security.web.access.intercept.AuthorizationFilter.doFilter(AuthorizationFilter.java:100)
	at org.springframework.security.web.FilterChainProxy$VirtualFilterChain.doFilter(FilterChainProxy.java:374)
	at org.springframework.security.web.access.ExceptionTranslationFilter.doFilter(ExceptionTranslationFilter.java:126)
	at org.springframework.security.web.access.ExceptionTranslationFilter.doFilter(ExceptionTranslationFilter.java:120)
	at org.springframework.security.web.FilterChainProxy$VirtualFilterChain.doFilter(FilterChainProxy.java:374)
	at org.springframework.security.web.authentication.AnonymousAuthenticationFilter.doFilter(AnonymousAuthenticationFilter.java:100)
	at org.springframework.security.web.FilterChainProxy$VirtualFilterChain.doFilter(FilterChainProxy.java:374)
	at org.springframework.security.web.servletapi.SecurityContextHolderAwareRequestFilter.doFilter(SecurityContextHolderAwareRequestFilter.java:179)
	at org.springframework.security.web.FilterChainProxy$VirtualFilterChain.doFilter(FilterChainProxy.java:374)
	at org.springframework.security.web.savedrequest.RequestCacheAwareFilter.doFilter(RequestCacheAwareFilter.java:63)
	at org.springframework.security.web.FilterChainProxy$VirtualFilterChain.doFilter(FilterChainProxy.java:374)
	at com.pms.security.util.filter.JwtAuthFilter.doFilter(JwtAuthFilter.java:62)
	at org.springframework.security.web.FilterChainProxy$VirtualFilterChain.doFilter(FilterChainProxy.java:374)
	at org.springframework.security.web.authentication.logout.LogoutFilter.doFilter(LogoutFilter.java:107)
	at org.springframework.security.web.authentication.logout.LogoutFilter.doFilter(LogoutFilter.java:93)
	at org.springframework.security.web.FilterChainProxy$VirtualFilterChain.doFilter(FilterChainProxy.java:374)
	at org.springframework.web.filter.CorsFilter.doFilterInternal(CorsFilter.java:91)
	at org.springframework.web.filter.OncePerRequestFilter.doFilter(OncePerRequestFilter.java:116)
	at org.springframework.security.web.FilterChainProxy$VirtualFilterChain.doFilter(FilterChainProxy.java:374)
	at org.springframework.security.web.header.HeaderWriterFilter.doHeadersAfter(HeaderWriterFilter.java:90)
	at org.springframework.security.web.header.HeaderWriterFilter.doFilterInternal(HeaderWriterFilter.java:75)
	at org.springframework.web.filter.OncePerRequestFilter.doFilter(OncePerRequestFilter.java:116)
	at org.springframework.security.web.FilterChainProxy$VirtualFilterChain.doFilter(FilterChainProxy.java:374)
	at org.springframework.security.web.context.SecurityContextHolderFilter.doFilter(SecurityContextHolderFilter.java:82)
	at org.springframework.security.web.context.SecurityContextHolderFilter.doFilter(SecurityContextHolderFilter.java:69)
	at org.springframework.security.web.FilterChainProxy$VirtualFilterChain.doFilter(FilterChainProxy.java:374)
	at org.springframework.security.web.context.request.async.WebAsyncManagerIntegrationFilter.doFilterInternal(WebAsyncManagerIntegrationFilter.java:62)
	at org.springframework.web.filter.OncePerRequestFilter.doFilter(OncePerRequestFilter.java:116)
	at org.springframework.security.web.FilterChainProxy$VirtualFilterChain.doFilter(FilterChainProxy.java:374)
	at org.springframework.security.web.session.DisableEncodeUrlFilter.doFilterInternal(DisableEncodeUrlFilter.java:42)
	at org.springframework.web.filter.OncePerRequestFilter.doFilter(OncePerRequestFilter.java:116)
	at org.springframework.security.web.FilterChainProxy$VirtualFilterChain.doFilter(FilterChainProxy.java:374)
	at org.springframework.security.web.FilterChainProxy.doFilterInternal(FilterChainProxy.java:233)
	at org.springframework.security.web.FilterChainProxy.doFilter(FilterChainProxy.java:191)
	at org.springframework.web.filter.CompositeFilter$VirtualFilterChain.doFilter(CompositeFilter.java:113)
	at org.springframework.web.servlet.handler.HandlerMappingIntrospector.lambda$createCacheFilter$3(HandlerMappingIntrospector.java:195)
	at org.springframework.web.filter.CompositeFilter$VirtualFilterChain.doFilter(CompositeFilter.java:113)
	at org.springframework.web.filter.CompositeFilter.doFilter(CompositeFilter.java:74)
	at org.springframework.security.config.annotation.web.configuration.WebMvcSecurityConfiguration$CompositeFilterChainProxy.doFilter(WebMvcSecurityConfiguration.java:230)
	at org.springframework.web.filter.DelegatingFilterProxy.invokeDelegate(DelegatingFilterProxy.java:352)
	at org.springframework.web.filter.DelegatingFilterProxy.doFilter(DelegatingFilterProxy.java:268)
	at org.apache.catalina.core.ApplicationFilterChain.internalDoFilter(ApplicationFilterChain.java:175)
	at org.apache.catalina.core.ApplicationFilterChain.doFilter(ApplicationFilterChain.java:150)
	at org.springframework.web.filter.RequestContextFilter.doFilterInternal(RequestContextFilter.java:100)
	at org.springframework.web.filter.OncePerRequestFilter.doFilter(OncePerRequestFilter.java:116)
	at org.apache.catalina.core.ApplicationFilterChain.internalDoFilter(ApplicationFilterChain.java:175)
	at org.apache.catalina.core.ApplicationFilterChain.doFilter(ApplicationFilterChain.java:150)
	at org.springframework.web.filter.FormContentFilter.doFilterInternal(FormContentFilter.java:93)
	at org.springframework.web.filter.OncePerRequestFilter.doFilter(OncePerRequestFilter.java:116)
	at org.apache.catalina.core.ApplicationFilterChain.internalDoFilter(ApplicationFilterChain.java:175)
	at org.apache.catalina.core.ApplicationFilterChain.doFilter(ApplicationFilterChain.java:150)
	at org.springframework.web.filter.CharacterEncodingFilter.doFilterInternal(CharacterEncodingFilter.java:201)
	at org.springframework.web.filter.OncePerRequestFilter.doFilter(OncePerRequestFilter.java:116)
	at org.apache.catalina.core.ApplicationFilterChain.internalDoFilter(ApplicationFilterChain.java:175)
	at org.apache.catalina.core.ApplicationFilterChain.doFilter(ApplicationFilterChain.java:150)
	at org.apache.catalina.core.StandardWrapperValve.invoke(StandardWrapperValve.java:167)
	at org.apache.catalina.core.StandardContextValve.invoke(StandardContextValve.java:90)
	at org.apache.catalina.authenticator.AuthenticatorBase.invoke(AuthenticatorBase.java:482)
	at org.apache.catalina.core.StandardHostValve.invoke(StandardHostValve.java:115)
	at org.apache.catalina.valves.ErrorReportValve.invoke(ErrorReportValve.java:93)
	at org.apache.catalina.core.StandardEngineValve.invoke(StandardEngineValve.java:74)
	at org.apache.catalina.connector.CoyoteAdapter.service(CoyoteAdapter.java:344)
	at org.apache.coyote.http11.Http11Processor.service(Http11Processor.java:391)
	at org.apache.coyote.AbstractProcessorLight.process(AbstractProcessorLight.java:63)
	at org.apache.coyote.AbstractProtocol$ConnectionHandler.process(AbstractProtocol.java:896)
	at org.apache.tomcat.util.net.NioEndpoint$SocketProcessor.doRun(NioEndpoint.java:1736)
	at org.apache.tomcat.util.net.SocketProcessorBase.run(SocketProcessorBase.java:52)
	at org.apache.tomcat.util.threads.ThreadPoolExecutor.runWorker(ThreadPoolExecutor.java:1191)
	at org.apache.tomcat.util.threads.ThreadPoolExecutor$Worker.run(ThreadPoolExecutor.java:659)
	at org.apache.tomcat.util.threads.TaskThread$WrappingRunnable.run(TaskThread.java:63)
	at java.base/java.lang.Thread.run(Thread.java:842)
2026-03-31 12:17:50 [http-nio-0.0.0.0-9090-exec-1] DEBUG org.hibernate.SQL - 
    select
        u1_0.id,
        u1_0.email,
        u1_0.enabled,
        u1_0.password,
        u1_0.username 
    from
        PMS_db.users u1_0 
    where
        u1_0.username=?
2026-03-31 12:17:50 [http-nio-0.0.0.0-9090-exec-1] DEBUG org.hibernate.SQL - 
    select
        r1_0.user_id,
        r1_1.id,
        r1_1.name 
    from
        PMS_db.user_roles r1_0 
    join
        PMS_db.roles r1_1 
            on r1_1.id=r1_0.role_id 
    where
        r1_0.user_id=?
2026-03-31 12:18:48 [File Watcher] INFO  o.s.b.d.a.LocalDevToolsAutoConfiguration$RestartingClassPathChangeChangedEventListener - Restarting due to 1 class path change (0 additions, 0 deletions, 1 modification)
2026-03-31 12:18:48 [Thread-5] INFO  o.s.o.j.LocalContainerEntityManagerFactoryBean - Closing JPA EntityManagerFactory for persistence unit 'default'
2026-03-31 12:18:48 [Thread-5] INFO  com.zaxxer.hikari.HikariDataSource - HikariPool-1 - Shutdown initiated...
2026-03-31 12:18:48 [Thread-5] INFO  com.zaxxer.hikari.HikariDataSource - HikariPool-1 - Shutdown completed.
2026-03-31 12:18:48 [restartedMain] INFO  com.pms.Application - Main Entry Point Class
2026-03-31 12:18:48 [restartedMain] INFO  com.pms.Application - Starting Application using Java 17.0.12 with PID 11004 (C:\Users\ADMIN\git\pms-project\PMS\target\classes started by ADMIN in C:\Users\ADMIN\git\pms-project\PMS)
2026-03-31 12:18:48 [restartedMain] DEBUG com.pms.Application - Running with Spring Boot v3.2.5, Spring v6.1.6
2026-03-31 12:18:48 [restartedMain] INFO  com.pms.Application - No active profile set, falling back to 1 default profile: "default"
2026-03-31 12:18:48 [restartedMain] INFO  o.s.d.r.c.RepositoryConfigurationDelegate - Bootstrapping Spring Data JPA repositories in DEFAULT mode.
2026-03-31 12:18:48 [restartedMain] INFO  o.s.d.r.c.RepositoryConfigurationDelegate - Finished Spring Data repository scanning in 45 ms. Found 17 JPA repository interfaces.
2026-03-31 12:18:48 [restartedMain] INFO  o.s.b.w.e.tomcat.TomcatWebServer - Tomcat initialized with port 9090 (http)
2026-03-31 12:18:48 [restartedMain] INFO  o.a.catalina.core.StandardService - Starting service [Tomcat]
2026-03-31 12:18:48 [restartedMain] INFO  o.a.catalina.core.StandardEngine - Starting Servlet engine: [Apache Tomcat/10.1.20]
2026-03-31 12:18:48 [restartedMain] INFO  o.a.c.c.C.[Tomcat].[localhost].[/] - Initializing Spring embedded WebApplicationContext
2026-03-31 12:18:48 [restartedMain] INFO  o.s.b.w.s.c.ServletWebServerApplicationContext - Root WebApplicationContext: initialization completed in 350 ms
2026-03-31 12:18:48 [restartedMain] INFO  o.h.jpa.internal.util.LogHelper - HHH000204: Processing PersistenceUnitInfo [name: default]
2026-03-31 12:18:48 [restartedMain] INFO  o.h.c.i.RegionFactoryInitiator - HHH000026: Second-level cache disabled
2026-03-31 12:18:48 [restartedMain] INFO  o.s.o.j.p.SpringPersistenceUnitInfo - No LoadTimeWeaver setup: ignoring JPA class transformer
2026-03-31 12:18:48 [restartedMain] INFO  com.zaxxer.hikari.HikariDataSource - HikariPool-2 - Starting...
2026-03-31 12:18:48 [restartedMain] INFO  com.zaxxer.hikari.pool.HikariPool - HikariPool-2 - Added connection org.postgresql.jdbc.PgConnection@30838dd5
2026-03-31 12:18:48 [restartedMain] INFO  com.zaxxer.hikari.HikariDataSource - HikariPool-2 - Start completed.
2026-03-31 12:18:48 [restartedMain] WARN  org.hibernate.orm.deprecation - HHH90000025: PostgreSQLDialect does not need to be specified explicitly using 'hibernate.dialect' (remove the property setting and it will be selected by default)
2026-03-31 12:18:49 [restartedMain] INFO  o.h.e.t.j.p.i.JtaPlatformInitiator - HHH000489: No JTA platform available (set 'hibernate.transaction.jta.platform' to enable JTA platform integration)
2026-03-31 12:18:49 [restartedMain] INFO  o.s.o.j.LocalContainerEntityManagerFactoryBean - Initialized JPA EntityManagerFactory for persistence unit 'default'
2026-03-31 12:18:49 [restartedMain] WARN  o.s.b.a.o.j.JpaBaseConfiguration$JpaWebConfiguration - spring.jpa.open-in-view is enabled by default. Therefore, database queries may be performed during view rendering. Explicitly configure spring.jpa.open-in-view to disable this warning
2026-03-31 12:18:49 [restartedMain] INFO  o.s.s.web.DefaultSecurityFilterChain - Will secure any request with [org.springframework.security.web.session.DisableEncodeUrlFilter@739da04a, org.springframework.security.web.context.request.async.WebAsyncManagerIntegrationFilter@204a3084, org.springframework.security.web.context.SecurityContextHolderFilter@300129a6, org.springframework.security.web.header.HeaderWriterFilter@19217756, org.springframework.web.filter.CorsFilter@62e3e6d9, org.springframework.security.web.authentication.logout.LogoutFilter@b4bc074, com.pms.security.util.filter.JwtAuthFilter@14ea7c09, org.springframework.security.web.savedrequest.RequestCacheAwareFilter@13ecc8e2, org.springframework.security.web.servletapi.SecurityContextHolderAwareRequestFilter@2037db1b, org.springframework.security.web.authentication.AnonymousAuthenticationFilter@40a56277, org.springframework.security.web.access.ExceptionTranslationFilter@b6701ed, org.springframework.security.web.access.intercept.AuthorizationFilter@26009c9e]
2026-03-31 12:18:49 [restartedMain] INFO  o.s.b.d.a.OptionalLiveReloadServer - LiveReload server is running on port 35729
2026-03-31 12:18:49 [restartedMain] INFO  o.s.b.w.e.tomcat.TomcatWebServer - Tomcat started on port 9090 (http) with context path ''
2026-03-31 12:18:49 [restartedMain] INFO  com.pms.Application - Started Application in 1.169 seconds (process running for 597.143)
2026-03-31 12:18:49 [restartedMain] INFO  o.s.b.d.a.ConditionEvaluationDeltaLoggingListener - Condition evaluation unchanged
2026-03-31 12:18:49 [RMI TCP Connection(14)-127.0.0.1] INFO  o.s.b.a.SpringApplicationAdminMXBeanRegistrar$SpringApplicationAdmin - Application shutdown requested.
2026-03-31 12:18:49 [RMI TCP Connection(14)-127.0.0.1] INFO  o.s.o.j.LocalContainerEntityManagerFactoryBean - Closing JPA EntityManagerFactory for persistence unit 'default'
2026-03-31 12:18:49 [RMI TCP Connection(14)-127.0.0.1] INFO  com.zaxxer.hikari.HikariDataSource - HikariPool-2 - Shutdown initiated...
2026-03-31 12:18:49 [RMI TCP Connection(14)-127.0.0.1] INFO  com.zaxxer.hikari.HikariDataSource - HikariPool-2 - Shutdown completed.
2026-03-31 12:23:28 [restartedMain] INFO  com.pms.Application - Starting Application using Java 17.0.12 with PID 9584 (C:\Users\ADMIN\git\pms-project\PMS\target\classes started by ADMIN in C:\Users\ADMIN\git\pms-project\PMS)
2026-03-31 12:23:28 [restartedMain] DEBUG com.pms.Application - Running with Spring Boot v3.2.5, Spring v6.1.6
2026-03-31 12:23:28 [restartedMain] INFO  com.pms.Application - No active profile set, falling back to 1 default profile: "default"
2026-03-31 12:23:28 [restartedMain] INFO  o.s.b.d.e.DevToolsPropertyDefaultsPostProcessor - Devtools property defaults active! Set 'spring.devtools.add-properties' to 'false' to disable
2026-03-31 12:23:28 [restartedMain] INFO  o.s.b.d.e.DevToolsPropertyDefaultsPostProcessor - For additional web related logging consider setting the 'logging.level.web' property to 'DEBUG'
2026-03-31 12:23:28 [restartedMain] INFO  o.s.d.r.c.RepositoryConfigurationDelegate - Bootstrapping Spring Data JPA repositories in DEFAULT mode.
2026-03-31 12:23:28 [restartedMain] INFO  o.s.d.r.c.RepositoryConfigurationDelegate - Finished Spring Data repository scanning in 97 ms. Found 17 JPA repository interfaces.
2026-03-31 12:23:29 [restartedMain] INFO  o.s.b.w.e.tomcat.TomcatWebServer - Tomcat initialized with port 9090 (http)
2026-03-31 12:23:29 [restartedMain] INFO  o.a.catalina.core.StandardService - Starting service [Tomcat]
2026-03-31 12:23:29 [restartedMain] INFO  o.a.catalina.core.StandardEngine - Starting Servlet engine: [Apache Tomcat/10.1.20]
2026-03-31 12:23:29 [restartedMain] INFO  o.a.c.c.C.[Tomcat].[localhost].[/] - Initializing Spring embedded WebApplicationContext
2026-03-31 12:23:29 [restartedMain] INFO  o.s.b.w.s.c.ServletWebServerApplicationContext - Root WebApplicationContext: initialization completed in 1366 ms
2026-03-31 12:23:29 [restartedMain] INFO  o.h.jpa.internal.util.LogHelper - HHH000204: Processing PersistenceUnitInfo [name: default]
2026-03-31 12:23:29 [restartedMain] INFO  org.hibernate.Version - HHH000412: Hibernate ORM core version 6.4.4.Final
2026-03-31 12:23:29 [restartedMain] INFO  o.h.c.i.RegionFactoryInitiator - HHH000026: Second-level cache disabled
2026-03-31 12:23:29 [restartedMain] INFO  o.s.o.j.p.SpringPersistenceUnitInfo - No LoadTimeWeaver setup: ignoring JPA class transformer
2026-03-31 12:23:29 [restartedMain] INFO  com.zaxxer.hikari.HikariDataSource - HikariPool-1 - Starting...
2026-03-31 12:23:29 [restartedMain] INFO  com.zaxxer.hikari.pool.HikariPool - HikariPool-1 - Added connection org.postgresql.jdbc.PgConnection@5759cc0
2026-03-31 12:23:29 [restartedMain] INFO  com.zaxxer.hikari.HikariDataSource - HikariPool-1 - Start completed.
2026-03-31 12:23:29 [restartedMain] WARN  org.hibernate.orm.deprecation - HHH90000025: PostgreSQLDialect does not need to be specified explicitly using 'hibernate.dialect' (remove the property setting and it will be selected by default)
2026-03-31 12:23:31 [restartedMain] INFO  o.h.e.t.j.p.i.JtaPlatformInitiator - HHH000489: No JTA platform available (set 'hibernate.transaction.jta.platform' to enable JTA platform integration)
2026-03-31 12:23:31 [restartedMain] INFO  o.s.o.j.LocalContainerEntityManagerFactoryBean - Initialized JPA EntityManagerFactory for persistence unit 'default'
2026-03-31 12:23:31 [restartedMain] WARN  o.s.b.a.o.j.JpaBaseConfiguration$JpaWebConfiguration - spring.jpa.open-in-view is enabled by default. Therefore, database queries may be performed during view rendering. Explicitly configure spring.jpa.open-in-view to disable this warning
2026-03-31 12:23:32 [restartedMain] INFO  o.s.s.web.DefaultSecurityFilterChain - Will secure any request with [org.springframework.security.web.session.DisableEncodeUrlFilter@698b90a6, org.springframework.security.web.context.request.async.WebAsyncManagerIntegrationFilter@2c73e68a, org.springframework.security.web.context.SecurityContextHolderFilter@1edd828, org.springframework.security.web.header.HeaderWriterFilter@72c64510, org.springframework.web.filter.CorsFilter@1c727e94, org.springframework.security.web.authentication.logout.LogoutFilter@6b15c71f, com.pms.security.util.filter.JwtAuthFilter@3eba88f2, org.springframework.security.web.savedrequest.RequestCacheAwareFilter@13901aa9, org.springframework.security.web.servletapi.SecurityContextHolderAwareRequestFilter@39d0e5b1, org.springframework.security.web.authentication.AnonymousAuthenticationFilter@588a8b62, org.springframework.security.web.access.ExceptionTranslationFilter@63c6f8ec, org.springframework.security.web.access.intercept.AuthorizationFilter@1d4b1edb]
2026-03-31 12:23:32 [restartedMain] INFO  o.s.b.d.a.OptionalLiveReloadServer - LiveReload server is running on port 35729
2026-03-31 12:23:32 [restartedMain] INFO  o.s.b.w.e.tomcat.TomcatWebServer - Tomcat started on port 9090 (http) with context path ''
2026-03-31 12:23:32 [restartedMain] INFO  com.pms.Application - Started Application in 4.63 seconds (process running for 5.322)
2026-03-31 12:23:45 [http-nio-0.0.0.0-9090-exec-2] INFO  o.a.c.c.C.[Tomcat].[localhost].[/] - Initializing Spring DispatcherServlet 'dispatcherServlet'
2026-03-31 12:23:45 [http-nio-0.0.0.0-9090-exec-2] INFO  o.s.web.servlet.DispatcherServlet - Initializing Servlet 'dispatcherServlet'
2026-03-31 12:23:45 [http-nio-0.0.0.0-9090-exec-2] INFO  o.s.web.servlet.DispatcherServlet - Completed initialization in 0 ms
2026-03-31 12:23:45 [http-nio-0.0.0.0-9090-exec-2] DEBUG org.hibernate.SQL - 
    select
        u1_0.id,
        u1_0.email,
        u1_0.enabled,
        u1_0.password,
        u1_0.username 
    from
        PMS_db.users u1_0 
    where
        u1_0.username=?
2026-03-31 12:23:45 [http-nio-0.0.0.0-9090-exec-2] DEBUG org.hibernate.SQL - 
    select
        r1_0.user_id,
        r1_1.id,
        r1_1.name 
    from
        PMS_db.user_roles r1_0 
    join
        PMS_db.roles r1_1 
            on r1_1.id=r1_0.role_id 
    where
        r1_0.user_id=?
2026-03-31 12:23:45 [http-nio-0.0.0.0-9090-exec-2] DEBUG org.hibernate.SQL - 
    select
        u1_0.id,
        u1_0.email,
        u1_0.enabled,
        u1_0.password,
        u1_0.username 
    from
        PMS_db.users u1_0 
    where
        u1_0.username=?
2026-03-31 12:23:45 [http-nio-0.0.0.0-9090-exec-2] DEBUG org.hibernate.SQL - 
    insert 
    into
        PMS_db.refresh_token
        (expiry_date, token, user_id) 
    values
        (?, ?, ?)
2026-03-31 12:24:08 [http-nio-0.0.0.0-9090-exec-1] DEBUG org.hibernate.SQL - 
    select
        u1_0.id,
        u1_0.email,
        u1_0.enabled,
        u1_0.password,
        u1_0.username 
    from
        PMS_db.users u1_0 
    where
        u1_0.username=?
2026-03-31 12:24:08 [http-nio-0.0.0.0-9090-exec-1] DEBUG org.hibernate.SQL - 
    select
        r1_0.user_id,
        r1_1.id,
        r1_1.name 
    from
        PMS_db.user_roles r1_0 
    join
        PMS_db.roles r1_1 
            on r1_1.id=r1_0.role_id 
    where
        r1_0.user_id=?
2026-03-31 12:24:08 [http-nio-0.0.0.0-9090-exec-1] DEBUG org.hibernate.SQL - 
    select
        u1_0.id,
        u1_0.email,
        u1_0.enabled,
        u1_0.password,
        u1_0.username 
    from
        PMS_db.users u1_0 
    where
        u1_0.username=?
2026-03-31 12:24:08 [http-nio-0.0.0.0-9090-exec-1] DEBUG org.hibernate.SQL - 
    select
        r1_0.user_id,
        r1_1.id,
        r1_1.name 
    from
        PMS_db.user_roles r1_0 
    join
        PMS_db.roles r1_1 
            on r1_1.id=r1_0.role_id 
    where
        r1_0.user_id=?
2026-03-31 12:24:16 [http-nio-0.0.0.0-9090-exec-1] DEBUG org.hibernate.SQL - 
    select
        rm1_0.id,
        b1_0.building_id,
        b1_0.created_on,
        b1_0.description,
        b1_0.building_name,
        rm1_0.building_id,
        rm1_0.building_name,
        rm1_0.created_on,
        f1_0.floor_id,
        f1_0.created_on,
        f1_0.description,
        f1_0.floor_name,
        f1_0.no_of_rooms,
        rm1_0.floor_id,
        rm1_0.floor_name,
        rm1_0.handicap,
        rm1_0.non_room,
        rm1_0.room_name,
        rm1_0.room_short_name,
        rm1_0.room_status,
        rst1_0.room_status_id,
        rst1_0.created_on,
        rst1_0.room_status_color,
        rst1_0.room_status_name,
        rst1_0.room_status_text_color,
        rst1_0.room_status_title,
        rm1_0.room_type_id,
        rt1_0.room_id,
        rt1_0.created_on,
        rt1_0.price,
        rt1_0.room_type_name,
        rt1_0.short_name,
        rm1_0.room_type_name,
        rm1_0.smoking 
    from
        PMS_db.room_master rm1_0 
    left join
        PMS_db.building b1_0 
            on b1_0.building_id=rm1_0.building_id 
    left join
        PMS_db.floor f1_0 
            on f1_0.floor_id=rm1_0.floor_id 
    left join
        PMS_db.room_status rst1_0 
            on rst1_0.room_status_id=rm1_0.room_status_id 
    left join
        PMS_db.room_type rt1_0 
            on rt1_0.room_id=rm1_0.room_type_id 
    where
        rm1_0.id=?
2026-03-31 12:24:21 [http-nio-0.0.0.0-9090-exec-1] DEBUG org.hibernate.SQL - 
    select
        rs1_0.room_status_id,
        rs1_0.created_on,
        rs1_0.room_status_color,
        rs1_0.room_status_name,
        rs1_0.room_status_text_color,
        rs1_0.room_status_title 
    from
        PMS_db.room_status rs1_0 
    where
        rs1_0.room_status_id=?
2026-03-31 12:24:57 [RMI TCP Connection(5)-127.0.0.1] INFO  o.s.b.a.SpringApplicationAdminMXBeanRegistrar$SpringApplicationAdmin - Application shutdown requested.
2026-03-31 12:25:02 [RMI TCP Connection(5)-127.0.0.1] WARN  o.apache.tomcat.util.net.NioEndpoint - The executor associated with thread pool [http-nio-0.0.0.0-9090] has not fully shutdown. Some application threads may still be running.
2026-03-31 12:25:02 [RMI TCP Connection(5)-127.0.0.1] INFO  o.s.o.j.LocalContainerEntityManagerFactoryBean - Closing JPA EntityManagerFactory for persistence unit 'default'
2026-03-31 12:25:02 [RMI TCP Connection(5)-127.0.0.1] INFO  com.zaxxer.hikari.HikariDataSource - HikariPool-1 - Shutdown initiated...
2026-03-31 12:25:02 [RMI TCP Connection(5)-127.0.0.1] INFO  com.zaxxer.hikari.HikariDataSource - HikariPool-1 - Shutdown completed.
2026-03-31 12:25:12 [restartedMain] INFO  com.pms.Application - Starting Application using Java 17.0.12 with PID 13476 (C:\Users\ADMIN\git\pms-project\PMS\target\classes started by ADMIN in C:\Users\ADMIN\git\pms-project\PMS)
2026-03-31 12:25:12 [restartedMain] DEBUG com.pms.Application - Running with Spring Boot v3.2.5, Spring v6.1.6
2026-03-31 12:25:12 [restartedMain] INFO  com.pms.Application - No active profile set, falling back to 1 default profile: "default"
2026-03-31 12:25:12 [restartedMain] INFO  o.s.b.d.e.DevToolsPropertyDefaultsPostProcessor - Devtools property defaults active! Set 'spring.devtools.add-properties' to 'false' to disable
2026-03-31 12:25:12 [restartedMain] INFO  o.s.b.d.e.DevToolsPropertyDefaultsPostProcessor - For additional web related logging consider setting the 'logging.level.web' property to 'DEBUG'
2026-03-31 12:25:13 [restartedMain] INFO  o.s.d.r.c.RepositoryConfigurationDelegate - Bootstrapping Spring Data JPA repositories in DEFAULT mode.
2026-03-31 12:25:13 [restartedMain] INFO  o.s.d.r.c.RepositoryConfigurationDelegate - Finished Spring Data repository scanning in 95 ms. Found 17 JPA repository interfaces.
2026-03-31 12:25:14 [restartedMain] INFO  o.s.b.w.e.tomcat.TomcatWebServer - Tomcat initialized with port 9090 (http)
2026-03-31 12:25:14 [restartedMain] INFO  o.a.catalina.core.StandardService - Starting service [Tomcat]
2026-03-31 12:25:14 [restartedMain] INFO  o.a.catalina.core.StandardEngine - Starting Servlet engine: [Apache Tomcat/10.1.20]
2026-03-31 12:25:14 [restartedMain] INFO  o.a.c.c.C.[Tomcat].[localhost].[/] - Initializing Spring embedded WebApplicationContext
2026-03-31 12:25:14 [restartedMain] INFO  o.s.b.w.s.c.ServletWebServerApplicationContext - Root WebApplicationContext: initialization completed in 1390 ms
2026-03-31 12:25:14 [restartedMain] INFO  o.h.jpa.internal.util.LogHelper - HHH000204: Processing PersistenceUnitInfo [name: default]
2026-03-31 12:25:14 [restartedMain] INFO  org.hibernate.Version - HHH000412: Hibernate ORM core version 6.4.4.Final
2026-03-31 12:25:14 [restartedMain] INFO  o.h.c.i.RegionFactoryInitiator - HHH000026: Second-level cache disabled
2026-03-31 12:25:14 [restartedMain] INFO  o.s.o.j.p.SpringPersistenceUnitInfo - No LoadTimeWeaver setup: ignoring JPA class transformer
2026-03-31 12:25:14 [restartedMain] INFO  com.zaxxer.hikari.HikariDataSource - HikariPool-1 - Starting...
2026-03-31 12:25:14 [restartedMain] INFO  com.zaxxer.hikari.pool.HikariPool - HikariPool-1 - Added connection org.postgresql.jdbc.PgConnection@11a2c1f
2026-03-31 12:25:14 [restartedMain] INFO  com.zaxxer.hikari.HikariDataSource - HikariPool-1 - Start completed.
2026-03-31 12:25:14 [restartedMain] WARN  org.hibernate.orm.deprecation - HHH90000025: PostgreSQLDialect does not need to be specified explicitly using 'hibernate.dialect' (remove the property setting and it will be selected by default)
2026-03-31 12:25:15 [restartedMain] INFO  o.h.e.t.j.p.i.JtaPlatformInitiator - HHH000489: No JTA platform available (set 'hibernate.transaction.jta.platform' to enable JTA platform integration)
2026-03-31 12:25:16 [restartedMain] INFO  o.s.o.j.LocalContainerEntityManagerFactoryBean - Initialized JPA EntityManagerFactory for persistence unit 'default'
2026-03-31 12:25:16 [restartedMain] WARN  o.s.b.a.o.j.JpaBaseConfiguration$JpaWebConfiguration - spring.jpa.open-in-view is enabled by default. Therefore, database queries may be performed during view rendering. Explicitly configure spring.jpa.open-in-view to disable this warning
2026-03-31 12:25:17 [restartedMain] INFO  o.s.s.web.DefaultSecurityFilterChain - Will secure any request with [org.springframework.security.web.session.DisableEncodeUrlFilter@73436c6, org.springframework.security.web.context.request.async.WebAsyncManagerIntegrationFilter@16ec066c, org.springframework.security.web.context.SecurityContextHolderFilter@60329ebe, org.springframework.security.web.header.HeaderWriterFilter@7c62a8fd, org.springframework.web.filter.CorsFilter@779b19ee, org.springframework.security.web.authentication.logout.LogoutFilter@5d0575b6, com.pms.security.util.filter.JwtAuthFilter@20cba171, org.springframework.security.web.savedrequest.RequestCacheAwareFilter@6d2333a5, org.springframework.security.web.servletapi.SecurityContextHolderAwareRequestFilter@3c156188, org.springframework.security.web.authentication.AnonymousAuthenticationFilter@4b269e79, org.springframework.security.web.access.ExceptionTranslationFilter@7260bdec, org.springframework.security.web.access.intercept.AuthorizationFilter@334451b5]
2026-03-31 12:25:17 [restartedMain] INFO  o.s.b.d.a.OptionalLiveReloadServer - LiveReload server is running on port 35729
2026-03-31 12:25:17 [restartedMain] INFO  o.s.b.w.e.tomcat.TomcatWebServer - Tomcat started on port 9090 (http) with context path ''
2026-03-31 12:25:17 [restartedMain] INFO  com.pms.Application - Started Application in 4.829 seconds (process running for 5.423)
2026-03-31 12:25:26 [http-nio-0.0.0.0-9090-exec-1] INFO  o.a.c.c.C.[Tomcat].[localhost].[/] - Initializing Spring DispatcherServlet 'dispatcherServlet'
2026-03-31 12:25:26 [http-nio-0.0.0.0-9090-exec-1] INFO  o.s.web.servlet.DispatcherServlet - Initializing Servlet 'dispatcherServlet'
2026-03-31 12:25:26 [http-nio-0.0.0.0-9090-exec-1] INFO  o.s.web.servlet.DispatcherServlet - Completed initialization in 17 ms
2026-03-31 12:25:27 [http-nio-0.0.0.0-9090-exec-1] DEBUG org.hibernate.SQL - 
    select
        u1_0.id,
        u1_0.email,
        u1_0.enabled,
        u1_0.password,
        u1_0.username 
    from
        PMS_db.users u1_0 
    where
        u1_0.username=?
2026-03-31 12:25:27 [http-nio-0.0.0.0-9090-exec-1] DEBUG org.hibernate.SQL - 
    select
        r1_0.user_id,
        r1_1.id,
        r1_1.name 
    from
        PMS_db.user_roles r1_0 
    join
        PMS_db.roles r1_1 
            on r1_1.id=r1_0.role_id 
    where
        r1_0.user_id=?
2026-03-31 12:25:27 [http-nio-0.0.0.0-9090-exec-1] DEBUG org.hibernate.SQL - 
    select
        u1_0.id,
        u1_0.email,
        u1_0.enabled,
        u1_0.password,
        u1_0.username 
    from
        PMS_db.users u1_0 
    where
        u1_0.username=?
2026-03-31 12:25:27 [http-nio-0.0.0.0-9090-exec-1] DEBUG org.hibernate.SQL - 
    insert 
    into
        PMS_db.refresh_token
        (expiry_date, token, user_id) 
    values
        (?, ?, ?)
2026-03-31 12:25:45 [http-nio-0.0.0.0-9090-exec-2] DEBUG org.hibernate.SQL - 
    select
        u1_0.id,
        u1_0.email,
        u1_0.enabled,
        u1_0.password,
        u1_0.username 
    from
        PMS_db.users u1_0 
    where
        u1_0.username=?
2026-03-31 12:25:45 [http-nio-0.0.0.0-9090-exec-2] DEBUG org.hibernate.SQL - 
    select
        r1_0.user_id,
        r1_1.id,
        r1_1.name 
    from
        PMS_db.user_roles r1_0 
    join
        PMS_db.roles r1_1 
            on r1_1.id=r1_0.role_id 
    where
        r1_0.user_id=?
2026-03-31 12:25:45 [http-nio-0.0.0.0-9090-exec-2] DEBUG org.hibernate.SQL - 
    select
        u1_0.id,
        u1_0.email,
        u1_0.enabled,
        u1_0.password,
        u1_0.username 
    from
        PMS_db.users u1_0 
    where
        u1_0.username=?
2026-03-31 12:25:45 [http-nio-0.0.0.0-9090-exec-2] DEBUG org.hibernate.SQL - 
    select
        r1_0.user_id,
        r1_1.id,
        r1_1.name 
    from
        PMS_db.user_roles r1_0 
    join
        PMS_db.roles r1_1 
            on r1_1.id=r1_0.role_id 
    where
        r1_0.user_id=?
2026-03-31 12:25:50 [http-nio-0.0.0.0-9090-exec-2] DEBUG org.hibernate.SQL - 
    select
        rm1_0.id,
        b1_0.building_id,
        b1_0.created_on,
        b1_0.description,
        b1_0.building_name,
        rm1_0.building_id,
        rm1_0.building_name,
        rm1_0.created_on,
        f1_0.floor_id,
        f1_0.created_on,
        f1_0.description,
        f1_0.floor_name,
        f1_0.no_of_rooms,
        rm1_0.floor_id,
        rm1_0.floor_name,
        rm1_0.handicap,
        rm1_0.non_room,
        rm1_0.room_name,
        rm1_0.room_short_name,
        rm1_0.room_status,
        rst1_0.room_status_id,
        rst1_0.created_on,
        rst1_0.room_status_color,
        rst1_0.room_status_name,
        rst1_0.room_status_text_color,
        rst1_0.room_status_title,
        rm1_0.room_type_id,
        rt1_0.room_id,
        rt1_0.created_on,
        rt1_0.price,
        rt1_0.room_type_name,
        rt1_0.short_name,
        rm1_0.room_type_name,
        rm1_0.smoking 
    from
        PMS_db.room_master rm1_0 
    left join
        PMS_db.building b1_0 
            on b1_0.building_id=rm1_0.building_id 
    left join
        PMS_db.floor f1_0 
            on f1_0.floor_id=rm1_0.floor_id 
    left join
        PMS_db.room_status rst1_0 
            on rst1_0.room_status_id=rm1_0.room_status_id 
    left join
        PMS_db.room_type rt1_0 
            on rt1_0.room_id=rm1_0.room_type_id 
    where
        rm1_0.id=?
2026-03-31 12:29:46 [File Watcher] INFO  o.s.b.d.a.LocalDevToolsAutoConfiguration$RestartingClassPathChangeChangedEventListener - Restarting due to 1 class path change (0 additions, 0 deletions, 1 modification)
2026-03-31 12:35:21 [restartedMain] INFO  com.pms.Application - Starting Application using Java 17.0.12 with PID 14456 (C:\Users\ADMIN\git\pms-project\PMS\target\classes started by ADMIN in C:\Users\ADMIN\git\pms-project\PMS)
2026-03-31 12:35:21 [restartedMain] DEBUG com.pms.Application - Running with Spring Boot v3.2.5, Spring v6.1.6
2026-03-31 12:35:21 [restartedMain] INFO  com.pms.Application - No active profile set, falling back to 1 default profile: "default"
2026-03-31 12:35:21 [restartedMain] INFO  o.s.b.d.e.DevToolsPropertyDefaultsPostProcessor - Devtools property defaults active! Set 'spring.devtools.add-properties' to 'false' to disable
2026-03-31 12:35:21 [restartedMain] INFO  o.s.b.d.e.DevToolsPropertyDefaultsPostProcessor - For additional web related logging consider setting the 'logging.level.web' property to 'DEBUG'
2026-03-31 12:35:22 [restartedMain] INFO  o.s.d.r.c.RepositoryConfigurationDelegate - Bootstrapping Spring Data JPA repositories in DEFAULT mode.
2026-03-31 12:35:22 [restartedMain] INFO  o.s.d.r.c.RepositoryConfigurationDelegate - Finished Spring Data repository scanning in 94 ms. Found 17 JPA repository interfaces.
2026-03-31 12:35:22 [restartedMain] INFO  o.s.b.w.e.tomcat.TomcatWebServer - Tomcat initialized with port 9090 (http)
2026-03-31 12:35:22 [restartedMain] INFO  o.a.catalina.core.StandardService - Starting service [Tomcat]
2026-03-31 12:35:22 [restartedMain] INFO  o.a.catalina.core.StandardEngine - Starting Servlet engine: [Apache Tomcat/10.1.20]
2026-03-31 12:35:22 [restartedMain] INFO  o.a.c.c.C.[Tomcat].[localhost].[/] - Initializing Spring embedded WebApplicationContext
2026-03-31 12:35:22 [restartedMain] INFO  o.s.b.w.s.c.ServletWebServerApplicationContext - Root WebApplicationContext: initialization completed in 1521 ms
2026-03-31 12:35:23 [restartedMain] INFO  o.h.jpa.internal.util.LogHelper - HHH000204: Processing PersistenceUnitInfo [name: default]
2026-03-31 12:35:23 [restartedMain] INFO  org.hibernate.Version - HHH000412: Hibernate ORM core version 6.4.4.Final
2026-03-31 12:35:23 [restartedMain] INFO  o.h.c.i.RegionFactoryInitiator - HHH000026: Second-level cache disabled
2026-03-31 12:35:23 [restartedMain] INFO  o.s.o.j.p.SpringPersistenceUnitInfo - No LoadTimeWeaver setup: ignoring JPA class transformer
2026-03-31 12:35:23 [restartedMain] INFO  com.zaxxer.hikari.HikariDataSource - HikariPool-1 - Starting...
2026-03-31 12:35:23 [restartedMain] INFO  com.zaxxer.hikari.pool.HikariPool - HikariPool-1 - Added connection org.postgresql.jdbc.PgConnection@1dba05c0
2026-03-31 12:35:23 [restartedMain] INFO  com.zaxxer.hikari.HikariDataSource - HikariPool-1 - Start completed.
2026-03-31 12:35:23 [restartedMain] WARN  org.hibernate.orm.deprecation - HHH90000025: PostgreSQLDialect does not need to be specified explicitly using 'hibernate.dialect' (remove the property setting and it will be selected by default)
2026-03-31 12:35:24 [restartedMain] INFO  o.h.e.t.j.p.i.JtaPlatformInitiator - HHH000489: No JTA platform available (set 'hibernate.transaction.jta.platform' to enable JTA platform integration)
2026-03-31 12:35:25 [restartedMain] INFO  o.s.o.j.LocalContainerEntityManagerFactoryBean - Initialized JPA EntityManagerFactory for persistence unit 'default'
2026-03-31 12:35:25 [restartedMain] WARN  o.s.b.a.o.j.JpaBaseConfiguration$JpaWebConfiguration - spring.jpa.open-in-view is enabled by default. Therefore, database queries may be performed during view rendering. Explicitly configure spring.jpa.open-in-view to disable this warning
2026-03-31 12:35:26 [restartedMain] INFO  o.s.s.web.DefaultSecurityFilterChain - Will secure any request with [org.springframework.security.web.session.DisableEncodeUrlFilter@4cb0e072, org.springframework.security.web.context.request.async.WebAsyncManagerIntegrationFilter@7260bdec, org.springframework.security.web.context.SecurityContextHolderFilter@28650c23, org.springframework.security.web.header.HeaderWriterFilter@624d8131, org.springframework.web.filter.CorsFilter@3782ee55, org.springframework.security.web.authentication.logout.LogoutFilter@5b338df2, com.pms.security.util.filter.JwtAuthFilter@7a6bfec1, org.springframework.security.web.savedrequest.RequestCacheAwareFilter@71185794, org.springframework.security.web.servletapi.SecurityContextHolderAwareRequestFilter@34a521d1, org.springframework.security.web.authentication.AnonymousAuthenticationFilter@7c62a8fd, org.springframework.security.web.access.ExceptionTranslationFilter@794ea4e, org.springframework.security.web.access.intercept.AuthorizationFilter@433faa32]
2026-03-31 12:35:26 [restartedMain] INFO  o.s.b.d.a.OptionalLiveReloadServer - LiveReload server is running on port 35729
2026-03-31 12:35:26 [restartedMain] INFO  o.s.b.w.e.tomcat.TomcatWebServer - Tomcat started on port 9090 (http) with context path ''
2026-03-31 12:35:26 [restartedMain] INFO  com.pms.Application - Started Application in 5.458 seconds (process running for 6.19)
2026-03-31 12:35:41 [http-nio-0.0.0.0-9090-exec-1] INFO  o.a.c.c.C.[Tomcat].[localhost].[/] - Initializing Spring DispatcherServlet 'dispatcherServlet'
2026-03-31 12:35:41 [http-nio-0.0.0.0-9090-exec-1] INFO  o.s.web.servlet.DispatcherServlet - Initializing Servlet 'dispatcherServlet'
2026-03-31 12:35:41 [http-nio-0.0.0.0-9090-exec-1] INFO  o.s.web.servlet.DispatcherServlet - Completed initialization in 0 ms
2026-03-31 12:35:41 [http-nio-0.0.0.0-9090-exec-9] INFO  o.s.api.AbstractOpenApiResource - Init duration for springdoc-openapi is: 640 ms
2026-03-31 12:36:02 [http-nio-0.0.0.0-9090-exec-10] DEBUG org.hibernate.SQL - 
    select
        u1_0.id,
        u1_0.email,
        u1_0.enabled,
        u1_0.password,
        u1_0.username 
    from
        PMS_db.users u1_0 
    where
        u1_0.username=?
2026-03-31 12:36:02 [http-nio-0.0.0.0-9090-exec-10] DEBUG org.hibernate.SQL - 
    select
        r1_0.user_id,
        r1_1.id,
        r1_1.name 
    from
        PMS_db.user_roles r1_0 
    join
        PMS_db.roles r1_1 
            on r1_1.id=r1_0.role_id 
    where
        r1_0.user_id=?
2026-03-31 12:36:02 [http-nio-0.0.0.0-9090-exec-10] DEBUG org.hibernate.SQL - 
    select
        u1_0.id,
        u1_0.email,
        u1_0.enabled,
        u1_0.password,
        u1_0.username 
    from
        PMS_db.users u1_0 
    where
        u1_0.username=?
2026-03-31 12:36:02 [http-nio-0.0.0.0-9090-exec-10] DEBUG org.hibernate.SQL - 
    insert 
    into
        PMS_db.refresh_token
        (expiry_date, token, user_id) 
    values
        (?, ?, ?)
2026-03-31 12:36:35 [http-nio-0.0.0.0-9090-exec-1] DEBUG org.hibernate.SQL - 
    select
        u1_0.id,
        u1_0.email,
        u1_0.enabled,
        u1_0.password,
        u1_0.username 
    from
        PMS_db.users u1_0 
    where
        u1_0.username=?
2026-03-31 12:36:35 [http-nio-0.0.0.0-9090-exec-1] DEBUG org.hibernate.SQL - 
    select
        r1_0.user_id,
        r1_1.id,
        r1_1.name 
    from
        PMS_db.user_roles r1_0 
    join
        PMS_db.roles r1_1 
            on r1_1.id=r1_0.role_id 
    where
        r1_0.user_id=?
2026-03-31 12:36:35 [http-nio-0.0.0.0-9090-exec-1] DEBUG org.hibernate.SQL - 
    select
        u1_0.id,
        u1_0.email,
        u1_0.enabled,
        u1_0.password,
        u1_0.username 
    from
        PMS_db.users u1_0 
    where
        u1_0.username=?
2026-03-31 12:36:35 [http-nio-0.0.0.0-9090-exec-1] DEBUG org.hibernate.SQL - 
    select
        r1_0.user_id,
        r1_1.id,
        r1_1.name 
    from
        PMS_db.user_roles r1_0 
    join
        PMS_db.roles r1_1 
            on r1_1.id=r1_0.role_id 
    where
        r1_0.user_id=?
2026-03-31 12:36:40 [http-nio-0.0.0.0-9090-exec-1] DEBUG org.hibernate.SQL - 
    select
        rm1_0.id,
        b1_0.building_id,
        b1_0.created_on,
        b1_0.description,
        b1_0.building_name,
        rm1_0.building_id,
        rm1_0.building_name,
        rm1_0.created_on,
        f1_0.floor_id,
        f1_0.created_on,
        f1_0.description,
        f1_0.floor_name,
        f1_0.no_of_rooms,
        rm1_0.floor_id,
        rm1_0.floor_name,
        rm1_0.handicap,
        rm1_0.non_room,
        rm1_0.room_name,
        rm1_0.room_short_name,
        rm1_0.room_status,
        rst1_0.room_status_id,
        rst1_0.created_on,
        rst1_0.room_status_color,
        rst1_0.room_status_name,
        rst1_0.room_status_text_color,
        rst1_0.room_status_title,
        rm1_0.room_status_table_id,
        rt1_0.room_id,
        rt1_0.created_on,
        rt1_0.price,
        rt1_0.room_type_name,
        rt1_0.short_name,
        rm1_0.room_type_id,
        rm1_0.room_type_name,
        rm1_0.smoking 
    from
        PMS_db.room_master rm1_0 
    left join
        PMS_db.building b1_0 
            on b1_0.building_id=rm1_0.building_id 
    left join
        PMS_db.floor f1_0 
            on f1_0.floor_id=rm1_0.floor_id 
    left join
        PMS_db.room_status rst1_0 
            on rst1_0.room_status_id=rm1_0.room_status_id 
    left join
        PMS_db.room_type rt1_0 
            on rt1_0.room_id=rm1_0.room_type_id 
    where
        rm1_0.id=?
2026-03-31 12:37:00 [http-nio-0.0.0.0-9090-exec-1] DEBUG org.hibernate.SQL - 
    select
        rs1_0.room_status_id,
        rs1_0.created_on,
        rs1_0.room_status_color,
        rs1_0.room_status_name,
        rs1_0.room_status_text_color,
        rs1_0.room_status_title 
    from
        PMS_db.room_status rs1_0 
    where
        rs1_0.room_status_id=?
2026-03-31 12:37:13 [http-nio-0.0.0.0-9090-exec-1] ERROR o.a.c.c.C.[.[.[.[dispatcherServlet] - Servlet.service() for servlet [dispatcherServlet] in context with path [] threw exception [Request processing failed: org.springframework.http.converter.HttpMessageConversionException: Type definition error: [simple type, class org.hibernate.proxy.pojo.bytebuddy.ByteBuddyInterceptor]] with root cause
com.fasterxml.jackson.databind.exc.InvalidDefinitionException: No serializer found for class org.hibernate.proxy.pojo.bytebuddy.ByteBuddyInterceptor and no properties discovered to create BeanSerializer (to avoid exception, disable SerializationFeature.FAIL_ON_EMPTY_BEANS) (through reference chain: com.pms.room.entity.RoomMaster["roomStatusTable"]->com.pms.roomstatus.entity.RoomStatus$HibernateProxy$If28ujwi["hibernateLazyInitializer"])
	at com.fasterxml.jackson.databind.exc.InvalidDefinitionException.from(InvalidDefinitionException.java:77)
	at com.fasterxml.jackson.databind.SerializerProvider.reportBadDefinition(SerializerProvider.java:1308)
	at com.fasterxml.jackson.databind.DatabindContext.reportBadDefinition(DatabindContext.java:414)
	at com.fasterxml.jackson.databind.ser.impl.UnknownSerializer.failForEmpty(UnknownSerializer.java:53)
	at com.fasterxml.jackson.databind.ser.impl.UnknownSerializer.serialize(UnknownSerializer.java:30)
	at com.fasterxml.jackson.databind.ser.BeanPropertyWriter.serializeAsField(BeanPropertyWriter.java:732)
	at com.fasterxml.jackson.databind.ser.std.BeanSerializerBase.serializeFields(BeanSerializerBase.java:772)
	at com.fasterxml.jackson.databind.ser.BeanSerializer.serialize(BeanSerializer.java:178)
	at com.fasterxml.jackson.databind.ser.BeanPropertyWriter.serializeAsField(BeanPropertyWriter.java:732)
	at com.fasterxml.jackson.databind.ser.std.BeanSerializerBase.serializeFields(BeanSerializerBase.java:772)
	at com.fasterxml.jackson.databind.ser.BeanSerializer.serialize(BeanSerializer.java:178)
	at com.fasterxml.jackson.databind.ser.DefaultSerializerProvider._serialize(DefaultSerializerProvider.java:479)
	at com.fasterxml.jackson.databind.ser.DefaultSerializerProvider.serializeValue(DefaultSerializerProvider.java:318)
	at com.fasterxml.jackson.databind.ObjectWriter$Prefetch.serialize(ObjectWriter.java:1572)
	at com.fasterxml.jackson.databind.ObjectWriter.writeValue(ObjectWriter.java:1061)
	at org.springframework.http.converter.json.AbstractJackson2HttpMessageConverter.writeInternal(AbstractJackson2HttpMessageConverter.java:483)
	at org.springframework.http.converter.AbstractGenericHttpMessageConverter.write(AbstractGenericHttpMessageConverter.java:114)
	at org.springframework.web.servlet.mvc.method.annotation.AbstractMessageConverterMethodProcessor.writeWithMessageConverters(AbstractMessageConverterMethodProcessor.java:297)
	at org.springframework.web.servlet.mvc.method.annotation.HttpEntityMethodProcessor.handleReturnValue(HttpEntityMethodProcessor.java:245)
	at org.springframework.web.method.support.HandlerMethodReturnValueHandlerComposite.handleReturnValue(HandlerMethodReturnValueHandlerComposite.java:78)
	at org.springframework.web.servlet.mvc.method.annotation.ServletInvocableHandlerMethod.invokeAndHandle(ServletInvocableHandlerMethod.java:136)
	at org.springframework.web.servlet.mvc.method.annotation.RequestMappingHandlerAdapter.invokeHandlerMethod(RequestMappingHandlerAdapter.java:926)
	at org.springframework.web.servlet.mvc.method.annotation.RequestMappingHandlerAdapter.handleInternal(RequestMappingHandlerAdapter.java:831)
	at org.springframework.web.servlet.mvc.method.AbstractHandlerMethodAdapter.handle(AbstractHandlerMethodAdapter.java:87)
	at org.springframework.web.servlet.DispatcherServlet.doDispatch(DispatcherServlet.java:1089)
	at org.springframework.web.servlet.DispatcherServlet.doService(DispatcherServlet.java:979)
	at org.springframework.web.servlet.FrameworkServlet.processRequest(FrameworkServlet.java:1014)
	at org.springframework.web.servlet.FrameworkServlet.doGet(FrameworkServlet.java:903)
	at jakarta.servlet.http.HttpServlet.service(HttpServlet.java:564)
	at org.springframework.web.servlet.FrameworkServlet.service(FrameworkServlet.java:885)
	at jakarta.servlet.http.HttpServlet.service(HttpServlet.java:658)
	at org.apache.catalina.core.ApplicationFilterChain.internalDoFilter(ApplicationFilterChain.java:206)
	at org.apache.catalina.core.ApplicationFilterChain.doFilter(ApplicationFilterChain.java:150)
	at org.apache.tomcat.websocket.server.WsFilter.doFilter(WsFilter.java:51)
	at org.apache.catalina.core.ApplicationFilterChain.internalDoFilter(ApplicationFilterChain.java:175)
	at org.apache.catalina.core.ApplicationFilterChain.doFilter(ApplicationFilterChain.java:150)
	at com.pms.security.util.filter.JwtAuthFilter.doFilter(JwtAuthFilter.java:62)
	at org.apache.catalina.core.ApplicationFilterChain.internalDoFilter(ApplicationFilterChain.java:175)
	at org.apache.catalina.core.ApplicationFilterChain.doFilter(ApplicationFilterChain.java:150)
	at org.springframework.web.filter.CompositeFilter$VirtualFilterChain.doFilter(CompositeFilter.java:108)
	at org.springframework.security.web.FilterChainProxy.lambda$doFilterInternal$3(FilterChainProxy.java:231)
	at org.springframework.security.web.FilterChainProxy$VirtualFilterChain.doFilter(FilterChainProxy.java:365)
	at org.springframework.security.web.access.intercept.AuthorizationFilter.doFilter(AuthorizationFilter.java:100)
	at org.springframework.security.web.FilterChainProxy$VirtualFilterChain.doFilter(FilterChainProxy.java:374)
	at org.springframework.security.web.access.ExceptionTranslationFilter.doFilter(ExceptionTranslationFilter.java:126)
	at org.springframework.security.web.access.ExceptionTranslationFilter.doFilter(ExceptionTranslationFilter.java:120)
	at org.springframework.security.web.FilterChainProxy$VirtualFilterChain.doFilter(FilterChainProxy.java:374)
	at org.springframework.security.web.authentication.AnonymousAuthenticationFilter.doFilter(AnonymousAuthenticationFilter.java:100)
	at org.springframework.security.web.FilterChainProxy$VirtualFilterChain.doFilter(FilterChainProxy.java:374)
	at org.springframework.security.web.servletapi.SecurityContextHolderAwareRequestFilter.doFilter(SecurityContextHolderAwareRequestFilter.java:179)
	at org.springframework.security.web.FilterChainProxy$VirtualFilterChain.doFilter(FilterChainProxy.java:374)
	at org.springframework.security.web.savedrequest.RequestCacheAwareFilter.doFilter(RequestCacheAwareFilter.java:63)
	at org.springframework.security.web.FilterChainProxy$VirtualFilterChain.doFilter(FilterChainProxy.java:374)
	at com.pms.security.util.filter.JwtAuthFilter.doFilter(JwtAuthFilter.java:62)
	at org.springframework.security.web.FilterChainProxy$VirtualFilterChain.doFilter(FilterChainProxy.java:374)
	at org.springframework.security.web.authentication.logout.LogoutFilter.doFilter(LogoutFilter.java:107)
	at org.springframework.security.web.authentication.logout.LogoutFilter.doFilter(LogoutFilter.java:93)
	at org.springframework.security.web.FilterChainProxy$VirtualFilterChain.doFilter(FilterChainProxy.java:374)
	at org.springframework.web.filter.CorsFilter.doFilterInternal(CorsFilter.java:91)
	at org.springframework.web.filter.OncePerRequestFilter.doFilter(OncePerRequestFilter.java:116)
	at org.springframework.security.web.FilterChainProxy$VirtualFilterChain.doFilter(FilterChainProxy.java:374)
	at org.springframework.security.web.header.HeaderWriterFilter.doHeadersAfter(HeaderWriterFilter.java:90)
	at org.springframework.security.web.header.HeaderWriterFilter.doFilterInternal(HeaderWriterFilter.java:75)
	at org.springframework.web.filter.OncePerRequestFilter.doFilter(OncePerRequestFilter.java:116)
	at org.springframework.security.web.FilterChainProxy$VirtualFilterChain.doFilter(FilterChainProxy.java:374)
	at org.springframework.security.web.context.SecurityContextHolderFilter.doFilter(SecurityContextHolderFilter.java:82)
	at org.springframework.security.web.context.SecurityContextHolderFilter.doFilter(SecurityContextHolderFilter.java:69)
	at org.springframework.security.web.FilterChainProxy$VirtualFilterChain.doFilter(FilterChainProxy.java:374)
	at org.springframework.security.web.context.request.async.WebAsyncManagerIntegrationFilter.doFilterInternal(WebAsyncManagerIntegrationFilter.java:62)
	at org.springframework.web.filter.OncePerRequestFilter.doFilter(OncePerRequestFilter.java:116)
	at org.springframework.security.web.FilterChainProxy$VirtualFilterChain.doFilter(FilterChainProxy.java:374)
	at org.springframework.security.web.session.DisableEncodeUrlFilter.doFilterInternal(DisableEncodeUrlFilter.java:42)
	at org.springframework.web.filter.OncePerRequestFilter.doFilter(OncePerRequestFilter.java:116)
	at org.springframework.security.web.FilterChainProxy$VirtualFilterChain.doFilter(FilterChainProxy.java:374)
	at org.springframework.security.web.FilterChainProxy.doFilterInternal(FilterChainProxy.java:233)
	at org.springframework.security.web.FilterChainProxy.doFilter(FilterChainProxy.java:191)
	at org.springframework.web.filter.CompositeFilter$VirtualFilterChain.doFilter(CompositeFilter.java:113)
	at org.springframework.web.servlet.handler.HandlerMappingIntrospector.lambda$createCacheFilter$3(HandlerMappingIntrospector.java:195)
	at org.springframework.web.filter.CompositeFilter$VirtualFilterChain.doFilter(CompositeFilter.java:113)
	at org.springframework.web.filter.CompositeFilter.doFilter(CompositeFilter.java:74)
	at org.springframework.security.config.annotation.web.configuration.WebMvcSecurityConfiguration$CompositeFilterChainProxy.doFilter(WebMvcSecurityConfiguration.java:230)
	at org.springframework.web.filter.DelegatingFilterProxy.invokeDelegate(DelegatingFilterProxy.java:352)
	at org.springframework.web.filter.DelegatingFilterProxy.doFilter(DelegatingFilterProxy.java:268)
	at org.apache.catalina.core.ApplicationFilterChain.internalDoFilter(ApplicationFilterChain.java:175)
	at org.apache.catalina.core.ApplicationFilterChain.doFilter(ApplicationFilterChain.java:150)
	at org.springframework.web.filter.RequestContextFilter.doFilterInternal(RequestContextFilter.java:100)
	at org.springframework.web.filter.OncePerRequestFilter.doFilter(OncePerRequestFilter.java:116)
	at org.apache.catalina.core.ApplicationFilterChain.internalDoFilter(ApplicationFilterChain.java:175)
	at org.apache.catalina.core.ApplicationFilterChain.doFilter(ApplicationFilterChain.java:150)
	at org.springframework.web.filter.FormContentFilter.doFilterInternal(FormContentFilter.java:93)
	at org.springframework.web.filter.OncePerRequestFilter.doFilter(OncePerRequestFilter.java:116)
	at org.apache.catalina.core.ApplicationFilterChain.internalDoFilter(ApplicationFilterChain.java:175)
	at org.apache.catalina.core.ApplicationFilterChain.doFilter(ApplicationFilterChain.java:150)
	at org.springframework.web.filter.CharacterEncodingFilter.doFilterInternal(CharacterEncodingFilter.java:201)
	at org.springframework.web.filter.OncePerRequestFilter.doFilter(OncePerRequestFilter.java:116)
	at org.apache.catalina.core.ApplicationFilterChain.internalDoFilter(ApplicationFilterChain.java:175)
	at org.apache.catalina.core.ApplicationFilterChain.doFilter(ApplicationFilterChain.java:150)
	at org.apache.catalina.core.StandardWrapperValve.invoke(StandardWrapperValve.java:167)
	at org.apache.catalina.core.StandardContextValve.invoke(StandardContextValve.java:90)
	at org.apache.catalina.authenticator.AuthenticatorBase.invoke(AuthenticatorBase.java:482)
	at org.apache.catalina.core.StandardHostValve.invoke(StandardHostValve.java:115)
	at org.apache.catalina.valves.ErrorReportValve.invoke(ErrorReportValve.java:93)
	at org.apache.catalina.core.StandardEngineValve.invoke(StandardEngineValve.java:74)
	at org.apache.catalina.connector.CoyoteAdapter.service(CoyoteAdapter.java:344)
	at org.apache.coyote.http11.Http11Processor.service(Http11Processor.java:391)
	at org.apache.coyote.AbstractProcessorLight.process(AbstractProcessorLight.java:63)
	at org.apache.coyote.AbstractProtocol$ConnectionHandler.process(AbstractProtocol.java:896)
	at org.apache.tomcat.util.net.NioEndpoint$SocketProcessor.doRun(NioEndpoint.java:1736)
	at org.apache.tomcat.util.net.SocketProcessorBase.run(SocketProcessorBase.java:52)
	at org.apache.tomcat.util.threads.ThreadPoolExecutor.runWorker(ThreadPoolExecutor.java:1191)
	at org.apache.tomcat.util.threads.ThreadPoolExecutor$Worker.run(ThreadPoolExecutor.java:659)
	at org.apache.tomcat.util.threads.TaskThread$WrappingRunnable.run(TaskThread.java:63)
	at java.base/java.lang.Thread.run(Thread.java:842)
2026-03-31 12:37:13 [http-nio-0.0.0.0-9090-exec-1] DEBUG org.hibernate.SQL - 
    select
        u1_0.id,
        u1_0.email,
        u1_0.enabled,
        u1_0.password,
        u1_0.username 
    from
        PMS_db.users u1_0 
    where
        u1_0.username=?
2026-03-31 12:37:13 [http-nio-0.0.0.0-9090-exec-1] DEBUG org.hibernate.SQL - 
    select
        r1_0.user_id,
        r1_1.id,
        r1_1.name 
    from
        PMS_db.user_roles r1_0 
    join
        PMS_db.roles r1_1 
            on r1_1.id=r1_0.role_id 
    where
        r1_0.user_id=?
2026-03-31 12:42:17 [File Watcher] INFO  o.s.b.d.a.LocalDevToolsAutoConfiguration$RestartingClassPathChangeChangedEventListener - Restarting due to 1 class path change (0 additions, 0 deletions, 1 modification)
2026-03-31 12:42:17 [Thread-5] INFO  o.s.o.j.LocalContainerEntityManagerFactoryBean - Closing JPA EntityManagerFactory for persistence unit 'default'
2026-03-31 12:42:17 [Thread-5] INFO  com.zaxxer.hikari.HikariDataSource - HikariPool-1 - Shutdown initiated...
2026-03-31 12:42:17 [Thread-5] INFO  com.zaxxer.hikari.HikariDataSource - HikariPool-1 - Shutdown completed.
2026-03-31 12:42:17 [restartedMain] INFO  com.pms.Application - Main Entry Point Class
2026-03-31 12:42:17 [restartedMain] INFO  com.pms.Application - Starting Application using Java 17.0.12 with PID 14456 (C:\Users\ADMIN\git\pms-project\PMS\target\classes started by ADMIN in C:\Users\ADMIN\git\pms-project\PMS)
2026-03-31 12:42:17 [restartedMain] DEBUG com.pms.Application - Running with Spring Boot v3.2.5, Spring v6.1.6
2026-03-31 12:42:17 [restartedMain] INFO  com.pms.Application - No active profile set, falling back to 1 default profile: "default"
2026-03-31 12:42:18 [restartedMain] INFO  o.s.d.r.c.RepositoryConfigurationDelegate - Bootstrapping Spring Data JPA repositories in DEFAULT mode.
2026-03-31 12:42:18 [restartedMain] INFO  o.s.d.r.c.RepositoryConfigurationDelegate - Finished Spring Data repository scanning in 57 ms. Found 17 JPA repository interfaces.
2026-03-31 12:42:18 [restartedMain] INFO  o.s.b.w.e.tomcat.TomcatWebServer - Tomcat initialized with port 9090 (http)
2026-03-31 12:42:18 [restartedMain] INFO  o.a.catalina.core.StandardService - Starting service [Tomcat]
2026-03-31 12:42:18 [restartedMain] INFO  o.a.catalina.core.StandardEngine - Starting Servlet engine: [Apache Tomcat/10.1.20]
2026-03-31 12:42:18 [restartedMain] INFO  o.a.c.c.C.[Tomcat].[localhost].[/] - Initializing Spring embedded WebApplicationContext
2026-03-31 12:42:18 [restartedMain] INFO  o.s.b.w.s.c.ServletWebServerApplicationContext - Root WebApplicationContext: initialization completed in 466 ms
2026-03-31 12:42:18 [restartedMain] INFO  o.h.jpa.internal.util.LogHelper - HHH000204: Processing PersistenceUnitInfo [name: default]
2026-03-31 12:42:18 [restartedMain] INFO  o.h.c.i.RegionFactoryInitiator - HHH000026: Second-level cache disabled
2026-03-31 12:42:18 [restartedMain] INFO  o.s.o.j.p.SpringPersistenceUnitInfo - No LoadTimeWeaver setup: ignoring JPA class transformer
2026-03-31 12:42:18 [restartedMain] INFO  com.zaxxer.hikari.HikariDataSource - HikariPool-2 - Starting...
2026-03-31 12:42:18 [restartedMain] INFO  com.zaxxer.hikari.pool.HikariPool - HikariPool-2 - Added connection org.postgresql.jdbc.PgConnection@7f237361
2026-03-31 12:42:18 [restartedMain] INFO  com.zaxxer.hikari.HikariDataSource - HikariPool-2 - Start completed.
2026-03-31 12:42:18 [restartedMain] WARN  org.hibernate.orm.deprecation - HHH90000025: PostgreSQLDialect does not need to be specified explicitly using 'hibernate.dialect' (remove the property setting and it will be selected by default)
2026-03-31 12:42:18 [restartedMain] ERROR o.s.o.j.LocalContainerEntityManagerFactoryBean - Failed to initialize JPA EntityManagerFactory: Table [room_master] contains physical column name [room_status_table_id] referred to by multiple logical column names: [room_status_table_id], [roomStatusTableId]
2026-03-31 12:42:18 [restartedMain] ERROR o.s.b.w.e.tomcat.TomcatStarter - Error starting Tomcat context. Exception: org.springframework.beans.factory.UnsatisfiedDependencyException. Message: Error creating bean with name 'jwtAuthFilter' defined in file [C:\Users\ADMIN\git\pms-project\PMS\target\classes\com\pms\security\util\filter\JwtAuthFilter.class]: Unsatisfied dependency expressed through constructor parameter 1: Error creating bean with name 'customUserDetailsService' defined in file [C:\Users\ADMIN\git\pms-project\PMS\target\classes\com\pms\security\service\CustomUserDetailsService.class]: Unsatisfied dependency expressed through constructor parameter 0: Error creating bean with name 'userRepository' defined in com.pms.security.repository.UserRepository defined in @EnableJpaRepositories declared on JpaRepositoriesRegistrar.EnableJpaRepositoriesConfiguration: Cannot resolve reference to bean 'jpaSharedEM_entityManagerFactory' while setting bean property 'entityManager'
2026-03-31 12:42:18 [restartedMain] INFO  o.a.catalina.core.StandardService - Stopping service [Tomcat]
2026-03-31 12:42:18 [restartedMain] WARN  o.a.c.loader.WebappClassLoaderBase - The web application [ROOT] appears to have started a thread named [HikariPool-2 housekeeper] but has failed to stop it. This is very likely to create a memory leak. Stack trace of thread:
 java.base@17.0.12/jdk.internal.misc.Unsafe.park(Native Method)
 java.base@17.0.12/java.util.concurrent.locks.LockSupport.parkNanos(LockSupport.java:252)
 java.base@17.0.12/java.util.concurrent.locks.AbstractQueuedSynchronizer$ConditionObject.awaitNanos(AbstractQueuedSynchronizer.java:1672)
 java.base@17.0.12/java.util.concurrent.ScheduledThreadPoolExecutor$DelayedWorkQueue.take(ScheduledThreadPoolExecutor.java:1182)
 java.base@17.0.12/java.util.concurrent.ScheduledThreadPoolExecutor$DelayedWorkQueue.take(ScheduledThreadPoolExecutor.java:899)
 java.base@17.0.12/java.util.concurrent.ThreadPoolExecutor.getTask(ThreadPoolExecutor.java:1062)
 java.base@17.0.12/java.util.concurrent.ThreadPoolExecutor.runWorker(ThreadPoolExecutor.java:1122)
 java.base@17.0.12/java.util.concurrent.ThreadPoolExecutor$Worker.run(ThreadPoolExecutor.java:635)
 java.base@17.0.12/java.lang.Thread.run(Thread.java:842)
2026-03-31 12:42:18 [restartedMain] WARN  o.a.c.loader.WebappClassLoaderBase - The web application [ROOT] appears to have started a thread named [HikariPool-2 connection adder] but has failed to stop it. This is very likely to create a memory leak. Stack trace of thread:
 java.base@17.0.12/sun.nio.ch.Net.poll(Native Method)
 java.base@17.0.12/sun.nio.ch.NioSocketImpl.park(NioSocketImpl.java:186)
 java.base@17.0.12/sun.nio.ch.NioSocketImpl.timedRead(NioSocketImpl.java:290)
 java.base@17.0.12/sun.nio.ch.NioSocketImpl.implRead(NioSocketImpl.java:314)
 java.base@17.0.12/sun.nio.ch.NioSocketImpl.read(NioSocketImpl.java:355)
 java.base@17.0.12/sun.nio.ch.NioSocketImpl$1.read(NioSocketImpl.java:808)
 java.base@17.0.12/java.net.Socket$SocketInputStream.read(Socket.java:966)
 app//org.postgresql.core.VisibleBufferedInputStream.readMore(VisibleBufferedInputStream.java:162)
 app//org.postgresql.core.VisibleBufferedInputStream.ensureBytes(VisibleBufferedInputStream.java:129)
 app//org.postgresql.core.VisibleBufferedInputStream.ensureBytes(VisibleBufferedInputStream.java:114)
 app//org.postgresql.core.VisibleBufferedInputStream.read(VisibleBufferedInputStream.java:74)
 app//org.postgresql.core.PGStream.receiveChar(PGStream.java:467)
 app//org.postgresql.core.v3.ConnectionFactoryImpl.enableSSL(ConnectionFactoryImpl.java:594)
 app//org.postgresql.core.v3.ConnectionFactoryImpl.tryConnect(ConnectionFactoryImpl.java:195)
 app//org.postgresql.core.v3.ConnectionFactoryImpl.openConnectionImpl(ConnectionFactoryImpl.java:262)
 app//org.postgresql.core.ConnectionFactory.openConnection(ConnectionFactory.java:54)
 app//org.postgresql.jdbc.PgConnection.<init>(PgConnection.java:273)
 app//org.postgresql.Driver.makeConnection(Driver.java:446)
 app//org.postgresql.Driver.connect(Driver.java:298)
 app//com.zaxxer.hikari.util.DriverDataSource.getConnection(DriverDataSource.java:138)
 app//com.zaxxer.hikari.pool.PoolBase.newConnection(PoolBase.java:359)
 app//com.zaxxer.hikari.pool.PoolBase.newPoolEntry(PoolBase.java:201)
 app//com.zaxxer.hikari.pool.HikariPool.createPoolEntry(HikariPool.java:470)
 app//com.zaxxer.hikari.pool.HikariPool$PoolEntryCreator.call(HikariPool.java:733)
 app//com.zaxxer.hikari.pool.HikariPool$PoolEntryCreator.call(HikariPool.java:712)
 java.base@17.0.12/java.util.concurrent.FutureTask.run(FutureTask.java:264)
 java.base@17.0.12/java.util.concurrent.ThreadPoolExecutor.runWorker(ThreadPoolExecutor.java:1136)
 java.base@17.0.12/java.util.concurrent.ThreadPoolExecutor$Worker.run(ThreadPoolExecutor.java:635)
 java.base@17.0.12/java.lang.Thread.run(Thread.java:842)
2026-03-31 12:42:18 [restartedMain] WARN  o.s.b.w.s.c.AnnotationConfigServletWebServerApplicationContext - Exception encountered during context initialization - cancelling refresh attempt: org.springframework.context.ApplicationContextException: Unable to start web server
2026-03-31 12:42:18 [restartedMain] INFO  com.zaxxer.hikari.HikariDataSource - HikariPool-2 - Shutdown initiated...
2026-03-31 12:42:18 [restartedMain] INFO  com.zaxxer.hikari.HikariDataSource - HikariPool-2 - Shutdown completed.
2026-03-31 12:42:18 [restartedMain] INFO  o.s.b.a.l.ConditionEvaluationReportLogger - 

Error starting ApplicationContext. To display the condition evaluation report re-run your application with 'debug' enabled.
2026-03-31 12:42:18 [restartedMain] ERROR o.s.boot.SpringApplication - Application run failed
org.springframework.context.ApplicationContextException: Unable to start web server
	at org.springframework.boot.web.servlet.context.ServletWebServerApplicationContext.onRefresh(ServletWebServerApplicationContext.java:165) ~[spring-boot-3.2.5.jar:3.2.5]
	at org.springframework.context.support.AbstractApplicationContext.refresh(AbstractApplicationContext.java:618) ~[spring-context-6.1.6.jar:6.1.6]
	at org.springframework.boot.web.servlet.context.ServletWebServerApplicationContext.refresh(ServletWebServerApplicationContext.java:146) ~[spring-boot-3.2.5.jar:3.2.5]
	at org.springframework.boot.SpringApplication.refresh(SpringApplication.java:754) ~[spring-boot-3.2.5.jar:3.2.5]
	at org.springframework.boot.SpringApplication.refreshContext(SpringApplication.java:456) ~[spring-boot-3.2.5.jar:3.2.5]
	at org.springframework.boot.SpringApplication.run(SpringApplication.java:334) ~[spring-boot-3.2.5.jar:3.2.5]
	at org.springframework.boot.SpringApplication.run(SpringApplication.java:1354) ~[spring-boot-3.2.5.jar:3.2.5]
	at org.springframework.boot.SpringApplication.run(SpringApplication.java:1343) ~[spring-boot-3.2.5.jar:3.2.5]
	at com.pms.Application.main(Application.java:19) ~[classes/:na]
	at java.base/jdk.internal.reflect.NativeMethodAccessorImpl.invoke0(Native Method) ~[na:na]
	at java.base/jdk.internal.reflect.NativeMethodAccessorImpl.invoke(NativeMethodAccessorImpl.java:77) ~[na:na]
	at java.base/jdk.internal.reflect.DelegatingMethodAccessorImpl.invoke(DelegatingMethodAccessorImpl.java:43) ~[na:na]
	at java.base/java.lang.reflect.Method.invoke(Method.java:568) ~[na:na]
	at org.springframework.boot.devtools.restart.RestartLauncher.run(RestartLauncher.java:50) ~[spring-boot-devtools-3.2.5.jar:3.2.5]
Caused by: org.springframework.boot.web.server.WebServerException: Unable to start embedded Tomcat
	at org.springframework.boot.web.embedded.tomcat.TomcatWebServer.initialize(TomcatWebServer.java:145) ~[spring-boot-3.2.5.jar:3.2.5]
	at org.springframework.boot.web.embedded.tomcat.TomcatWebServer.<init>(TomcatWebServer.java:105) ~[spring-boot-3.2.5.jar:3.2.5]
	at org.springframework.boot.web.embedded.tomcat.TomcatServletWebServerFactory.getTomcatWebServer(TomcatServletWebServerFactory.java:499) ~[spring-boot-3.2.5.jar:3.2.5]
	at org.springframework.boot.web.embedded.tomcat.TomcatServletWebServerFactory.getWebServer(TomcatServletWebServerFactory.java:218) ~[spring-boot-3.2.5.jar:3.2.5]
	at org.springframework.boot.web.servlet.context.ServletWebServerApplicationContext.createWebServer(ServletWebServerApplicationContext.java:188) ~[spring-boot-3.2.5.jar:3.2.5]
	at org.springframework.boot.web.servlet.context.ServletWebServerApplicationContext.onRefresh(ServletWebServerApplicationContext.java:162) ~[spring-boot-3.2.5.jar:3.2.5]
	... 13 common frames omitted
Caused by: org.springframework.beans.factory.UnsatisfiedDependencyException: Error creating bean with name 'jwtAuthFilter' defined in file [C:\Users\ADMIN\git\pms-project\PMS\target\classes\com\pms\security\util\filter\JwtAuthFilter.class]: Unsatisfied dependency expressed through constructor parameter 1: Error creating bean with name 'customUserDetailsService' defined in file [C:\Users\ADMIN\git\pms-project\PMS\target\classes\com\pms\security\service\CustomUserDetailsService.class]: Unsatisfied dependency expressed through constructor parameter 0: Error creating bean with name 'userRepository' defined in com.pms.security.repository.UserRepository defined in @EnableJpaRepositories declared on JpaRepositoriesRegistrar.EnableJpaRepositoriesConfiguration: Cannot resolve reference to bean 'jpaSharedEM_entityManagerFactory' while setting bean property 'entityManager'
	at org.springframework.beans.factory.support.ConstructorResolver.createArgumentArray(ConstructorResolver.java:795) ~[spring-beans-6.1.6.jar:6.1.6]
	at org.springframework.beans.factory.support.ConstructorResolver.autowireConstructor(ConstructorResolver.java:237) ~[spring-beans-6.1.6.jar:6.1.6]
	at org.springframework.beans.factory.support.AbstractAutowireCapableBeanFactory.autowireConstructor(AbstractAutowireCapableBeanFactory.java:1355) ~[spring-beans-6.1.6.jar:6.1.6]
	at org.springframework.beans.factory.support.AbstractAutowireCapableBeanFactory.createBeanInstance(AbstractAutowireCapableBeanFactory.java:1192) ~[spring-beans-6.1.6.jar:6.1.6]
	at org.springframework.beans.factory.support.AbstractAutowireCapableBeanFactory.doCreateBean(AbstractAutowireCapableBeanFactory.java:562) ~[spring-beans-6.1.6.jar:6.1.6]
	at org.springframework.beans.factory.support.AbstractAutowireCapableBeanFactory.createBean(AbstractAutowireCapableBeanFactory.java:522) ~[spring-beans-6.1.6.jar:6.1.6]
	at org.springframework.beans.factory.support.AbstractBeanFactory.lambda$doGetBean$0(AbstractBeanFactory.java:326) ~[spring-beans-6.1.6.jar:6.1.6]
	at org.springframework.beans.factory.support.DefaultSingletonBeanRegistry.getSingleton(DefaultSingletonBeanRegistry.java:234) ~[spring-beans-6.1.6.jar:6.1.6]
	at org.springframework.beans.factory.support.AbstractBeanFactory.doGetBean(AbstractBeanFactory.java:324) ~[spring-beans-6.1.6.jar:6.1.6]
	at org.springframework.beans.factory.support.AbstractBeanFactory.getBean(AbstractBeanFactory.java:205) ~[spring-beans-6.1.6.jar:6.1.6]
	at org.springframework.boot.web.servlet.ServletContextInitializerBeans.getOrderedBeansOfType(ServletContextInitializerBeans.java:210) ~[spring-boot-3.2.5.jar:3.2.5]
	at org.springframework.boot.web.servlet.ServletContextInitializerBeans.addAsRegistrationBean(ServletContextInitializerBeans.java:173) ~[spring-boot-3.2.5.jar:3.2.5]
	at org.springframework.boot.web.servlet.ServletContextInitializerBeans.addAsRegistrationBean(ServletContextInitializerBeans.java:168) ~[spring-boot-3.2.5.jar:3.2.5]
	at org.springframework.boot.web.servlet.ServletContextInitializerBeans.addAdaptableBeans(ServletContextInitializerBeans.java:153) ~[spring-boot-3.2.5.jar:3.2.5]
	at org.springframework.boot.web.servlet.ServletContextInitializerBeans.<init>(ServletContextInitializerBeans.java:86) ~[spring-boot-3.2.5.jar:3.2.5]
	at org.springframework.boot.web.servlet.context.ServletWebServerApplicationContext.getServletContextInitializerBeans(ServletWebServerApplicationContext.java:266) ~[spring-boot-3.2.5.jar:3.2.5]
	at org.springframework.boot.web.servlet.context.ServletWebServerApplicationContext.selfInitialize(ServletWebServerApplicationContext.java:240) ~[spring-boot-3.2.5.jar:3.2.5]
	at org.springframework.boot.web.embedded.tomcat.TomcatStarter.onStartup(TomcatStarter.java:52) ~[spring-boot-3.2.5.jar:3.2.5]
	at org.apache.catalina.core.StandardContext.startInternal(StandardContext.java:4880) ~[tomcat-embed-core-10.1.20.jar:10.1.20]
	at org.apache.catalina.util.LifecycleBase.start(LifecycleBase.java:171) ~[tomcat-embed-core-10.1.20.jar:10.1.20]
	at org.apache.catalina.core.ContainerBase$StartChild.call(ContainerBase.java:1332) ~[tomcat-embed-core-10.1.20.jar:10.1.20]
	at org.apache.catalina.core.ContainerBase$StartChild.call(ContainerBase.java:1322) ~[tomcat-embed-core-10.1.20.jar:10.1.20]
	at java.base/java.util.concurrent.FutureTask.run(FutureTask.java:264) ~[na:na]
	at org.apache.tomcat.util.threads.InlineExecutorService.execute(InlineExecutorService.java:75) ~[tomcat-embed-core-10.1.20.jar:10.1.20]
	at java.base/java.util.concurrent.AbstractExecutorService.submit(AbstractExecutorService.java:145) ~[na:na]
	at org.apache.catalina.core.ContainerBase.startInternal(ContainerBase.java:866) ~[tomcat-embed-core-10.1.20.jar:10.1.20]
	at org.apache.catalina.core.StandardHost.startInternal(StandardHost.java:845) ~[tomcat-embed-core-10.1.20.jar:10.1.20]
	at org.apache.catalina.util.LifecycleBase.start(LifecycleBase.java:171) ~[tomcat-embed-core-10.1.20.jar:10.1.20]
	at org.apache.catalina.core.ContainerBase$StartChild.call(ContainerBase.java:1332) ~[tomcat-embed-core-10.1.20.jar:10.1.20]
	at org.apache.catalina.core.ContainerBase$StartChild.call(ContainerBase.java:1322) ~[tomcat-embed-core-10.1.20.jar:10.1.20]
	at java.base/java.util.concurrent.FutureTask.run(FutureTask.java:264) ~[na:na]
	at org.apache.tomcat.util.threads.InlineExecutorService.execute(InlineExecutorService.java:75) ~[tomcat-embed-core-10.1.20.jar:10.1.20]
	at java.base/java.util.concurrent.AbstractExecutorService.submit(AbstractExecutorService.java:145) ~[na:na]
	at org.apache.catalina.core.ContainerBase.startInternal(ContainerBase.java:866) ~[tomcat-embed-core-10.1.20.jar:10.1.20]
	at org.apache.catalina.core.StandardEngine.startInternal(StandardEngine.java:240) ~[tomcat-embed-core-10.1.20.jar:10.1.20]
	at org.apache.catalina.util.LifecycleBase.start(LifecycleBase.java:171) ~[tomcat-embed-core-10.1.20.jar:10.1.20]
	at org.apache.catalina.core.StandardService.startInternal(StandardService.java:433) ~[tomcat-embed-core-10.1.20.jar:10.1.20]
	at org.apache.catalina.util.LifecycleBase.start(LifecycleBase.java:171) ~[tomcat-embed-core-10.1.20.jar:10.1.20]
	at org.apache.catalina.core.StandardServer.startInternal(StandardServer.java:921) ~[tomcat-embed-core-10.1.20.jar:10.1.20]
	at org.apache.catalina.util.LifecycleBase.start(LifecycleBase.java:171) ~[tomcat-embed-core-10.1.20.jar:10.1.20]
	at org.apache.catalina.startup.Tomcat.start(Tomcat.java:437) ~[tomcat-embed-core-10.1.20.jar:10.1.20]
	at org.springframework.boot.web.embedded.tomcat.TomcatWebServer.initialize(TomcatWebServer.java:126) ~[spring-boot-3.2.5.jar:3.2.5]
	... 18 common frames omitted
Caused by: org.springframework.beans.factory.UnsatisfiedDependencyException: Error creating bean with name 'customUserDetailsService' defined in file [C:\Users\ADMIN\git\pms-project\PMS\target\classes\com\pms\security\service\CustomUserDetailsService.class]: Unsatisfied dependency expressed through constructor parameter 0: Error creating bean with name 'userRepository' defined in com.pms.security.repository.UserRepository defined in @EnableJpaRepositories declared on JpaRepositoriesRegistrar.EnableJpaRepositoriesConfiguration: Cannot resolve reference to bean 'jpaSharedEM_entityManagerFactory' while setting bean property 'entityManager'
	at org.springframework.beans.factory.support.ConstructorResolver.createArgumentArray(ConstructorResolver.java:795) ~[spring-beans-6.1.6.jar:6.1.6]
	at org.springframework.beans.factory.support.ConstructorResolver.autowireConstructor(ConstructorResolver.java:237) ~[spring-beans-6.1.6.jar:6.1.6]
	at org.springframework.beans.factory.support.AbstractAutowireCapableBeanFactory.autowireConstructor(AbstractAutowireCapableBeanFactory.java:1355) ~[spring-beans-6.1.6.jar:6.1.6]
	at org.springframework.beans.factory.support.AbstractAutowireCapableBeanFactory.createBeanInstance(AbstractAutowireCapableBeanFactory.java:1192) ~[spring-beans-6.1.6.jar:6.1.6]
	at org.springframework.beans.factory.support.AbstractAutowireCapableBeanFactory.doCreateBean(AbstractAutowireCapableBeanFactory.java:562) ~[spring-beans-6.1.6.jar:6.1.6]
	at org.springframework.beans.factory.support.AbstractAutowireCapableBeanFactory.createBean(AbstractAutowireCapableBeanFactory.java:522) ~[spring-beans-6.1.6.jar:6.1.6]
	at org.springframework.beans.factory.support.AbstractBeanFactory.lambda$doGetBean$0(AbstractBeanFactory.java:326) ~[spring-beans-6.1.6.jar:6.1.6]
	at org.springframework.beans.factory.support.DefaultSingletonBeanRegistry.getSingleton(DefaultSingletonBeanRegistry.java:234) ~[spring-beans-6.1.6.jar:6.1.6]
	at org.springframework.beans.factory.support.AbstractBeanFactory.doGetBean(AbstractBeanFactory.java:324) ~[spring-beans-6.1.6.jar:6.1.6]
	at org.springframework.beans.factory.support.AbstractBeanFactory.getBean(AbstractBeanFactory.java:200) ~[spring-beans-6.1.6.jar:6.1.6]
	at org.springframework.beans.factory.config.DependencyDescriptor.resolveCandidate(DependencyDescriptor.java:254) ~[spring-beans-6.1.6.jar:6.1.6]
	at org.springframework.beans.factory.support.DefaultListableBeanFactory.doResolveDependency(DefaultListableBeanFactory.java:1443) ~[spring-beans-6.1.6.jar:6.1.6]
	at org.springframework.beans.factory.support.DefaultListableBeanFactory.resolveDependency(DefaultListableBeanFactory.java:1353) ~[spring-beans-6.1.6.jar:6.1.6]
	at org.springframework.beans.factory.support.ConstructorResolver.resolveAutowiredArgument(ConstructorResolver.java:904) ~[spring-beans-6.1.6.jar:6.1.6]
	at org.springframework.beans.factory.support.ConstructorResolver.createArgumentArray(ConstructorResolver.java:782) ~[spring-beans-6.1.6.jar:6.1.6]
	... 59 common frames omitted
Caused by: org.springframework.beans.factory.BeanCreationException: Error creating bean with name 'userRepository' defined in com.pms.security.repository.UserRepository defined in @EnableJpaRepositories declared on JpaRepositoriesRegistrar.EnableJpaRepositoriesConfiguration: Cannot resolve reference to bean 'jpaSharedEM_entityManagerFactory' while setting bean property 'entityManager'
	at org.springframework.beans.factory.support.BeanDefinitionValueResolver.resolveReference(BeanDefinitionValueResolver.java:377) ~[spring-beans-6.1.6.jar:6.1.6]
	at org.springframework.beans.factory.support.BeanDefinitionValueResolver.resolveValueIfNecessary(BeanDefinitionValueResolver.java:135) ~[spring-beans-6.1.6.jar:6.1.6]
	at org.springframework.beans.factory.support.AbstractAutowireCapableBeanFactory.applyPropertyValues(AbstractAutowireCapableBeanFactory.java:1685) ~[spring-beans-6.1.6.jar:6.1.6]
	at org.springframework.beans.factory.support.AbstractAutowireCapableBeanFactory.populateBean(AbstractAutowireCapableBeanFactory.java:1434) ~[spring-beans-6.1.6.jar:6.1.6]
	at org.springframework.beans.factory.support.AbstractAutowireCapableBeanFactory.doCreateBean(AbstractAutowireCapableBeanFactory.java:599) ~[spring-beans-6.1.6.jar:6.1.6]
	at org.springframework.beans.factory.support.AbstractAutowireCapableBeanFactory.createBean(AbstractAutowireCapableBeanFactory.java:522) ~[spring-beans-6.1.6.jar:6.1.6]
	at org.springframework.beans.factory.support.AbstractBeanFactory.lambda$doGetBean$0(AbstractBeanFactory.java:326) ~[spring-beans-6.1.6.jar:6.1.6]
	at org.springframework.beans.factory.support.DefaultSingletonBeanRegistry.getSingleton(DefaultSingletonBeanRegistry.java:234) ~[spring-beans-6.1.6.jar:6.1.6]
	at org.springframework.beans.factory.support.AbstractBeanFactory.doGetBean(AbstractBeanFactory.java:324) ~[spring-beans-6.1.6.jar:6.1.6]
	at org.springframework.beans.factory.support.AbstractBeanFactory.getBean(AbstractBeanFactory.java:200) ~[spring-beans-6.1.6.jar:6.1.6]
	at org.springframework.beans.factory.config.DependencyDescriptor.resolveCandidate(DependencyDescriptor.java:254) ~[spring-beans-6.1.6.jar:6.1.6]
	at org.springframework.beans.factory.support.DefaultListableBeanFactory.doResolveDependency(DefaultListableBeanFactory.java:1443) ~[spring-beans-6.1.6.jar:6.1.6]
	at org.springframework.beans.factory.support.DefaultListableBeanFactory.resolveDependency(DefaultListableBeanFactory.java:1353) ~[spring-beans-6.1.6.jar:6.1.6]
	at org.springframework.beans.factory.support.ConstructorResolver.resolveAutowiredArgument(ConstructorResolver.java:904) ~[spring-beans-6.1.6.jar:6.1.6]
	at org.springframework.beans.factory.support.ConstructorResolver.createArgumentArray(ConstructorResolver.java:782) ~[spring-beans-6.1.6.jar:6.1.6]
	... 73 common frames omitted
Caused by: org.springframework.beans.factory.BeanCreationException: Error creating bean with name 'jpaSharedEM_entityManagerFactory': Cannot resolve reference to bean 'entityManagerFactory' while setting constructor argument
	at org.springframework.beans.factory.support.BeanDefinitionValueResolver.resolveReference(BeanDefinitionValueResolver.java:377) ~[spring-beans-6.1.6.jar:6.1.6]
	at org.springframework.beans.factory.support.BeanDefinitionValueResolver.resolveValueIfNecessary(BeanDefinitionValueResolver.java:135) ~[spring-beans-6.1.6.jar:6.1.6]
	at org.springframework.beans.factory.support.ConstructorResolver.resolveConstructorArguments(ConstructorResolver.java:682) ~[spring-beans-6.1.6.jar:6.1.6]
	at org.springframework.beans.factory.support.ConstructorResolver.instantiateUsingFactoryMethod(ConstructorResolver.java:509) ~[spring-beans-6.1.6.jar:6.1.6]
	at org.springframework.beans.factory.support.AbstractAutowireCapableBeanFactory.instantiateUsingFactoryMethod(AbstractAutowireCapableBeanFactory.java:1335) ~[spring-beans-6.1.6.jar:6.1.6]
	at org.springframework.beans.factory.support.AbstractAutowireCapableBeanFactory.createBeanInstance(AbstractAutowireCapableBeanFactory.java:1165) ~[spring-beans-6.1.6.jar:6.1.6]
	at org.springframework.beans.factory.support.AbstractAutowireCapableBeanFactory.doCreateBean(AbstractAutowireCapableBeanFactory.java:562) ~[spring-beans-6.1.6.jar:6.1.6]
	at org.springframework.beans.factory.support.AbstractAutowireCapableBeanFactory.createBean(AbstractAutowireCapableBeanFactory.java:522) ~[spring-beans-6.1.6.jar:6.1.6]
	at org.springframework.beans.factory.support.AbstractBeanFactory.lambda$doGetBean$0(AbstractBeanFactory.java:326) ~[spring-beans-6.1.6.jar:6.1.6]
	at org.springframework.beans.factory.support.DefaultSingletonBeanRegistry.getSingleton(DefaultSingletonBeanRegistry.java:234) ~[spring-beans-6.1.6.jar:6.1.6]
	at org.springframework.beans.factory.support.AbstractBeanFactory.doGetBean(AbstractBeanFactory.java:324) ~[spring-beans-6.1.6.jar:6.1.6]
	at org.springframework.beans.factory.support.AbstractBeanFactory.getBean(AbstractBeanFactory.java:200) ~[spring-beans-6.1.6.jar:6.1.6]
	at org.springframework.beans.factory.support.BeanDefinitionValueResolver.resolveReference(BeanDefinitionValueResolver.java:365) ~[spring-beans-6.1.6.jar:6.1.6]
	... 87 common frames omitted
Caused by: org.springframework.beans.factory.BeanCreationException: Error creating bean with name 'entityManagerFactory' defined in class path resource [org/springframework/boot/autoconfigure/orm/jpa/HibernateJpaConfiguration.class]: Table [room_master] contains physical column name [room_status_table_id] referred to by multiple logical column names: [room_status_table_id], [roomStatusTableId]
	at org.springframework.beans.factory.support.AbstractAutowireCapableBeanFactory.initializeBean(AbstractAutowireCapableBeanFactory.java:1786) ~[spring-beans-6.1.6.jar:6.1.6]
	at org.springframework.beans.factory.support.AbstractAutowireCapableBeanFactory.doCreateBean(AbstractAutowireCapableBeanFactory.java:600) ~[spring-beans-6.1.6.jar:6.1.6]
	at org.springframework.beans.factory.support.AbstractAutowireCapableBeanFactory.createBean(AbstractAutowireCapableBeanFactory.java:522) ~[spring-beans-6.1.6.jar:6.1.6]
	at org.springframework.beans.factory.support.AbstractBeanFactory.lambda$doGetBean$0(AbstractBeanFactory.java:326) ~[spring-beans-6.1.6.jar:6.1.6]
	at org.springframework.beans.factory.support.DefaultSingletonBeanRegistry.getSingleton(DefaultSingletonBeanRegistry.java:234) ~[spring-beans-6.1.6.jar:6.1.6]
	at org.springframework.beans.factory.support.AbstractBeanFactory.doGetBean(AbstractBeanFactory.java:324) ~[spring-beans-6.1.6.jar:6.1.6]
	at org.springframework.beans.factory.support.AbstractBeanFactory.getBean(AbstractBeanFactory.java:200) ~[spring-beans-6.1.6.jar:6.1.6]
	at org.springframework.beans.factory.support.BeanDefinitionValueResolver.resolveReference(BeanDefinitionValueResolver.java:365) ~[spring-beans-6.1.6.jar:6.1.6]
	... 99 common frames omitted
Caused by: org.hibernate.DuplicateMappingException: Table [room_master] contains physical column name [room_status_table_id] referred to by multiple logical column names: [room_status_table_id], [roomStatusTableId]
	at org.hibernate.boot.internal.InFlightMetadataCollectorImpl$TableColumnNameBinding.bindPhysicalToLogical(InFlightMetadataCollectorImpl.java:1114) ~[hibernate-core-6.4.4.Final.jar:6.4.4.Final]
	at org.hibernate.boot.internal.InFlightMetadataCollectorImpl$TableColumnNameBinding.addBinding(InFlightMetadataCollectorImpl.java:1083) ~[hibernate-core-6.4.4.Final.jar:6.4.4.Final]
	at org.hibernate.boot.internal.InFlightMetadataCollectorImpl.addColumnNameBinding(InFlightMetadataCollectorImpl.java:1153) ~[hibernate-core-6.4.4.Final.jar:6.4.4.Final]
	at org.hibernate.boot.internal.InFlightMetadataCollectorImpl.addColumnNameBinding(InFlightMetadataCollectorImpl.java:1134) ~[hibernate-core-6.4.4.Final.jar:6.4.4.Final]
	at org.hibernate.boot.model.internal.AnnotatedJoinColumn.addColumnBinding(AnnotatedJoinColumn.java:407) ~[hibernate-core-6.4.4.Final.jar:6.4.4.Final]
	at org.hibernate.boot.model.internal.AnnotatedColumn.linkWithValue(AnnotatedColumn.java:432) ~[hibernate-core-6.4.4.Final.jar:6.4.4.Final]
	at org.hibernate.boot.model.internal.TableBinder.linkJoinColumnWithValueOverridingNameIfImplicit(TableBinder.java:828) ~[hibernate-core-6.4.4.Final.jar:6.4.4.Final]
	at org.hibernate.boot.model.internal.TableBinder.bindImplicitPrimaryKeyReference(TableBinder.java:608) ~[hibernate-core-6.4.4.Final.jar:6.4.4.Final]
	at org.hibernate.boot.model.internal.TableBinder.bindExplicitColumns(TableBinder.java:586) ~[hibernate-core-6.4.4.Final.jar:6.4.4.Final]
	at org.hibernate.boot.model.internal.TableBinder.bindForeignKey(TableBinder.java:567) ~[hibernate-core-6.4.4.Final.jar:6.4.4.Final]
	at org.hibernate.boot.model.internal.ToOneFkSecondPass.doSecondPass(ToOneFkSecondPass.java:116) ~[hibernate-core-6.4.4.Final.jar:6.4.4.Final]
	at org.hibernate.boot.internal.InFlightMetadataCollectorImpl.processEndOfQueue(InFlightMetadataCollectorImpl.java:1910) ~[hibernate-core-6.4.4.Final.jar:6.4.4.Final]
	at org.hibernate.boot.internal.InFlightMetadataCollectorImpl.processFkSecondPassesInOrder(InFlightMetadataCollectorImpl.java:1859) ~[hibernate-core-6.4.4.Final.jar:6.4.4.Final]
	at org.hibernate.boot.internal.InFlightMetadataCollectorImpl.processSecondPasses(InFlightMetadataCollectorImpl.java:1768) ~[hibernate-core-6.4.4.Final.jar:6.4.4.Final]
	at org.hibernate.boot.model.process.spi.MetadataBuildingProcess.complete(MetadataBuildingProcess.java:332) ~[hibernate-core-6.4.4.Final.jar:6.4.4.Final]
	at org.hibernate.jpa.boot.internal.EntityManagerFactoryBuilderImpl.metadata(EntityManagerFactoryBuilderImpl.java:1432) ~[hibernate-core-6.4.4.Final.jar:6.4.4.Final]
	at org.hibernate.jpa.boot.internal.EntityManagerFactoryBuilderImpl.build(EntityManagerFactoryBuilderImpl.java:1503) ~[hibernate-core-6.4.4.Final.jar:6.4.4.Final]
	at org.springframework.orm.jpa.vendor.SpringHibernateJpaPersistenceProvider.createContainerEntityManagerFactory(SpringHibernateJpaPersistenceProvider.java:75) ~[spring-orm-6.1.6.jar:6.1.6]
	at org.springframework.orm.jpa.LocalContainerEntityManagerFactoryBean.createNativeEntityManagerFactory(LocalContainerEntityManagerFactoryBean.java:390) ~[spring-orm-6.1.6.jar:6.1.6]
	at org.springframework.orm.jpa.AbstractEntityManagerFactoryBean.buildNativeEntityManagerFactory(AbstractEntityManagerFactoryBean.java:409) ~[spring-orm-6.1.6.jar:6.1.6]
	at org.springframework.orm.jpa.AbstractEntityManagerFactoryBean.afterPropertiesSet(AbstractEntityManagerFactoryBean.java:396) ~[spring-orm-6.1.6.jar:6.1.6]
	at org.springframework.orm.jpa.LocalContainerEntityManagerFactoryBean.afterPropertiesSet(LocalContainerEntityManagerFactoryBean.java:366) ~[spring-orm-6.1.6.jar:6.1.6]
	at org.springframework.beans.factory.support.AbstractAutowireCapableBeanFactory.invokeInitMethods(AbstractAutowireCapableBeanFactory.java:1833) ~[spring-beans-6.1.6.jar:6.1.6]
	at org.springframework.beans.factory.support.AbstractAutowireCapableBeanFactory.initializeBean(AbstractAutowireCapableBeanFactory.java:1782) ~[spring-beans-6.1.6.jar:6.1.6]
	... 106 common frames omitted
2026-03-31 12:42:53 [restartedMain] INFO  com.pms.Application - Starting Application using Java 17.0.12 with PID 11128 (C:\Users\ADMIN\git\pms-project\PMS\target\classes started by ADMIN in C:\Users\ADMIN\git\pms-project\PMS)
2026-03-31 12:42:53 [restartedMain] DEBUG com.pms.Application - Running with Spring Boot v3.2.5, Spring v6.1.6
2026-03-31 12:42:53 [restartedMain] INFO  com.pms.Application - No active profile set, falling back to 1 default profile: "default"
2026-03-31 12:42:53 [restartedMain] INFO  o.s.b.d.e.DevToolsPropertyDefaultsPostProcessor - Devtools property defaults active! Set 'spring.devtools.add-properties' to 'false' to disable
2026-03-31 12:42:53 [restartedMain] INFO  o.s.b.d.e.DevToolsPropertyDefaultsPostProcessor - For additional web related logging consider setting the 'logging.level.web' property to 'DEBUG'
2026-03-31 12:42:54 [restartedMain] INFO  o.s.d.r.c.RepositoryConfigurationDelegate - Bootstrapping Spring Data JPA repositories in DEFAULT mode.
2026-03-31 12:42:54 [restartedMain] INFO  o.s.d.r.c.RepositoryConfigurationDelegate - Finished Spring Data repository scanning in 87 ms. Found 17 JPA repository interfaces.
2026-03-31 12:42:54 [restartedMain] INFO  o.s.b.w.e.tomcat.TomcatWebServer - Tomcat initialized with port 9090 (http)
2026-03-31 12:42:54 [restartedMain] INFO  o.a.catalina.core.StandardService - Starting service [Tomcat]
2026-03-31 12:42:54 [restartedMain] INFO  o.a.catalina.core.StandardEngine - Starting Servlet engine: [Apache Tomcat/10.1.20]
2026-03-31 12:42:55 [restartedMain] INFO  o.a.c.c.C.[Tomcat].[localhost].[/] - Initializing Spring embedded WebApplicationContext
2026-03-31 12:42:55 [restartedMain] INFO  o.s.b.w.s.c.ServletWebServerApplicationContext - Root WebApplicationContext: initialization completed in 1213 ms
2026-03-31 12:42:55 [restartedMain] INFO  o.h.jpa.internal.util.LogHelper - HHH000204: Processing PersistenceUnitInfo [name: default]
2026-03-31 12:42:55 [restartedMain] INFO  org.hibernate.Version - HHH000412: Hibernate ORM core version 6.4.4.Final
2026-03-31 12:42:55 [restartedMain] INFO  o.h.c.i.RegionFactoryInitiator - HHH000026: Second-level cache disabled
2026-03-31 12:42:55 [restartedMain] INFO  o.s.o.j.p.SpringPersistenceUnitInfo - No LoadTimeWeaver setup: ignoring JPA class transformer
2026-03-31 12:42:55 [restartedMain] INFO  com.zaxxer.hikari.HikariDataSource - HikariPool-1 - Starting...
2026-03-31 12:42:55 [restartedMain] INFO  com.zaxxer.hikari.pool.HikariPool - HikariPool-1 - Added connection org.postgresql.jdbc.PgConnection@2bcc789f
2026-03-31 12:42:55 [restartedMain] INFO  com.zaxxer.hikari.HikariDataSource - HikariPool-1 - Start completed.
2026-03-31 12:42:55 [restartedMain] WARN  org.hibernate.orm.deprecation - HHH90000025: PostgreSQLDialect does not need to be specified explicitly using 'hibernate.dialect' (remove the property setting and it will be selected by default)
2026-03-31 12:42:55 [restartedMain] ERROR o.s.o.j.LocalContainerEntityManagerFactoryBean - Failed to initialize JPA EntityManagerFactory: Table [room_master] contains physical column name [room_status_table_id] referred to by multiple logical column names: [room_status_table_id], [roomStatusTableId]
2026-03-31 12:42:55 [restartedMain] ERROR o.s.b.w.e.tomcat.TomcatStarter - Error starting Tomcat context. Exception: org.springframework.beans.factory.UnsatisfiedDependencyException. Message: Error creating bean with name 'jwtAuthFilter' defined in file [C:\Users\ADMIN\git\pms-project\PMS\target\classes\com\pms\security\util\filter\JwtAuthFilter.class]: Unsatisfied dependency expressed through constructor parameter 1: Error creating bean with name 'customUserDetailsService' defined in file [C:\Users\ADMIN\git\pms-project\PMS\target\classes\com\pms\security\service\CustomUserDetailsService.class]: Unsatisfied dependency expressed through constructor parameter 0: Error creating bean with name 'userRepository' defined in com.pms.security.repository.UserRepository defined in @EnableJpaRepositories declared on JpaRepositoriesRegistrar.EnableJpaRepositoriesConfiguration: Cannot resolve reference to bean 'jpaSharedEM_entityManagerFactory' while setting bean property 'entityManager'
2026-03-31 12:42:55 [restartedMain] INFO  o.a.catalina.core.StandardService - Stopping service [Tomcat]
2026-03-31 12:42:55 [restartedMain] WARN  o.a.c.loader.WebappClassLoaderBase - The web application [ROOT] appears to have started a thread named [HikariPool-1 housekeeper] but has failed to stop it. This is very likely to create a memory leak. Stack trace of thread:
 java.base@17.0.12/jdk.internal.misc.Unsafe.park(Native Method)
 java.base@17.0.12/java.util.concurrent.locks.LockSupport.parkNanos(LockSupport.java:252)
 java.base@17.0.12/java.util.concurrent.locks.AbstractQueuedSynchronizer$ConditionObject.awaitNanos(AbstractQueuedSynchronizer.java:1672)
 java.base@17.0.12/java.util.concurrent.ScheduledThreadPoolExecutor$DelayedWorkQueue.take(ScheduledThreadPoolExecutor.java:1182)
 java.base@17.0.12/java.util.concurrent.ScheduledThreadPoolExecutor$DelayedWorkQueue.take(ScheduledThreadPoolExecutor.java:899)
 java.base@17.0.12/java.util.concurrent.ThreadPoolExecutor.getTask(ThreadPoolExecutor.java:1062)
 java.base@17.0.12/java.util.concurrent.ThreadPoolExecutor.runWorker(ThreadPoolExecutor.java:1122)
 java.base@17.0.12/java.util.concurrent.ThreadPoolExecutor$Worker.run(ThreadPoolExecutor.java:635)
 java.base@17.0.12/java.lang.Thread.run(Thread.java:842)
2026-03-31 12:42:55 [restartedMain] WARN  o.a.c.loader.WebappClassLoaderBase - The web application [ROOT] appears to have started a thread named [HikariPool-1 connection adder] but has failed to stop it. This is very likely to create a memory leak. Stack trace of thread:
 java.base@17.0.12/java.lang.Thread.sleep(Native Method)
 app//com.zaxxer.hikari.util.UtilityElf.quietlySleep(UtilityElf.java:53)
 app//com.zaxxer.hikari.pool.HikariPool$PoolEntryCreator.call(HikariPool.java:745)
 app//com.zaxxer.hikari.pool.HikariPool$PoolEntryCreator.call(HikariPool.java:712)
 java.base@17.0.12/java.util.concurrent.FutureTask.run(FutureTask.java:264)
 java.base@17.0.12/java.util.concurrent.ThreadPoolExecutor.runWorker(ThreadPoolExecutor.java:1136)
 java.base@17.0.12/java.util.concurrent.ThreadPoolExecutor$Worker.run(ThreadPoolExecutor.java:635)
 java.base@17.0.12/java.lang.Thread.run(Thread.java:842)
2026-03-31 12:42:55 [restartedMain] WARN  o.s.b.w.s.c.AnnotationConfigServletWebServerApplicationContext - Exception encountered during context initialization - cancelling refresh attempt: org.springframework.context.ApplicationContextException: Unable to start web server
2026-03-31 12:42:55 [restartedMain] INFO  com.zaxxer.hikari.HikariDataSource - HikariPool-1 - Shutdown initiated...
2026-03-31 12:42:55 [restartedMain] INFO  com.zaxxer.hikari.HikariDataSource - HikariPool-1 - Shutdown completed.
2026-03-31 12:42:55 [restartedMain] INFO  o.s.b.a.l.ConditionEvaluationReportLogger - 

Error starting ApplicationContext. To display the condition evaluation report re-run your application with 'debug' enabled.
2026-03-31 12:42:55 [restartedMain] ERROR o.s.boot.SpringApplication - Application run failed
org.springframework.context.ApplicationContextException: Unable to start web server
	at org.springframework.boot.web.servlet.context.ServletWebServerApplicationContext.onRefresh(ServletWebServerApplicationContext.java:165)
	at org.springframework.context.support.AbstractApplicationContext.refresh(AbstractApplicationContext.java:618)
	at org.springframework.boot.web.servlet.context.ServletWebServerApplicationContext.refresh(ServletWebServerApplicationContext.java:146)
	at org.springframework.boot.SpringApplication.refresh(SpringApplication.java:754)
	at org.springframework.boot.SpringApplication.refreshContext(SpringApplication.java:456)
	at org.springframework.boot.SpringApplication.run(SpringApplication.java:334)
	at org.springframework.boot.SpringApplication.run(SpringApplication.java:1354)
	at org.springframework.boot.SpringApplication.run(SpringApplication.java:1343)
	at com.pms.Application.main(Application.java:19)
	at java.base/jdk.internal.reflect.NativeMethodAccessorImpl.invoke0(Native Method)
	at java.base/jdk.internal.reflect.NativeMethodAccessorImpl.invoke(NativeMethodAccessorImpl.java:77)
	at java.base/jdk.internal.reflect.DelegatingMethodAccessorImpl.invoke(DelegatingMethodAccessorImpl.java:43)
	at java.base/java.lang.reflect.Method.invoke(Method.java:568)
	at org.springframework.boot.devtools.restart.RestartLauncher.run(RestartLauncher.java:50)
Caused by: org.springframework.boot.web.server.WebServerException: Unable to start embedded Tomcat
	at org.springframework.boot.web.embedded.tomcat.TomcatWebServer.initialize(TomcatWebServer.java:145)
	at org.springframework.boot.web.embedded.tomcat.TomcatWebServer.<init>(TomcatWebServer.java:105)
	at org.springframework.boot.web.embedded.tomcat.TomcatServletWebServerFactory.getTomcatWebServer(TomcatServletWebServerFactory.java:499)
	at org.springframework.boot.web.embedded.tomcat.TomcatServletWebServerFactory.getWebServer(TomcatServletWebServerFactory.java:218)
	at org.springframework.boot.web.servlet.context.ServletWebServerApplicationContext.createWebServer(ServletWebServerApplicationContext.java:188)
	at org.springframework.boot.web.servlet.context.ServletWebServerApplicationContext.onRefresh(ServletWebServerApplicationContext.java:162)
	... 13 common frames omitted
Caused by: org.springframework.beans.factory.UnsatisfiedDependencyException: Error creating bean with name 'jwtAuthFilter' defined in file [C:\Users\ADMIN\git\pms-project\PMS\target\classes\com\pms\security\util\filter\JwtAuthFilter.class]: Unsatisfied dependency expressed through constructor parameter 1: Error creating bean with name 'customUserDetailsService' defined in file [C:\Users\ADMIN\git\pms-project\PMS\target\classes\com\pms\security\service\CustomUserDetailsService.class]: Unsatisfied dependency expressed through constructor parameter 0: Error creating bean with name 'userRepository' defined in com.pms.security.repository.UserRepository defined in @EnableJpaRepositories declared on JpaRepositoriesRegistrar.EnableJpaRepositoriesConfiguration: Cannot resolve reference to bean 'jpaSharedEM_entityManagerFactory' while setting bean property 'entityManager'
	at org.springframework.beans.factory.support.ConstructorResolver.createArgumentArray(ConstructorResolver.java:795)
	at org.springframework.beans.factory.support.ConstructorResolver.autowireConstructor(ConstructorResolver.java:237)
	at org.springframework.beans.factory.support.AbstractAutowireCapableBeanFactory.autowireConstructor(AbstractAutowireCapableBeanFactory.java:1355)
	at org.springframework.beans.factory.support.AbstractAutowireCapableBeanFactory.createBeanInstance(AbstractAutowireCapableBeanFactory.java:1192)
	at org.springframework.beans.factory.support.AbstractAutowireCapableBeanFactory.doCreateBean(AbstractAutowireCapableBeanFactory.java:562)
	at org.springframework.beans.factory.support.AbstractAutowireCapableBeanFactory.createBean(AbstractAutowireCapableBeanFactory.java:522)
	at org.springframework.beans.factory.support.AbstractBeanFactory.lambda$doGetBean$0(AbstractBeanFactory.java:326)
	at org.springframework.beans.factory.support.DefaultSingletonBeanRegistry.getSingleton(DefaultSingletonBeanRegistry.java:234)
	at org.springframework.beans.factory.support.AbstractBeanFactory.doGetBean(AbstractBeanFactory.java:324)
	at org.springframework.beans.factory.support.AbstractBeanFactory.getBean(AbstractBeanFactory.java:205)
	at org.springframework.boot.web.servlet.ServletContextInitializerBeans.getOrderedBeansOfType(ServletContextInitializerBeans.java:210)
	at org.springframework.boot.web.servlet.ServletContextInitializerBeans.addAsRegistrationBean(ServletContextInitializerBeans.java:173)
	at org.springframework.boot.web.servlet.ServletContextInitializerBeans.addAsRegistrationBean(ServletContextInitializerBeans.java:168)
	at org.springframework.boot.web.servlet.ServletContextInitializerBeans.addAdaptableBeans(ServletContextInitializerBeans.java:153)
	at org.springframework.boot.web.servlet.ServletContextInitializerBeans.<init>(ServletContextInitializerBeans.java:86)
	at org.springframework.boot.web.servlet.context.ServletWebServerApplicationContext.getServletContextInitializerBeans(ServletWebServerApplicationContext.java:266)
	at org.springframework.boot.web.servlet.context.ServletWebServerApplicationContext.selfInitialize(ServletWebServerApplicationContext.java:240)
	at org.springframework.boot.web.embedded.tomcat.TomcatStarter.onStartup(TomcatStarter.java:52)
	at org.apache.catalina.core.StandardContext.startInternal(StandardContext.java:4880)
	at org.apache.catalina.util.LifecycleBase.start(LifecycleBase.java:171)
	at org.apache.catalina.core.ContainerBase$StartChild.call(ContainerBase.java:1332)
	at org.apache.catalina.core.ContainerBase$StartChild.call(ContainerBase.java:1322)
	at java.base/java.util.concurrent.FutureTask.run(FutureTask.java:264)
	at org.apache.tomcat.util.threads.InlineExecutorService.execute(InlineExecutorService.java:75)
	at java.base/java.util.concurrent.AbstractExecutorService.submit(AbstractExecutorService.java:145)
	at org.apache.catalina.core.ContainerBase.startInternal(ContainerBase.java:866)
	at org.apache.catalina.core.StandardHost.startInternal(StandardHost.java:845)
	at org.apache.catalina.util.LifecycleBase.start(LifecycleBase.java:171)
	at org.apache.catalina.core.ContainerBase$StartChild.call(ContainerBase.java:1332)
	at org.apache.catalina.core.ContainerBase$StartChild.call(ContainerBase.java:1322)
	at java.base/java.util.concurrent.FutureTask.run(FutureTask.java:264)
	at org.apache.tomcat.util.threads.InlineExecutorService.execute(InlineExecutorService.java:75)
	at java.base/java.util.concurrent.AbstractExecutorService.submit(AbstractExecutorService.java:145)
	at org.apache.catalina.core.ContainerBase.startInternal(ContainerBase.java:866)
	at org.apache.catalina.core.StandardEngine.startInternal(StandardEngine.java:240)
	at org.apache.catalina.util.LifecycleBase.start(LifecycleBase.java:171)
	at org.apache.catalina.core.StandardService.startInternal(StandardService.java:433)
	at org.apache.catalina.util.LifecycleBase.start(LifecycleBase.java:171)
	at org.apache.catalina.core.StandardServer.startInternal(StandardServer.java:921)
	at org.apache.catalina.util.LifecycleBase.start(LifecycleBase.java:171)
	at org.apache.catalina.startup.Tomcat.start(Tomcat.java:437)
	at org.springframework.boot.web.embedded.tomcat.TomcatWebServer.initialize(TomcatWebServer.java:126)
	... 18 common frames omitted
Caused by: org.springframework.beans.factory.UnsatisfiedDependencyException: Error creating bean with name 'customUserDetailsService' defined in file [C:\Users\ADMIN\git\pms-project\PMS\target\classes\com\pms\security\service\CustomUserDetailsService.class]: Unsatisfied dependency expressed through constructor parameter 0: Error creating bean with name 'userRepository' defined in com.pms.security.repository.UserRepository defined in @EnableJpaRepositories declared on JpaRepositoriesRegistrar.EnableJpaRepositoriesConfiguration: Cannot resolve reference to bean 'jpaSharedEM_entityManagerFactory' while setting bean property 'entityManager'
	at org.springframework.beans.factory.support.ConstructorResolver.createArgumentArray(ConstructorResolver.java:795)
	at org.springframework.beans.factory.support.ConstructorResolver.autowireConstructor(ConstructorResolver.java:237)
	at org.springframework.beans.factory.support.AbstractAutowireCapableBeanFactory.autowireConstructor(AbstractAutowireCapableBeanFactory.java:1355)
	at org.springframework.beans.factory.support.AbstractAutowireCapableBeanFactory.createBeanInstance(AbstractAutowireCapableBeanFactory.java:1192)
	at org.springframework.beans.factory.support.AbstractAutowireCapableBeanFactory.doCreateBean(AbstractAutowireCapableBeanFactory.java:562)
	at org.springframework.beans.factory.support.AbstractAutowireCapableBeanFactory.createBean(AbstractAutowireCapableBeanFactory.java:522)
	at org.springframework.beans.factory.support.AbstractBeanFactory.lambda$doGetBean$0(AbstractBeanFactory.java:326)
	at org.springframework.beans.factory.support.DefaultSingletonBeanRegistry.getSingleton(DefaultSingletonBeanRegistry.java:234)
	at org.springframework.beans.factory.support.AbstractBeanFactory.doGetBean(AbstractBeanFactory.java:324)
	at org.springframework.beans.factory.support.AbstractBeanFactory.getBean(AbstractBeanFactory.java:200)
	at org.springframework.beans.factory.config.DependencyDescriptor.resolveCandidate(DependencyDescriptor.java:254)
	at org.springframework.beans.factory.support.DefaultListableBeanFactory.doResolveDependency(DefaultListableBeanFactory.java:1443)
	at org.springframework.beans.factory.support.DefaultListableBeanFactory.resolveDependency(DefaultListableBeanFactory.java:1353)
	at org.springframework.beans.factory.support.ConstructorResolver.resolveAutowiredArgument(ConstructorResolver.java:904)
	at org.springframework.beans.factory.support.ConstructorResolver.createArgumentArray(ConstructorResolver.java:782)
	... 59 common frames omitted
Caused by: org.springframework.beans.factory.BeanCreationException: Error creating bean with name 'userRepository' defined in com.pms.security.repository.UserRepository defined in @EnableJpaRepositories declared on JpaRepositoriesRegistrar.EnableJpaRepositoriesConfiguration: Cannot resolve reference to bean 'jpaSharedEM_entityManagerFactory' while setting bean property 'entityManager'
	at org.springframework.beans.factory.support.BeanDefinitionValueResolver.resolveReference(BeanDefinitionValueResolver.java:377)
	at org.springframework.beans.factory.support.BeanDefinitionValueResolver.resolveValueIfNecessary(BeanDefinitionValueResolver.java:135)
	at org.springframework.beans.factory.support.AbstractAutowireCapableBeanFactory.applyPropertyValues(AbstractAutowireCapableBeanFactory.java:1685)
	at org.springframework.beans.factory.support.AbstractAutowireCapableBeanFactory.populateBean(AbstractAutowireCapableBeanFactory.java:1434)
	at org.springframework.beans.factory.support.AbstractAutowireCapableBeanFactory.doCreateBean(AbstractAutowireCapableBeanFactory.java:599)
	at org.springframework.beans.factory.support.AbstractAutowireCapableBeanFactory.createBean(AbstractAutowireCapableBeanFactory.java:522)
	at org.springframework.beans.factory.support.AbstractBeanFactory.lambda$doGetBean$0(AbstractBeanFactory.java:326)
	at org.springframework.beans.factory.support.DefaultSingletonBeanRegistry.getSingleton(DefaultSingletonBeanRegistry.java:234)
	at org.springframework.beans.factory.support.AbstractBeanFactory.doGetBean(AbstractBeanFactory.java:324)
	at org.springframework.beans.factory.support.AbstractBeanFactory.getBean(AbstractBeanFactory.java:200)
	at org.springframework.beans.factory.config.DependencyDescriptor.resolveCandidate(DependencyDescriptor.java:254)
	at org.springframework.beans.factory.support.DefaultListableBeanFactory.doResolveDependency(DefaultListableBeanFactory.java:1443)
	at org.springframework.beans.factory.support.DefaultListableBeanFactory.resolveDependency(DefaultListableBeanFactory.java:1353)
	at org.springframework.beans.factory.support.ConstructorResolver.resolveAutowiredArgument(ConstructorResolver.java:904)
	at org.springframework.beans.factory.support.ConstructorResolver.createArgumentArray(ConstructorResolver.java:782)
	... 73 common frames omitted
Caused by: org.springframework.beans.factory.BeanCreationException: Error creating bean with name 'jpaSharedEM_entityManagerFactory': Cannot resolve reference to bean 'entityManagerFactory' while setting constructor argument
	at org.springframework.beans.factory.support.BeanDefinitionValueResolver.resolveReference(BeanDefinitionValueResolver.java:377)
	at org.springframework.beans.factory.support.BeanDefinitionValueResolver.resolveValueIfNecessary(BeanDefinitionValueResolver.java:135)
	at org.springframework.beans.factory.support.ConstructorResolver.resolveConstructorArguments(ConstructorResolver.java:682)
	at org.springframework.beans.factory.support.ConstructorResolver.instantiateUsingFactoryMethod(ConstructorResolver.java:509)
	at org.springframework.beans.factory.support.AbstractAutowireCapableBeanFactory.instantiateUsingFactoryMethod(AbstractAutowireCapableBeanFactory.java:1335)
	at org.springframework.beans.factory.support.AbstractAutowireCapableBeanFactory.createBeanInstance(AbstractAutowireCapableBeanFactory.java:1165)
	at org.springframework.beans.factory.support.AbstractAutowireCapableBeanFactory.doCreateBean(AbstractAutowireCapableBeanFactory.java:562)
	at org.springframework.beans.factory.support.AbstractAutowireCapableBeanFactory.createBean(AbstractAutowireCapableBeanFactory.java:522)
	at org.springframework.beans.factory.support.AbstractBeanFactory.lambda$doGetBean$0(AbstractBeanFactory.java:326)
	at org.springframework.beans.factory.support.DefaultSingletonBeanRegistry.getSingleton(DefaultSingletonBeanRegistry.java:234)
	at org.springframework.beans.factory.support.AbstractBeanFactory.doGetBean(AbstractBeanFactory.java:324)
	at org.springframework.beans.factory.support.AbstractBeanFactory.getBean(AbstractBeanFactory.java:200)
	at org.springframework.beans.factory.support.BeanDefinitionValueResolver.resolveReference(BeanDefinitionValueResolver.java:365)
	... 87 common frames omitted
Caused by: org.springframework.beans.factory.BeanCreationException: Error creating bean with name 'entityManagerFactory' defined in class path resource [org/springframework/boot/autoconfigure/orm/jpa/HibernateJpaConfiguration.class]: Table [room_master] contains physical column name [room_status_table_id] referred to by multiple logical column names: [room_status_table_id], [roomStatusTableId]
	at org.springframework.beans.factory.support.AbstractAutowireCapableBeanFactory.initializeBean(AbstractAutowireCapableBeanFactory.java:1786)
	at org.springframework.beans.factory.support.AbstractAutowireCapableBeanFactory.doCreateBean(AbstractAutowireCapableBeanFactory.java:600)
	at org.springframework.beans.factory.support.AbstractAutowireCapableBeanFactory.createBean(AbstractAutowireCapableBeanFactory.java:522)
	at org.springframework.beans.factory.support.AbstractBeanFactory.lambda$doGetBean$0(AbstractBeanFactory.java:326)
	at org.springframework.beans.factory.support.DefaultSingletonBeanRegistry.getSingleton(DefaultSingletonBeanRegistry.java:234)
	at org.springframework.beans.factory.support.AbstractBeanFactory.doGetBean(AbstractBeanFactory.java:324)
	at org.springframework.beans.factory.support.AbstractBeanFactory.getBean(AbstractBeanFactory.java:200)
	at org.springframework.beans.factory.support.BeanDefinitionValueResolver.resolveReference(BeanDefinitionValueResolver.java:365)
	... 99 common frames omitted
Caused by: org.hibernate.DuplicateMappingException: Table [room_master] contains physical column name [room_status_table_id] referred to by multiple logical column names: [room_status_table_id], [roomStatusTableId]
	at org.hibernate.boot.internal.InFlightMetadataCollectorImpl$TableColumnNameBinding.bindPhysicalToLogical(InFlightMetadataCollectorImpl.java:1114)
	at org.hibernate.boot.internal.InFlightMetadataCollectorImpl$TableColumnNameBinding.addBinding(InFlightMetadataCollectorImpl.java:1083)
	at org.hibernate.boot.internal.InFlightMetadataCollectorImpl.addColumnNameBinding(InFlightMetadataCollectorImpl.java:1153)
	at org.hibernate.boot.internal.InFlightMetadataCollectorImpl.addColumnNameBinding(InFlightMetadataCollectorImpl.java:1134)
	at org.hibernate.boot.model.internal.AnnotatedJoinColumn.addColumnBinding(AnnotatedJoinColumn.java:407)
	at org.hibernate.boot.model.internal.AnnotatedColumn.linkWithValue(AnnotatedColumn.java:432)
	at org.hibernate.boot.model.internal.TableBinder.linkJoinColumnWithValueOverridingNameIfImplicit(TableBinder.java:828)
	at org.hibernate.boot.model.internal.TableBinder.bindImplicitPrimaryKeyReference(TableBinder.java:608)
	at org.hibernate.boot.model.internal.TableBinder.bindExplicitColumns(TableBinder.java:586)
	at org.hibernate.boot.model.internal.TableBinder.bindForeignKey(TableBinder.java:567)
	at org.hibernate.boot.model.internal.ToOneFkSecondPass.doSecondPass(ToOneFkSecondPass.java:116)
	at org.hibernate.boot.internal.InFlightMetadataCollectorImpl.processEndOfQueue(InFlightMetadataCollectorImpl.java:1910)
	at org.hibernate.boot.internal.InFlightMetadataCollectorImpl.processFkSecondPassesInOrder(InFlightMetadataCollectorImpl.java:1859)
	at org.hibernate.boot.internal.InFlightMetadataCollectorImpl.processSecondPasses(InFlightMetadataCollectorImpl.java:1768)
	at org.hibernate.boot.model.process.spi.MetadataBuildingProcess.complete(MetadataBuildingProcess.java:332)
	at org.hibernate.jpa.boot.internal.EntityManagerFactoryBuilderImpl.metadata(EntityManagerFactoryBuilderImpl.java:1432)
	at org.hibernate.jpa.boot.internal.EntityManagerFactoryBuilderImpl.build(EntityManagerFactoryBuilderImpl.java:1503)
	at org.springframework.orm.jpa.vendor.SpringHibernateJpaPersistenceProvider.createContainerEntityManagerFactory(SpringHibernateJpaPersistenceProvider.java:75)
	at org.springframework.orm.jpa.LocalContainerEntityManagerFactoryBean.createNativeEntityManagerFactory(LocalContainerEntityManagerFactoryBean.java:390)
	at org.springframework.orm.jpa.AbstractEntityManagerFactoryBean.buildNativeEntityManagerFactory(AbstractEntityManagerFactoryBean.java:409)
	at org.springframework.orm.jpa.AbstractEntityManagerFactoryBean.afterPropertiesSet(AbstractEntityManagerFactoryBean.java:396)
	at org.springframework.orm.jpa.LocalContainerEntityManagerFactoryBean.afterPropertiesSet(LocalContainerEntityManagerFactoryBean.java:366)
	at org.springframework.beans.factory.support.AbstractAutowireCapableBeanFactory.invokeInitMethods(AbstractAutowireCapableBeanFactory.java:1833)
	at org.springframework.beans.factory.support.AbstractAutowireCapableBeanFactory.initializeBean(AbstractAutowireCapableBeanFactory.java:1782)
	... 106 common frames omitted
2026-03-31 12:47:30 [restartedMain] INFO  com.pms.Application - Starting Application using Java 17.0.12 with PID 10632 (C:\Users\ADMIN\git\pms-project\PMS\target\classes started by ADMIN in C:\Users\ADMIN\git\pms-project\PMS)
2026-03-31 12:47:30 [restartedMain] DEBUG com.pms.Application - Running with Spring Boot v3.2.5, Spring v6.1.6
2026-03-31 12:47:30 [restartedMain] INFO  com.pms.Application - No active profile set, falling back to 1 default profile: "default"
2026-03-31 12:47:30 [restartedMain] INFO  o.s.b.d.e.DevToolsPropertyDefaultsPostProcessor - Devtools property defaults active! Set 'spring.devtools.add-properties' to 'false' to disable
2026-03-31 12:47:30 [restartedMain] INFO  o.s.b.d.e.DevToolsPropertyDefaultsPostProcessor - For additional web related logging consider setting the 'logging.level.web' property to 'DEBUG'
2026-03-31 12:47:31 [restartedMain] INFO  o.s.d.r.c.RepositoryConfigurationDelegate - Bootstrapping Spring Data JPA repositories in DEFAULT mode.
2026-03-31 12:47:31 [restartedMain] INFO  o.s.d.r.c.RepositoryConfigurationDelegate - Finished Spring Data repository scanning in 84 ms. Found 17 JPA repository interfaces.
2026-03-31 12:47:31 [restartedMain] INFO  o.s.b.w.e.tomcat.TomcatWebServer - Tomcat initialized with port 9090 (http)
2026-03-31 12:47:31 [restartedMain] INFO  o.a.catalina.core.StandardService - Starting service [Tomcat]
2026-03-31 12:47:31 [restartedMain] INFO  o.a.catalina.core.StandardEngine - Starting Servlet engine: [Apache Tomcat/10.1.20]
2026-03-31 12:47:31 [restartedMain] INFO  o.a.c.c.C.[Tomcat].[localhost].[/] - Initializing Spring embedded WebApplicationContext
2026-03-31 12:47:31 [restartedMain] INFO  o.s.b.w.s.c.ServletWebServerApplicationContext - Root WebApplicationContext: initialization completed in 1197 ms
2026-03-31 12:47:31 [restartedMain] INFO  o.h.jpa.internal.util.LogHelper - HHH000204: Processing PersistenceUnitInfo [name: default]
2026-03-31 12:47:31 [restartedMain] INFO  org.hibernate.Version - HHH000412: Hibernate ORM core version 6.4.4.Final
2026-03-31 12:47:31 [restartedMain] INFO  o.h.c.i.RegionFactoryInitiator - HHH000026: Second-level cache disabled
2026-03-31 12:47:32 [restartedMain] INFO  o.s.o.j.p.SpringPersistenceUnitInfo - No LoadTimeWeaver setup: ignoring JPA class transformer
2026-03-31 12:47:32 [restartedMain] INFO  com.zaxxer.hikari.HikariDataSource - HikariPool-1 - Starting...
2026-03-31 12:47:32 [restartedMain] INFO  com.zaxxer.hikari.pool.HikariPool - HikariPool-1 - Added connection org.postgresql.jdbc.PgConnection@57363707
2026-03-31 12:47:32 [restartedMain] INFO  com.zaxxer.hikari.HikariDataSource - HikariPool-1 - Start completed.
2026-03-31 12:47:32 [restartedMain] WARN  org.hibernate.orm.deprecation - HHH90000025: PostgreSQLDialect does not need to be specified explicitly using 'hibernate.dialect' (remove the property setting and it will be selected by default)
2026-03-31 12:47:33 [restartedMain] INFO  o.h.e.t.j.p.i.JtaPlatformInitiator - HHH000489: No JTA platform available (set 'hibernate.transaction.jta.platform' to enable JTA platform integration)
2026-03-31 12:47:33 [restartedMain] DEBUG org.hibernate.SQL - 
    alter table if exists PMS_db.room_master 
       add constraint FKbxpgb56urmn3k87752sx46qag 
       foreign key (room_status_table_id) 
       references PMS_db.room_status
2026-03-31 12:47:33 [restartedMain] INFO  o.s.o.j.LocalContainerEntityManagerFactoryBean - Initialized JPA EntityManagerFactory for persistence unit 'default'
2026-03-31 12:47:34 [restartedMain] WARN  o.s.b.a.o.j.JpaBaseConfiguration$JpaWebConfiguration - spring.jpa.open-in-view is enabled by default. Therefore, database queries may be performed during view rendering. Explicitly configure spring.jpa.open-in-view to disable this warning
2026-03-31 12:47:34 [restartedMain] INFO  o.s.s.web.DefaultSecurityFilterChain - Will secure any request with [org.springframework.security.web.session.DisableEncodeUrlFilter@4f8b928a, org.springframework.security.web.context.request.async.WebAsyncManagerIntegrationFilter@1908c17f, org.springframework.security.web.context.SecurityContextHolderFilter@3f3bbd2e, org.springframework.security.web.header.HeaderWriterFilter@687620a1, org.springframework.web.filter.CorsFilter@170aac98, org.springframework.security.web.authentication.logout.LogoutFilter@7ee93624, com.pms.security.util.filter.JwtAuthFilter@31f96a1a, org.springframework.security.web.savedrequest.RequestCacheAwareFilter@3a36c173, org.springframework.security.web.servletapi.SecurityContextHolderAwareRequestFilter@7b6e08ec, org.springframework.security.web.authentication.AnonymousAuthenticationFilter@5897bc53, org.springframework.security.web.access.ExceptionTranslationFilter@58eb6169, org.springframework.security.web.access.intercept.AuthorizationFilter@1869d78b]
2026-03-31 12:47:34 [restartedMain] INFO  o.s.b.d.a.OptionalLiveReloadServer - LiveReload server is running on port 35729
2026-03-31 12:47:34 [restartedMain] INFO  o.s.b.w.e.tomcat.TomcatWebServer - Tomcat started on port 9090 (http) with context path ''
2026-03-31 12:47:34 [restartedMain] INFO  com.pms.Application - Started Application in 4.269 seconds (process running for 4.723)
2026-03-31 12:48:03 [http-nio-0.0.0.0-9090-exec-1] INFO  o.a.c.c.C.[Tomcat].[localhost].[/] - Initializing Spring DispatcherServlet 'dispatcherServlet'
2026-03-31 12:48:03 [http-nio-0.0.0.0-9090-exec-1] INFO  o.s.web.servlet.DispatcherServlet - Initializing Servlet 'dispatcherServlet'
2026-03-31 12:48:03 [http-nio-0.0.0.0-9090-exec-1] INFO  o.s.web.servlet.DispatcherServlet - Completed initialization in 0 ms
2026-03-31 12:48:03 [http-nio-0.0.0.0-9090-exec-10] INFO  o.s.api.AbstractOpenApiResource - Init duration for springdoc-openapi is: 595 ms
2026-03-31 12:48:30 [http-nio-0.0.0.0-9090-exec-9] DEBUG org.hibernate.SQL - 
    select
        u1_0.id,
        u1_0.email,
        u1_0.enabled,
        u1_0.password,
        u1_0.username 
    from
        PMS_db.users u1_0 
    where
        u1_0.username=?
2026-03-31 12:48:30 [http-nio-0.0.0.0-9090-exec-9] DEBUG org.hibernate.SQL - 
    select
        r1_0.user_id,
        r1_1.id,
        r1_1.name 
    from
        PMS_db.user_roles r1_0 
    join
        PMS_db.roles r1_1 
            on r1_1.id=r1_0.role_id 
    where
        r1_0.user_id=?
2026-03-31 12:48:30 [http-nio-0.0.0.0-9090-exec-9] DEBUG org.hibernate.SQL - 
    select
        u1_0.id,
        u1_0.email,
        u1_0.enabled,
        u1_0.password,
        u1_0.username 
    from
        PMS_db.users u1_0 
    where
        u1_0.username=?
2026-03-31 12:48:30 [http-nio-0.0.0.0-9090-exec-9] DEBUG org.hibernate.SQL - 
    insert 
    into
        PMS_db.refresh_token
        (expiry_date, token, user_id) 
    values
        (?, ?, ?)
2026-03-31 12:50:35 [File Watcher] INFO  o.s.b.d.a.LocalDevToolsAutoConfiguration$RestartingClassPathChangeChangedEventListener - Restarting due to 1 class path change (0 additions, 0 deletions, 1 modification)
2026-03-31 12:50:35 [Thread-5] INFO  o.s.o.j.LocalContainerEntityManagerFactoryBean - Closing JPA EntityManagerFactory for persistence unit 'default'
2026-03-31 12:50:35 [Thread-5] INFO  com.zaxxer.hikari.HikariDataSource - HikariPool-1 - Shutdown initiated...
2026-03-31 12:50:35 [Thread-5] INFO  com.zaxxer.hikari.HikariDataSource - HikariPool-1 - Shutdown completed.
2026-03-31 12:50:35 [restartedMain] INFO  com.pms.Application - Main Entry Point Class
2026-03-31 12:50:35 [restartedMain] INFO  com.pms.Application - Starting Application using Java 17.0.12 with PID 10632 (C:\Users\ADMIN\git\pms-project\PMS\target\classes started by ADMIN in C:\Users\ADMIN\git\pms-project\PMS)
2026-03-31 12:50:35 [restartedMain] DEBUG com.pms.Application - Running with Spring Boot v3.2.5, Spring v6.1.6
2026-03-31 12:50:35 [restartedMain] INFO  com.pms.Application - No active profile set, falling back to 1 default profile: "default"
2026-03-31 12:50:35 [restartedMain] INFO  o.s.d.r.c.RepositoryConfigurationDelegate - Bootstrapping Spring Data JPA repositories in DEFAULT mode.
2026-03-31 12:50:35 [restartedMain] INFO  o.s.d.r.c.RepositoryConfigurationDelegate - Finished Spring Data repository scanning in 42 ms. Found 17 JPA repository interfaces.
2026-03-31 12:50:36 [restartedMain] INFO  o.s.b.w.e.tomcat.TomcatWebServer - Tomcat initialized with port 9090 (http)
2026-03-31 12:50:36 [restartedMain] INFO  o.a.catalina.core.StandardService - Starting service [Tomcat]
2026-03-31 12:50:36 [restartedMain] INFO  o.a.catalina.core.StandardEngine - Starting Servlet engine: [Apache Tomcat/10.1.20]
2026-03-31 12:50:36 [restartedMain] INFO  o.a.c.c.C.[Tomcat].[localhost].[/] - Initializing Spring embedded WebApplicationContext
2026-03-31 12:50:36 [restartedMain] INFO  o.s.b.w.s.c.ServletWebServerApplicationContext - Root WebApplicationContext: initialization completed in 312 ms
2026-03-31 12:50:36 [restartedMain] INFO  o.h.jpa.internal.util.LogHelper - HHH000204: Processing PersistenceUnitInfo [name: default]
2026-03-31 12:50:36 [restartedMain] INFO  o.h.c.i.RegionFactoryInitiator - HHH000026: Second-level cache disabled
2026-03-31 12:50:36 [restartedMain] INFO  o.s.o.j.p.SpringPersistenceUnitInfo - No LoadTimeWeaver setup: ignoring JPA class transformer
2026-03-31 12:50:36 [restartedMain] INFO  com.zaxxer.hikari.HikariDataSource - HikariPool-2 - Starting...
2026-03-31 12:50:36 [restartedMain] INFO  com.zaxxer.hikari.pool.HikariPool - HikariPool-2 - Added connection org.postgresql.jdbc.PgConnection@702d060d
2026-03-31 12:50:36 [restartedMain] INFO  com.zaxxer.hikari.HikariDataSource - HikariPool-2 - Start completed.
2026-03-31 12:50:36 [restartedMain] WARN  org.hibernate.orm.deprecation - HHH90000025: PostgreSQLDialect does not need to be specified explicitly using 'hibernate.dialect' (remove the property setting and it will be selected by default)
2026-03-31 12:50:36 [restartedMain] ERROR o.s.o.j.LocalContainerEntityManagerFactoryBean - Failed to initialize JPA EntityManagerFactory: Table [room_master] contains physical column name [room_status_table_id] referred to by multiple logical column names: [room_status_table_id], [roomStatusTableId]
2026-03-31 12:50:36 [restartedMain] ERROR o.s.b.w.e.tomcat.TomcatStarter - Error starting Tomcat context. Exception: org.springframework.beans.factory.UnsatisfiedDependencyException. Message: Error creating bean with name 'jwtAuthFilter' defined in file [C:\Users\ADMIN\git\pms-project\PMS\target\classes\com\pms\security\util\filter\JwtAuthFilter.class]: Unsatisfied dependency expressed through constructor parameter 1: Error creating bean with name 'customUserDetailsService' defined in file [C:\Users\ADMIN\git\pms-project\PMS\target\classes\com\pms\security\service\CustomUserDetailsService.class]: Unsatisfied dependency expressed through constructor parameter 0: Error creating bean with name 'userRepository' defined in com.pms.security.repository.UserRepository defined in @EnableJpaRepositories declared on JpaRepositoriesRegistrar.EnableJpaRepositoriesConfiguration: Cannot resolve reference to bean 'jpaSharedEM_entityManagerFactory' while setting bean property 'entityManager'
2026-03-31 12:50:36 [restartedMain] INFO  o.a.catalina.core.StandardService - Stopping service [Tomcat]
2026-03-31 12:50:36 [restartedMain] WARN  o.a.c.loader.WebappClassLoaderBase - The web application [ROOT] appears to have started a thread named [HikariPool-2 housekeeper] but has failed to stop it. This is very likely to create a memory leak. Stack trace of thread:
 java.base@17.0.12/jdk.internal.misc.Unsafe.park(Native Method)
 java.base@17.0.12/java.util.concurrent.locks.LockSupport.parkNanos(LockSupport.java:252)
 java.base@17.0.12/java.util.concurrent.locks.AbstractQueuedSynchronizer$ConditionObject.awaitNanos(AbstractQueuedSynchronizer.java:1672)
 java.base@17.0.12/java.util.concurrent.ScheduledThreadPoolExecutor$DelayedWorkQueue.take(ScheduledThreadPoolExecutor.java:1182)
 java.base@17.0.12/java.util.concurrent.ScheduledThreadPoolExecutor$DelayedWorkQueue.take(ScheduledThreadPoolExecutor.java:899)
 java.base@17.0.12/java.util.concurrent.ThreadPoolExecutor.getTask(ThreadPoolExecutor.java:1062)
 java.base@17.0.12/java.util.concurrent.ThreadPoolExecutor.runWorker(ThreadPoolExecutor.java:1122)
 java.base@17.0.12/java.util.concurrent.ThreadPoolExecutor$Worker.run(ThreadPoolExecutor.java:635)
 java.base@17.0.12/java.lang.Thread.run(Thread.java:842)
2026-03-31 12:50:36 [restartedMain] WARN  o.s.b.w.s.c.AnnotationConfigServletWebServerApplicationContext - Exception encountered during context initialization - cancelling refresh attempt: org.springframework.context.ApplicationContextException: Unable to start web server
2026-03-31 12:50:36 [restartedMain] INFO  com.zaxxer.hikari.HikariDataSource - HikariPool-2 - Shutdown initiated...
2026-03-31 12:50:36 [restartedMain] INFO  com.zaxxer.hikari.HikariDataSource - HikariPool-2 - Shutdown completed.
2026-03-31 12:50:36 [restartedMain] INFO  o.s.b.a.l.ConditionEvaluationReportLogger - 

Error starting ApplicationContext. To display the condition evaluation report re-run your application with 'debug' enabled.
2026-03-31 12:50:36 [restartedMain] ERROR o.s.boot.SpringApplication - Application run failed
org.springframework.context.ApplicationContextException: Unable to start web server
	at org.springframework.boot.web.servlet.context.ServletWebServerApplicationContext.onRefresh(ServletWebServerApplicationContext.java:165) ~[spring-boot-3.2.5.jar:3.2.5]
	at org.springframework.context.support.AbstractApplicationContext.refresh(AbstractApplicationContext.java:618) ~[spring-context-6.1.6.jar:6.1.6]
	at org.springframework.boot.web.servlet.context.ServletWebServerApplicationContext.refresh(ServletWebServerApplicationContext.java:146) ~[spring-boot-3.2.5.jar:3.2.5]
	at org.springframework.boot.SpringApplication.refresh(SpringApplication.java:754) ~[spring-boot-3.2.5.jar:3.2.5]
	at org.springframework.boot.SpringApplication.refreshContext(SpringApplication.java:456) ~[spring-boot-3.2.5.jar:3.2.5]
	at org.springframework.boot.SpringApplication.run(SpringApplication.java:334) ~[spring-boot-3.2.5.jar:3.2.5]
	at org.springframework.boot.SpringApplication.run(SpringApplication.java:1354) ~[spring-boot-3.2.5.jar:3.2.5]
	at org.springframework.boot.SpringApplication.run(SpringApplication.java:1343) ~[spring-boot-3.2.5.jar:3.2.5]
	at com.pms.Application.main(Application.java:19) ~[classes/:na]
	at java.base/jdk.internal.reflect.NativeMethodAccessorImpl.invoke0(Native Method) ~[na:na]
	at java.base/jdk.internal.reflect.NativeMethodAccessorImpl.invoke(NativeMethodAccessorImpl.java:77) ~[na:na]
	at java.base/jdk.internal.reflect.DelegatingMethodAccessorImpl.invoke(DelegatingMethodAccessorImpl.java:43) ~[na:na]
	at java.base/java.lang.reflect.Method.invoke(Method.java:568) ~[na:na]
	at org.springframework.boot.devtools.restart.RestartLauncher.run(RestartLauncher.java:50) ~[spring-boot-devtools-3.2.5.jar:3.2.5]
Caused by: org.springframework.boot.web.server.WebServerException: Unable to start embedded Tomcat
	at org.springframework.boot.web.embedded.tomcat.TomcatWebServer.initialize(TomcatWebServer.java:145) ~[spring-boot-3.2.5.jar:3.2.5]
	at org.springframework.boot.web.embedded.tomcat.TomcatWebServer.<init>(TomcatWebServer.java:105) ~[spring-boot-3.2.5.jar:3.2.5]
	at org.springframework.boot.web.embedded.tomcat.TomcatServletWebServerFactory.getTomcatWebServer(TomcatServletWebServerFactory.java:499) ~[spring-boot-3.2.5.jar:3.2.5]
	at org.springframework.boot.web.embedded.tomcat.TomcatServletWebServerFactory.getWebServer(TomcatServletWebServerFactory.java:218) ~[spring-boot-3.2.5.jar:3.2.5]
	at org.springframework.boot.web.servlet.context.ServletWebServerApplicationContext.createWebServer(ServletWebServerApplicationContext.java:188) ~[spring-boot-3.2.5.jar:3.2.5]
	at org.springframework.boot.web.servlet.context.ServletWebServerApplicationContext.onRefresh(ServletWebServerApplicationContext.java:162) ~[spring-boot-3.2.5.jar:3.2.5]
	... 13 common frames omitted
Caused by: org.springframework.beans.factory.UnsatisfiedDependencyException: Error creating bean with name 'jwtAuthFilter' defined in file [C:\Users\ADMIN\git\pms-project\PMS\target\classes\com\pms\security\util\filter\JwtAuthFilter.class]: Unsatisfied dependency expressed through constructor parameter 1: Error creating bean with name 'customUserDetailsService' defined in file [C:\Users\ADMIN\git\pms-project\PMS\target\classes\com\pms\security\service\CustomUserDetailsService.class]: Unsatisfied dependency expressed through constructor parameter 0: Error creating bean with name 'userRepository' defined in com.pms.security.repository.UserRepository defined in @EnableJpaRepositories declared on JpaRepositoriesRegistrar.EnableJpaRepositoriesConfiguration: Cannot resolve reference to bean 'jpaSharedEM_entityManagerFactory' while setting bean property 'entityManager'
	at org.springframework.beans.factory.support.ConstructorResolver.createArgumentArray(ConstructorResolver.java:795) ~[spring-beans-6.1.6.jar:6.1.6]
	at org.springframework.beans.factory.support.ConstructorResolver.autowireConstructor(ConstructorResolver.java:237) ~[spring-beans-6.1.6.jar:6.1.6]
	at org.springframework.beans.factory.support.AbstractAutowireCapableBeanFactory.autowireConstructor(AbstractAutowireCapableBeanFactory.java:1355) ~[spring-beans-6.1.6.jar:6.1.6]
	at org.springframework.beans.factory.support.AbstractAutowireCapableBeanFactory.createBeanInstance(AbstractAutowireCapableBeanFactory.java:1192) ~[spring-beans-6.1.6.jar:6.1.6]
	at org.springframework.beans.factory.support.AbstractAutowireCapableBeanFactory.doCreateBean(AbstractAutowireCapableBeanFactory.java:562) ~[spring-beans-6.1.6.jar:6.1.6]
	at org.springframework.beans.factory.support.AbstractAutowireCapableBeanFactory.createBean(AbstractAutowireCapableBeanFactory.java:522) ~[spring-beans-6.1.6.jar:6.1.6]
	at org.springframework.beans.factory.support.AbstractBeanFactory.lambda$doGetBean$0(AbstractBeanFactory.java:326) ~[spring-beans-6.1.6.jar:6.1.6]
	at org.springframework.beans.factory.support.DefaultSingletonBeanRegistry.getSingleton(DefaultSingletonBeanRegistry.java:234) ~[spring-beans-6.1.6.jar:6.1.6]
	at org.springframework.beans.factory.support.AbstractBeanFactory.doGetBean(AbstractBeanFactory.java:324) ~[spring-beans-6.1.6.jar:6.1.6]
	at org.springframework.beans.factory.support.AbstractBeanFactory.getBean(AbstractBeanFactory.java:205) ~[spring-beans-6.1.6.jar:6.1.6]
	at org.springframework.boot.web.servlet.ServletContextInitializerBeans.getOrderedBeansOfType(ServletContextInitializerBeans.java:210) ~[spring-boot-3.2.5.jar:3.2.5]
	at org.springframework.boot.web.servlet.ServletContextInitializerBeans.addAsRegistrationBean(ServletContextInitializerBeans.java:173) ~[spring-boot-3.2.5.jar:3.2.5]
	at org.springframework.boot.web.servlet.ServletContextInitializerBeans.addAsRegistrationBean(ServletContextInitializerBeans.java:168) ~[spring-boot-3.2.5.jar:3.2.5]
	at org.springframework.boot.web.servlet.ServletContextInitializerBeans.addAdaptableBeans(ServletContextInitializerBeans.java:153) ~[spring-boot-3.2.5.jar:3.2.5]
	at org.springframework.boot.web.servlet.ServletContextInitializerBeans.<init>(ServletContextInitializerBeans.java:86) ~[spring-boot-3.2.5.jar:3.2.5]
	at org.springframework.boot.web.servlet.context.ServletWebServerApplicationContext.getServletContextInitializerBeans(ServletWebServerApplicationContext.java:266) ~[spring-boot-3.2.5.jar:3.2.5]
	at org.springframework.boot.web.servlet.context.ServletWebServerApplicationContext.selfInitialize(ServletWebServerApplicationContext.java:240) ~[spring-boot-3.2.5.jar:3.2.5]
	at org.springframework.boot.web.embedded.tomcat.TomcatStarter.onStartup(TomcatStarter.java:52) ~[spring-boot-3.2.5.jar:3.2.5]
	at org.apache.catalina.core.StandardContext.startInternal(StandardContext.java:4880) ~[tomcat-embed-core-10.1.20.jar:10.1.20]
	at org.apache.catalina.util.LifecycleBase.start(LifecycleBase.java:171) ~[tomcat-embed-core-10.1.20.jar:10.1.20]
	at org.apache.catalina.core.ContainerBase$StartChild.call(ContainerBase.java:1332) ~[tomcat-embed-core-10.1.20.jar:10.1.20]
	at org.apache.catalina.core.ContainerBase$StartChild.call(ContainerBase.java:1322) ~[tomcat-embed-core-10.1.20.jar:10.1.20]
	at java.base/java.util.concurrent.FutureTask.run(FutureTask.java:264) ~[na:na]
	at org.apache.tomcat.util.threads.InlineExecutorService.execute(InlineExecutorService.java:75) ~[tomcat-embed-core-10.1.20.jar:10.1.20]
	at java.base/java.util.concurrent.AbstractExecutorService.submit(AbstractExecutorService.java:145) ~[na:na]
	at org.apache.catalina.core.ContainerBase.startInternal(ContainerBase.java:866) ~[tomcat-embed-core-10.1.20.jar:10.1.20]
	at org.apache.catalina.core.StandardHost.startInternal(StandardHost.java:845) ~[tomcat-embed-core-10.1.20.jar:10.1.20]
	at org.apache.catalina.util.LifecycleBase.start(LifecycleBase.java:171) ~[tomcat-embed-core-10.1.20.jar:10.1.20]
	at org.apache.catalina.core.ContainerBase$StartChild.call(ContainerBase.java:1332) ~[tomcat-embed-core-10.1.20.jar:10.1.20]
	at org.apache.catalina.core.ContainerBase$StartChild.call(ContainerBase.java:1322) ~[tomcat-embed-core-10.1.20.jar:10.1.20]
	at java.base/java.util.concurrent.FutureTask.run(FutureTask.java:264) ~[na:na]
	at org.apache.tomcat.util.threads.InlineExecutorService.execute(InlineExecutorService.java:75) ~[tomcat-embed-core-10.1.20.jar:10.1.20]
	at java.base/java.util.concurrent.AbstractExecutorService.submit(AbstractExecutorService.java:145) ~[na:na]
	at org.apache.catalina.core.ContainerBase.startInternal(ContainerBase.java:866) ~[tomcat-embed-core-10.1.20.jar:10.1.20]
	at org.apache.catalina.core.StandardEngine.startInternal(StandardEngine.java:240) ~[tomcat-embed-core-10.1.20.jar:10.1.20]
	at org.apache.catalina.util.LifecycleBase.start(LifecycleBase.java:171) ~[tomcat-embed-core-10.1.20.jar:10.1.20]
	at org.apache.catalina.core.StandardService.startInternal(StandardService.java:433) ~[tomcat-embed-core-10.1.20.jar:10.1.20]
	at org.apache.catalina.util.LifecycleBase.start(LifecycleBase.java:171) ~[tomcat-embed-core-10.1.20.jar:10.1.20]
	at org.apache.catalina.core.StandardServer.startInternal(StandardServer.java:921) ~[tomcat-embed-core-10.1.20.jar:10.1.20]
	at org.apache.catalina.util.LifecycleBase.start(LifecycleBase.java:171) ~[tomcat-embed-core-10.1.20.jar:10.1.20]
	at org.apache.catalina.startup.Tomcat.start(Tomcat.java:437) ~[tomcat-embed-core-10.1.20.jar:10.1.20]
	at org.springframework.boot.web.embedded.tomcat.TomcatWebServer.initialize(TomcatWebServer.java:126) ~[spring-boot-3.2.5.jar:3.2.5]
	... 18 common frames omitted
Caused by: org.springframework.beans.factory.UnsatisfiedDependencyException: Error creating bean with name 'customUserDetailsService' defined in file [C:\Users\ADMIN\git\pms-project\PMS\target\classes\com\pms\security\service\CustomUserDetailsService.class]: Unsatisfied dependency expressed through constructor parameter 0: Error creating bean with name 'userRepository' defined in com.pms.security.repository.UserRepository defined in @EnableJpaRepositories declared on JpaRepositoriesRegistrar.EnableJpaRepositoriesConfiguration: Cannot resolve reference to bean 'jpaSharedEM_entityManagerFactory' while setting bean property 'entityManager'
	at org.springframework.beans.factory.support.ConstructorResolver.createArgumentArray(ConstructorResolver.java:795) ~[spring-beans-6.1.6.jar:6.1.6]
	at org.springframework.beans.factory.support.ConstructorResolver.autowireConstructor(ConstructorResolver.java:237) ~[spring-beans-6.1.6.jar:6.1.6]
	at org.springframework.beans.factory.support.AbstractAutowireCapableBeanFactory.autowireConstructor(AbstractAutowireCapableBeanFactory.java:1355) ~[spring-beans-6.1.6.jar:6.1.6]
	at org.springframework.beans.factory.support.AbstractAutowireCapableBeanFactory.createBeanInstance(AbstractAutowireCapableBeanFactory.java:1192) ~[spring-beans-6.1.6.jar:6.1.6]
	at org.springframework.beans.factory.support.AbstractAutowireCapableBeanFactory.doCreateBean(AbstractAutowireCapableBeanFactory.java:562) ~[spring-beans-6.1.6.jar:6.1.6]
	at org.springframework.beans.factory.support.AbstractAutowireCapableBeanFactory.createBean(AbstractAutowireCapableBeanFactory.java:522) ~[spring-beans-6.1.6.jar:6.1.6]
	at org.springframework.beans.factory.support.AbstractBeanFactory.lambda$doGetBean$0(AbstractBeanFactory.java:326) ~[spring-beans-6.1.6.jar:6.1.6]
	at org.springframework.beans.factory.support.DefaultSingletonBeanRegistry.getSingleton(DefaultSingletonBeanRegistry.java:234) ~[spring-beans-6.1.6.jar:6.1.6]
	at org.springframework.beans.factory.support.AbstractBeanFactory.doGetBean(AbstractBeanFactory.java:324) ~[spring-beans-6.1.6.jar:6.1.6]
	at org.springframework.beans.factory.support.AbstractBeanFactory.getBean(AbstractBeanFactory.java:200) ~[spring-beans-6.1.6.jar:6.1.6]
	at org.springframework.beans.factory.config.DependencyDescriptor.resolveCandidate(DependencyDescriptor.java:254) ~[spring-beans-6.1.6.jar:6.1.6]
	at org.springframework.beans.factory.support.DefaultListableBeanFactory.doResolveDependency(DefaultListableBeanFactory.java:1443) ~[spring-beans-6.1.6.jar:6.1.6]
	at org.springframework.beans.factory.support.DefaultListableBeanFactory.resolveDependency(DefaultListableBeanFactory.java:1353) ~[spring-beans-6.1.6.jar:6.1.6]
	at org.springframework.beans.factory.support.ConstructorResolver.resolveAutowiredArgument(ConstructorResolver.java:904) ~[spring-beans-6.1.6.jar:6.1.6]
	at org.springframework.beans.factory.support.ConstructorResolver.createArgumentArray(ConstructorResolver.java:782) ~[spring-beans-6.1.6.jar:6.1.6]
	... 59 common frames omitted
Caused by: org.springframework.beans.factory.BeanCreationException: Error creating bean with name 'userRepository' defined in com.pms.security.repository.UserRepository defined in @EnableJpaRepositories declared on JpaRepositoriesRegistrar.EnableJpaRepositoriesConfiguration: Cannot resolve reference to bean 'jpaSharedEM_entityManagerFactory' while setting bean property 'entityManager'
	at org.springframework.beans.factory.support.BeanDefinitionValueResolver.resolveReference(BeanDefinitionValueResolver.java:377) ~[spring-beans-6.1.6.jar:6.1.6]
	at org.springframework.beans.factory.support.BeanDefinitionValueResolver.resolveValueIfNecessary(BeanDefinitionValueResolver.java:135) ~[spring-beans-6.1.6.jar:6.1.6]
	at org.springframework.beans.factory.support.AbstractAutowireCapableBeanFactory.applyPropertyValues(AbstractAutowireCapableBeanFactory.java:1685) ~[spring-beans-6.1.6.jar:6.1.6]
	at org.springframework.beans.factory.support.AbstractAutowireCapableBeanFactory.populateBean(AbstractAutowireCapableBeanFactory.java:1434) ~[spring-beans-6.1.6.jar:6.1.6]
	at org.springframework.beans.factory.support.AbstractAutowireCapableBeanFactory.doCreateBean(AbstractAutowireCapableBeanFactory.java:599) ~[spring-beans-6.1.6.jar:6.1.6]
	at org.springframework.beans.factory.support.AbstractAutowireCapableBeanFactory.createBean(AbstractAutowireCapableBeanFactory.java:522) ~[spring-beans-6.1.6.jar:6.1.6]
	at org.springframework.beans.factory.support.AbstractBeanFactory.lambda$doGetBean$0(AbstractBeanFactory.java:326) ~[spring-beans-6.1.6.jar:6.1.6]
	at org.springframework.beans.factory.support.DefaultSingletonBeanRegistry.getSingleton(DefaultSingletonBeanRegistry.java:234) ~[spring-beans-6.1.6.jar:6.1.6]
	at org.springframework.beans.factory.support.AbstractBeanFactory.doGetBean(AbstractBeanFactory.java:324) ~[spring-beans-6.1.6.jar:6.1.6]
	at org.springframework.beans.factory.support.AbstractBeanFactory.getBean(AbstractBeanFactory.java:200) ~[spring-beans-6.1.6.jar:6.1.6]
	at org.springframework.beans.factory.config.DependencyDescriptor.resolveCandidate(DependencyDescriptor.java:254) ~[spring-beans-6.1.6.jar:6.1.6]
	at org.springframework.beans.factory.support.DefaultListableBeanFactory.doResolveDependency(DefaultListableBeanFactory.java:1443) ~[spring-beans-6.1.6.jar:6.1.6]
	at org.springframework.beans.factory.support.DefaultListableBeanFactory.resolveDependency(DefaultListableBeanFactory.java:1353) ~[spring-beans-6.1.6.jar:6.1.6]
	at org.springframework.beans.factory.support.ConstructorResolver.resolveAutowiredArgument(ConstructorResolver.java:904) ~[spring-beans-6.1.6.jar:6.1.6]
	at org.springframework.beans.factory.support.ConstructorResolver.createArgumentArray(ConstructorResolver.java:782) ~[spring-beans-6.1.6.jar:6.1.6]
	... 73 common frames omitted
Caused by: org.springframework.beans.factory.BeanCreationException: Error creating bean with name 'jpaSharedEM_entityManagerFactory': Cannot resolve reference to bean 'entityManagerFactory' while setting constructor argument
	at org.springframework.beans.factory.support.BeanDefinitionValueResolver.resolveReference(BeanDefinitionValueResolver.java:377) ~[spring-beans-6.1.6.jar:6.1.6]
	at org.springframework.beans.factory.support.BeanDefinitionValueResolver.resolveValueIfNecessary(BeanDefinitionValueResolver.java:135) ~[spring-beans-6.1.6.jar:6.1.6]
	at org.springframework.beans.factory.support.ConstructorResolver.resolveConstructorArguments(ConstructorResolver.java:682) ~[spring-beans-6.1.6.jar:6.1.6]
	at org.springframework.beans.factory.support.ConstructorResolver.instantiateUsingFactoryMethod(ConstructorResolver.java:509) ~[spring-beans-6.1.6.jar:6.1.6]
	at org.springframework.beans.factory.support.AbstractAutowireCapableBeanFactory.instantiateUsingFactoryMethod(AbstractAutowireCapableBeanFactory.java:1335) ~[spring-beans-6.1.6.jar:6.1.6]
	at org.springframework.beans.factory.support.AbstractAutowireCapableBeanFactory.createBeanInstance(AbstractAutowireCapableBeanFactory.java:1165) ~[spring-beans-6.1.6.jar:6.1.6]
	at org.springframework.beans.factory.support.AbstractAutowireCapableBeanFactory.doCreateBean(AbstractAutowireCapableBeanFactory.java:562) ~[spring-beans-6.1.6.jar:6.1.6]
	at org.springframework.beans.factory.support.AbstractAutowireCapableBeanFactory.createBean(AbstractAutowireCapableBeanFactory.java:522) ~[spring-beans-6.1.6.jar:6.1.6]
	at org.springframework.beans.factory.support.AbstractBeanFactory.lambda$doGetBean$0(AbstractBeanFactory.java:326) ~[spring-beans-6.1.6.jar:6.1.6]
	at org.springframework.beans.factory.support.DefaultSingletonBeanRegistry.getSingleton(DefaultSingletonBeanRegistry.java:234) ~[spring-beans-6.1.6.jar:6.1.6]
	at org.springframework.beans.factory.support.AbstractBeanFactory.doGetBean(AbstractBeanFactory.java:324) ~[spring-beans-6.1.6.jar:6.1.6]
	at org.springframework.beans.factory.support.AbstractBeanFactory.getBean(AbstractBeanFactory.java:200) ~[spring-beans-6.1.6.jar:6.1.6]
	at org.springframework.beans.factory.support.BeanDefinitionValueResolver.resolveReference(BeanDefinitionValueResolver.java:365) ~[spring-beans-6.1.6.jar:6.1.6]
	... 87 common frames omitted
Caused by: org.springframework.beans.factory.BeanCreationException: Error creating bean with name 'entityManagerFactory' defined in class path resource [org/springframework/boot/autoconfigure/orm/jpa/HibernateJpaConfiguration.class]: Table [room_master] contains physical column name [room_status_table_id] referred to by multiple logical column names: [room_status_table_id], [roomStatusTableId]
	at org.springframework.beans.factory.support.AbstractAutowireCapableBeanFactory.initializeBean(AbstractAutowireCapableBeanFactory.java:1786) ~[spring-beans-6.1.6.jar:6.1.6]
	at org.springframework.beans.factory.support.AbstractAutowireCapableBeanFactory.doCreateBean(AbstractAutowireCapableBeanFactory.java:600) ~[spring-beans-6.1.6.jar:6.1.6]
	at org.springframework.beans.factory.support.AbstractAutowireCapableBeanFactory.createBean(AbstractAutowireCapableBeanFactory.java:522) ~[spring-beans-6.1.6.jar:6.1.6]
	at org.springframework.beans.factory.support.AbstractBeanFactory.lambda$doGetBean$0(AbstractBeanFactory.java:326) ~[spring-beans-6.1.6.jar:6.1.6]
	at org.springframework.beans.factory.support.DefaultSingletonBeanRegistry.getSingleton(DefaultSingletonBeanRegistry.java:234) ~[spring-beans-6.1.6.jar:6.1.6]
	at org.springframework.beans.factory.support.AbstractBeanFactory.doGetBean(AbstractBeanFactory.java:324) ~[spring-beans-6.1.6.jar:6.1.6]
	at org.springframework.beans.factory.support.AbstractBeanFactory.getBean(AbstractBeanFactory.java:200) ~[spring-beans-6.1.6.jar:6.1.6]
	at org.springframework.beans.factory.support.BeanDefinitionValueResolver.resolveReference(BeanDefinitionValueResolver.java:365) ~[spring-beans-6.1.6.jar:6.1.6]
	... 99 common frames omitted
Caused by: org.hibernate.DuplicateMappingException: Table [room_master] contains physical column name [room_status_table_id] referred to by multiple logical column names: [room_status_table_id], [roomStatusTableId]
	at org.hibernate.boot.internal.InFlightMetadataCollectorImpl$TableColumnNameBinding.bindPhysicalToLogical(InFlightMetadataCollectorImpl.java:1114) ~[hibernate-core-6.4.4.Final.jar:6.4.4.Final]
	at org.hibernate.boot.internal.InFlightMetadataCollectorImpl$TableColumnNameBinding.addBinding(InFlightMetadataCollectorImpl.java:1083) ~[hibernate-core-6.4.4.Final.jar:6.4.4.Final]
	at org.hibernate.boot.internal.InFlightMetadataCollectorImpl.addColumnNameBinding(InFlightMetadataCollectorImpl.java:1153) ~[hibernate-core-6.4.4.Final.jar:6.4.4.Final]
	at org.hibernate.boot.internal.InFlightMetadataCollectorImpl.addColumnNameBinding(InFlightMetadataCollectorImpl.java:1134) ~[hibernate-core-6.4.4.Final.jar:6.4.4.Final]
	at org.hibernate.boot.model.internal.AnnotatedJoinColumn.addColumnBinding(AnnotatedJoinColumn.java:407) ~[hibernate-core-6.4.4.Final.jar:6.4.4.Final]
	at org.hibernate.boot.model.internal.AnnotatedColumn.linkWithValue(AnnotatedColumn.java:432) ~[hibernate-core-6.4.4.Final.jar:6.4.4.Final]
	at org.hibernate.boot.model.internal.TableBinder.linkJoinColumnWithValueOverridingNameIfImplicit(TableBinder.java:828) ~[hibernate-core-6.4.4.Final.jar:6.4.4.Final]
	at org.hibernate.boot.model.internal.TableBinder.bindImplicitPrimaryKeyReference(TableBinder.java:608) ~[hibernate-core-6.4.4.Final.jar:6.4.4.Final]
	at org.hibernate.boot.model.internal.TableBinder.bindExplicitColumns(TableBinder.java:586) ~[hibernate-core-6.4.4.Final.jar:6.4.4.Final]
	at org.hibernate.boot.model.internal.TableBinder.bindForeignKey(TableBinder.java:567) ~[hibernate-core-6.4.4.Final.jar:6.4.4.Final]
	at org.hibernate.boot.model.internal.ToOneFkSecondPass.doSecondPass(ToOneFkSecondPass.java:116) ~[hibernate-core-6.4.4.Final.jar:6.4.4.Final]
	at org.hibernate.boot.internal.InFlightMetadataCollectorImpl.processEndOfQueue(InFlightMetadataCollectorImpl.java:1910) ~[hibernate-core-6.4.4.Final.jar:6.4.4.Final]
	at org.hibernate.boot.internal.InFlightMetadataCollectorImpl.processFkSecondPassesInOrder(InFlightMetadataCollectorImpl.java:1859) ~[hibernate-core-6.4.4.Final.jar:6.4.4.Final]
	at org.hibernate.boot.internal.InFlightMetadataCollectorImpl.processSecondPasses(InFlightMetadataCollectorImpl.java:1768) ~[hibernate-core-6.4.4.Final.jar:6.4.4.Final]
	at org.hibernate.boot.model.process.spi.MetadataBuildingProcess.complete(MetadataBuildingProcess.java:332) ~[hibernate-core-6.4.4.Final.jar:6.4.4.Final]
	at org.hibernate.jpa.boot.internal.EntityManagerFactoryBuilderImpl.metadata(EntityManagerFactoryBuilderImpl.java:1432) ~[hibernate-core-6.4.4.Final.jar:6.4.4.Final]
	at org.hibernate.jpa.boot.internal.EntityManagerFactoryBuilderImpl.build(EntityManagerFactoryBuilderImpl.java:1503) ~[hibernate-core-6.4.4.Final.jar:6.4.4.Final]
	at org.springframework.orm.jpa.vendor.SpringHibernateJpaPersistenceProvider.createContainerEntityManagerFactory(SpringHibernateJpaPersistenceProvider.java:75) ~[spring-orm-6.1.6.jar:6.1.6]
	at org.springframework.orm.jpa.LocalContainerEntityManagerFactoryBean.createNativeEntityManagerFactory(LocalContainerEntityManagerFactoryBean.java:390) ~[spring-orm-6.1.6.jar:6.1.6]
	at org.springframework.orm.jpa.AbstractEntityManagerFactoryBean.buildNativeEntityManagerFactory(AbstractEntityManagerFactoryBean.java:409) ~[spring-orm-6.1.6.jar:6.1.6]
	at org.springframework.orm.jpa.AbstractEntityManagerFactoryBean.afterPropertiesSet(AbstractEntityManagerFactoryBean.java:396) ~[spring-orm-6.1.6.jar:6.1.6]
	at org.springframework.orm.jpa.LocalContainerEntityManagerFactoryBean.afterPropertiesSet(LocalContainerEntityManagerFactoryBean.java:366) ~[spring-orm-6.1.6.jar:6.1.6]
	at org.springframework.beans.factory.support.AbstractAutowireCapableBeanFactory.invokeInitMethods(AbstractAutowireCapableBeanFactory.java:1833) ~[spring-beans-6.1.6.jar:6.1.6]
	at org.springframework.beans.factory.support.AbstractAutowireCapableBeanFactory.initializeBean(AbstractAutowireCapableBeanFactory.java:1782) ~[spring-beans-6.1.6.jar:6.1.6]
	... 106 common frames omitted
2026-03-31 12:50:42 [restartedMain] INFO  com.pms.Application - Main Entry Point Class
2026-03-31 12:50:42 [restartedMain] INFO  com.pms.Application - Starting Application using Java 17.0.12 with PID 10632 (C:\Users\ADMIN\git\pms-project\PMS\target\classes started by ADMIN in C:\Users\ADMIN\git\pms-project\PMS)
2026-03-31 12:50:42 [restartedMain] DEBUG com.pms.Application - Running with Spring Boot v3.2.5, Spring v6.1.6
2026-03-31 12:50:42 [restartedMain] INFO  com.pms.Application - No active profile set, falling back to 1 default profile: "default"
2026-03-31 12:50:43 [restartedMain] INFO  o.s.d.r.c.RepositoryConfigurationDelegate - Bootstrapping Spring Data JPA repositories in DEFAULT mode.
2026-03-31 12:50:43 [restartedMain] INFO  o.s.d.r.c.RepositoryConfigurationDelegate - Finished Spring Data repository scanning in 45 ms. Found 17 JPA repository interfaces.
2026-03-31 12:50:43 [restartedMain] INFO  o.s.b.w.e.tomcat.TomcatWebServer - Tomcat initialized with port 9090 (http)
2026-03-31 12:50:43 [restartedMain] INFO  o.a.catalina.core.StandardService - Starting service [Tomcat]
2026-03-31 12:50:43 [restartedMain] INFO  o.a.catalina.core.StandardEngine - Starting Servlet engine: [Apache Tomcat/10.1.20]
2026-03-31 12:50:43 [restartedMain] INFO  o.a.c.c.C.[Tomcat-1].[localhost].[/] - Initializing Spring embedded WebApplicationContext
2026-03-31 12:50:43 [restartedMain] INFO  o.s.b.w.s.c.ServletWebServerApplicationContext - Root WebApplicationContext: initialization completed in 322 ms
2026-03-31 12:50:43 [restartedMain] INFO  o.h.jpa.internal.util.LogHelper - HHH000204: Processing PersistenceUnitInfo [name: default]
2026-03-31 12:50:43 [restartedMain] INFO  o.h.c.i.RegionFactoryInitiator - HHH000026: Second-level cache disabled
2026-03-31 12:50:43 [restartedMain] INFO  o.s.o.j.p.SpringPersistenceUnitInfo - No LoadTimeWeaver setup: ignoring JPA class transformer
2026-03-31 12:50:43 [restartedMain] INFO  com.zaxxer.hikari.HikariDataSource - HikariPool-3 - Starting...
2026-03-31 12:50:43 [restartedMain] INFO  com.zaxxer.hikari.pool.HikariPool - HikariPool-3 - Added connection org.postgresql.jdbc.PgConnection@482b1208
2026-03-31 12:50:43 [restartedMain] INFO  com.zaxxer.hikari.HikariDataSource - HikariPool-3 - Start completed.
2026-03-31 12:50:43 [restartedMain] WARN  org.hibernate.orm.deprecation - HHH90000025: PostgreSQLDialect does not need to be specified explicitly using 'hibernate.dialect' (remove the property setting and it will be selected by default)
2026-03-31 12:50:43 [restartedMain] ERROR o.s.o.j.LocalContainerEntityManagerFactoryBean - Failed to initialize JPA EntityManagerFactory: Table [room_master] contains physical column name [room_status_table_id] referred to by multiple logical column names: [room_status_table_id], [roomStatusTableId]
2026-03-31 12:50:43 [restartedMain] ERROR o.s.b.w.e.tomcat.TomcatStarter - Error starting Tomcat context. Exception: org.springframework.beans.factory.UnsatisfiedDependencyException. Message: Error creating bean with name 'jwtAuthFilter' defined in file [C:\Users\ADMIN\git\pms-project\PMS\target\classes\com\pms\security\util\filter\JwtAuthFilter.class]: Unsatisfied dependency expressed through constructor parameter 1: Error creating bean with name 'customUserDetailsService' defined in file [C:\Users\ADMIN\git\pms-project\PMS\target\classes\com\pms\security\service\CustomUserDetailsService.class]: Unsatisfied dependency expressed through constructor parameter 0: Error creating bean with name 'userRepository' defined in com.pms.security.repository.UserRepository defined in @EnableJpaRepositories declared on JpaRepositoriesRegistrar.EnableJpaRepositoriesConfiguration: Cannot resolve reference to bean 'jpaSharedEM_entityManagerFactory' while setting bean property 'entityManager'
2026-03-31 12:50:43 [restartedMain] INFO  o.a.catalina.core.StandardService - Stopping service [Tomcat]
2026-03-31 12:50:43 [restartedMain] WARN  o.a.c.loader.WebappClassLoaderBase - The web application [ROOT] appears to have started a thread named [HikariPool-3 housekeeper] but has failed to stop it. This is very likely to create a memory leak. Stack trace of thread:
 java.base@17.0.12/jdk.internal.misc.Unsafe.park(Native Method)
 java.base@17.0.12/java.util.concurrent.locks.LockSupport.parkNanos(LockSupport.java:252)
 java.base@17.0.12/java.util.concurrent.locks.AbstractQueuedSynchronizer$ConditionObject.awaitNanos(AbstractQueuedSynchronizer.java:1672)
 java.base@17.0.12/java.util.concurrent.ScheduledThreadPoolExecutor$DelayedWorkQueue.take(ScheduledThreadPoolExecutor.java:1182)
 java.base@17.0.12/java.util.concurrent.ScheduledThreadPoolExecutor$DelayedWorkQueue.take(ScheduledThreadPoolExecutor.java:899)
 java.base@17.0.12/java.util.concurrent.ThreadPoolExecutor.getTask(ThreadPoolExecutor.java:1062)
 java.base@17.0.12/java.util.concurrent.ThreadPoolExecutor.runWorker(ThreadPoolExecutor.java:1122)
 java.base@17.0.12/java.util.concurrent.ThreadPoolExecutor$Worker.run(ThreadPoolExecutor.java:635)
 java.base@17.0.12/java.lang.Thread.run(Thread.java:842)
2026-03-31 12:50:43 [restartedMain] WARN  o.s.b.w.s.c.AnnotationConfigServletWebServerApplicationContext - Exception encountered during context initialization - cancelling refresh attempt: org.springframework.context.ApplicationContextException: Unable to start web server
2026-03-31 12:50:43 [restartedMain] INFO  com.zaxxer.hikari.HikariDataSource - HikariPool-3 - Shutdown initiated...
2026-03-31 12:50:43 [restartedMain] INFO  com.zaxxer.hikari.HikariDataSource - HikariPool-3 - Shutdown completed.
2026-03-31 12:50:43 [restartedMain] INFO  o.s.b.a.l.ConditionEvaluationReportLogger - 

Error starting ApplicationContext. To display the condition evaluation report re-run your application with 'debug' enabled.
2026-03-31 12:50:43 [restartedMain] ERROR o.s.boot.SpringApplication - Application run failed
org.springframework.context.ApplicationContextException: Unable to start web server
	at org.springframework.boot.web.servlet.context.ServletWebServerApplicationContext.onRefresh(ServletWebServerApplicationContext.java:165) ~[spring-boot-3.2.5.jar:3.2.5]
	at org.springframework.context.support.AbstractApplicationContext.refresh(AbstractApplicationContext.java:618) ~[spring-context-6.1.6.jar:6.1.6]
	at org.springframework.boot.web.servlet.context.ServletWebServerApplicationContext.refresh(ServletWebServerApplicationContext.java:146) ~[spring-boot-3.2.5.jar:3.2.5]
	at org.springframework.boot.SpringApplication.refresh(SpringApplication.java:754) ~[spring-boot-3.2.5.jar:3.2.5]
	at org.springframework.boot.SpringApplication.refreshContext(SpringApplication.java:456) ~[spring-boot-3.2.5.jar:3.2.5]
	at org.springframework.boot.SpringApplication.run(SpringApplication.java:334) ~[spring-boot-3.2.5.jar:3.2.5]
	at org.springframework.boot.SpringApplication.run(SpringApplication.java:1354) ~[spring-boot-3.2.5.jar:3.2.5]
	at org.springframework.boot.SpringApplication.run(SpringApplication.java:1343) ~[spring-boot-3.2.5.jar:3.2.5]
	at com.pms.Application.main(Application.java:19) ~[classes/:na]
	at java.base/jdk.internal.reflect.NativeMethodAccessorImpl.invoke0(Native Method) ~[na:na]
	at java.base/jdk.internal.reflect.NativeMethodAccessorImpl.invoke(NativeMethodAccessorImpl.java:77) ~[na:na]
	at java.base/jdk.internal.reflect.DelegatingMethodAccessorImpl.invoke(DelegatingMethodAccessorImpl.java:43) ~[na:na]
	at java.base/java.lang.reflect.Method.invoke(Method.java:568) ~[na:na]
	at org.springframework.boot.devtools.restart.RestartLauncher.run(RestartLauncher.java:50) ~[spring-boot-devtools-3.2.5.jar:3.2.5]
Caused by: org.springframework.boot.web.server.WebServerException: Unable to start embedded Tomcat
	at org.springframework.boot.web.embedded.tomcat.TomcatWebServer.initialize(TomcatWebServer.java:145) ~[spring-boot-3.2.5.jar:3.2.5]
	at org.springframework.boot.web.embedded.tomcat.TomcatWebServer.<init>(TomcatWebServer.java:105) ~[spring-boot-3.2.5.jar:3.2.5]
	at org.springframework.boot.web.embedded.tomcat.TomcatServletWebServerFactory.getTomcatWebServer(TomcatServletWebServerFactory.java:499) ~[spring-boot-3.2.5.jar:3.2.5]
	at org.springframework.boot.web.embedded.tomcat.TomcatServletWebServerFactory.getWebServer(TomcatServletWebServerFactory.java:218) ~[spring-boot-3.2.5.jar:3.2.5]
	at org.springframework.boot.web.servlet.context.ServletWebServerApplicationContext.createWebServer(ServletWebServerApplicationContext.java:188) ~[spring-boot-3.2.5.jar:3.2.5]
	at org.springframework.boot.web.servlet.context.ServletWebServerApplicationContext.onRefresh(ServletWebServerApplicationContext.java:162) ~[spring-boot-3.2.5.jar:3.2.5]
	... 13 common frames omitted
Caused by: org.springframework.beans.factory.UnsatisfiedDependencyException: Error creating bean with name 'jwtAuthFilter' defined in file [C:\Users\ADMIN\git\pms-project\PMS\target\classes\com\pms\security\util\filter\JwtAuthFilter.class]: Unsatisfied dependency expressed through constructor parameter 1: Error creating bean with name 'customUserDetailsService' defined in file [C:\Users\ADMIN\git\pms-project\PMS\target\classes\com\pms\security\service\CustomUserDetailsService.class]: Unsatisfied dependency expressed through constructor parameter 0: Error creating bean with name 'userRepository' defined in com.pms.security.repository.UserRepository defined in @EnableJpaRepositories declared on JpaRepositoriesRegistrar.EnableJpaRepositoriesConfiguration: Cannot resolve reference to bean 'jpaSharedEM_entityManagerFactory' while setting bean property 'entityManager'
	at org.springframework.beans.factory.support.ConstructorResolver.createArgumentArray(ConstructorResolver.java:795) ~[spring-beans-6.1.6.jar:6.1.6]
	at org.springframework.beans.factory.support.ConstructorResolver.autowireConstructor(ConstructorResolver.java:237) ~[spring-beans-6.1.6.jar:6.1.6]
	at org.springframework.beans.factory.support.AbstractAutowireCapableBeanFactory.autowireConstructor(AbstractAutowireCapableBeanFactory.java:1355) ~[spring-beans-6.1.6.jar:6.1.6]
	at org.springframework.beans.factory.support.AbstractAutowireCapableBeanFactory.createBeanInstance(AbstractAutowireCapableBeanFactory.java:1192) ~[spring-beans-6.1.6.jar:6.1.6]
	at org.springframework.beans.factory.support.AbstractAutowireCapableBeanFactory.doCreateBean(AbstractAutowireCapableBeanFactory.java:562) ~[spring-beans-6.1.6.jar:6.1.6]
	at org.springframework.beans.factory.support.AbstractAutowireCapableBeanFactory.createBean(AbstractAutowireCapableBeanFactory.java:522) ~[spring-beans-6.1.6.jar:6.1.6]
	at org.springframework.beans.factory.support.AbstractBeanFactory.lambda$doGetBean$0(AbstractBeanFactory.java:326) ~[spring-beans-6.1.6.jar:6.1.6]
	at org.springframework.beans.factory.support.DefaultSingletonBeanRegistry.getSingleton(DefaultSingletonBeanRegistry.java:234) ~[spring-beans-6.1.6.jar:6.1.6]
	at org.springframework.beans.factory.support.AbstractBeanFactory.doGetBean(AbstractBeanFactory.java:324) ~[spring-beans-6.1.6.jar:6.1.6]
	at org.springframework.beans.factory.support.AbstractBeanFactory.getBean(AbstractBeanFactory.java:205) ~[spring-beans-6.1.6.jar:6.1.6]
	at org.springframework.boot.web.servlet.ServletContextInitializerBeans.getOrderedBeansOfType(ServletContextInitializerBeans.java:210) ~[spring-boot-3.2.5.jar:3.2.5]
	at org.springframework.boot.web.servlet.ServletContextInitializerBeans.addAsRegistrationBean(ServletContextInitializerBeans.java:173) ~[spring-boot-3.2.5.jar:3.2.5]
	at org.springframework.boot.web.servlet.ServletContextInitializerBeans.addAsRegistrationBean(ServletContextInitializerBeans.java:168) ~[spring-boot-3.2.5.jar:3.2.5]
	at org.springframework.boot.web.servlet.ServletContextInitializerBeans.addAdaptableBeans(ServletContextInitializerBeans.java:153) ~[spring-boot-3.2.5.jar:3.2.5]
	at org.springframework.boot.web.servlet.ServletContextInitializerBeans.<init>(ServletContextInitializerBeans.java:86) ~[spring-boot-3.2.5.jar:3.2.5]
	at org.springframework.boot.web.servlet.context.ServletWebServerApplicationContext.getServletContextInitializerBeans(ServletWebServerApplicationContext.java:266) ~[spring-boot-3.2.5.jar:3.2.5]
	at org.springframework.boot.web.servlet.context.ServletWebServerApplicationContext.selfInitialize(ServletWebServerApplicationContext.java:240) ~[spring-boot-3.2.5.jar:3.2.5]
	at org.springframework.boot.web.embedded.tomcat.TomcatStarter.onStartup(TomcatStarter.java:52) ~[spring-boot-3.2.5.jar:3.2.5]
	at org.apache.catalina.core.StandardContext.startInternal(StandardContext.java:4880) ~[tomcat-embed-core-10.1.20.jar:10.1.20]
	at org.apache.catalina.util.LifecycleBase.start(LifecycleBase.java:171) ~[tomcat-embed-core-10.1.20.jar:10.1.20]
	at org.apache.catalina.core.ContainerBase$StartChild.call(ContainerBase.java:1332) ~[tomcat-embed-core-10.1.20.jar:10.1.20]
	at org.apache.catalina.core.ContainerBase$StartChild.call(ContainerBase.java:1322) ~[tomcat-embed-core-10.1.20.jar:10.1.20]
	at java.base/java.util.concurrent.FutureTask.run(FutureTask.java:264) ~[na:na]
	at org.apache.tomcat.util.threads.InlineExecutorService.execute(InlineExecutorService.java:75) ~[tomcat-embed-core-10.1.20.jar:10.1.20]
	at java.base/java.util.concurrent.AbstractExecutorService.submit(AbstractExecutorService.java:145) ~[na:na]
	at org.apache.catalina.core.ContainerBase.startInternal(ContainerBase.java:866) ~[tomcat-embed-core-10.1.20.jar:10.1.20]
	at org.apache.catalina.core.StandardHost.startInternal(StandardHost.java:845) ~[tomcat-embed-core-10.1.20.jar:10.1.20]
	at org.apache.catalina.util.LifecycleBase.start(LifecycleBase.java:171) ~[tomcat-embed-core-10.1.20.jar:10.1.20]
	at org.apache.catalina.core.ContainerBase$StartChild.call(ContainerBase.java:1332) ~[tomcat-embed-core-10.1.20.jar:10.1.20]
	at org.apache.catalina.core.ContainerBase$StartChild.call(ContainerBase.java:1322) ~[tomcat-embed-core-10.1.20.jar:10.1.20]
	at java.base/java.util.concurrent.FutureTask.run(FutureTask.java:264) ~[na:na]
	at org.apache.tomcat.util.threads.InlineExecutorService.execute(InlineExecutorService.java:75) ~[tomcat-embed-core-10.1.20.jar:10.1.20]
	at java.base/java.util.concurrent.AbstractExecutorService.submit(AbstractExecutorService.java:145) ~[na:na]
	at org.apache.catalina.core.ContainerBase.startInternal(ContainerBase.java:866) ~[tomcat-embed-core-10.1.20.jar:10.1.20]
	at org.apache.catalina.core.StandardEngine.startInternal(StandardEngine.java:240) ~[tomcat-embed-core-10.1.20.jar:10.1.20]
	at org.apache.catalina.util.LifecycleBase.start(LifecycleBase.java:171) ~[tomcat-embed-core-10.1.20.jar:10.1.20]
	at org.apache.catalina.core.StandardService.startInternal(StandardService.java:433) ~[tomcat-embed-core-10.1.20.jar:10.1.20]
	at org.apache.catalina.util.LifecycleBase.start(LifecycleBase.java:171) ~[tomcat-embed-core-10.1.20.jar:10.1.20]
	at org.apache.catalina.core.StandardServer.startInternal(StandardServer.java:921) ~[tomcat-embed-core-10.1.20.jar:10.1.20]
	at org.apache.catalina.util.LifecycleBase.start(LifecycleBase.java:171) ~[tomcat-embed-core-10.1.20.jar:10.1.20]
	at org.apache.catalina.startup.Tomcat.start(Tomcat.java:437) ~[tomcat-embed-core-10.1.20.jar:10.1.20]
	at org.springframework.boot.web.embedded.tomcat.TomcatWebServer.initialize(TomcatWebServer.java:126) ~[spring-boot-3.2.5.jar:3.2.5]
	... 18 common frames omitted
Caused by: org.springframework.beans.factory.UnsatisfiedDependencyException: Error creating bean with name 'customUserDetailsService' defined in file [C:\Users\ADMIN\git\pms-project\PMS\target\classes\com\pms\security\service\CustomUserDetailsService.class]: Unsatisfied dependency expressed through constructor parameter 0: Error creating bean with name 'userRepository' defined in com.pms.security.repository.UserRepository defined in @EnableJpaRepositories declared on JpaRepositoriesRegistrar.EnableJpaRepositoriesConfiguration: Cannot resolve reference to bean 'jpaSharedEM_entityManagerFactory' while setting bean property 'entityManager'
	at org.springframework.beans.factory.support.ConstructorResolver.createArgumentArray(ConstructorResolver.java:795) ~[spring-beans-6.1.6.jar:6.1.6]
	at org.springframework.beans.factory.support.ConstructorResolver.autowireConstructor(ConstructorResolver.java:237) ~[spring-beans-6.1.6.jar:6.1.6]
	at org.springframework.beans.factory.support.AbstractAutowireCapableBeanFactory.autowireConstructor(AbstractAutowireCapableBeanFactory.java:1355) ~[spring-beans-6.1.6.jar:6.1.6]
	at org.springframework.beans.factory.support.AbstractAutowireCapableBeanFactory.createBeanInstance(AbstractAutowireCapableBeanFactory.java:1192) ~[spring-beans-6.1.6.jar:6.1.6]
	at org.springframework.beans.factory.support.AbstractAutowireCapableBeanFactory.doCreateBean(AbstractAutowireCapableBeanFactory.java:562) ~[spring-beans-6.1.6.jar:6.1.6]
	at org.springframework.beans.factory.support.AbstractAutowireCapableBeanFactory.createBean(AbstractAutowireCapableBeanFactory.java:522) ~[spring-beans-6.1.6.jar:6.1.6]
	at org.springframework.beans.factory.support.AbstractBeanFactory.lambda$doGetBean$0(AbstractBeanFactory.java:326) ~[spring-beans-6.1.6.jar:6.1.6]
	at org.springframework.beans.factory.support.DefaultSingletonBeanRegistry.getSingleton(DefaultSingletonBeanRegistry.java:234) ~[spring-beans-6.1.6.jar:6.1.6]
	at org.springframework.beans.factory.support.AbstractBeanFactory.doGetBean(AbstractBeanFactory.java:324) ~[spring-beans-6.1.6.jar:6.1.6]
	at org.springframework.beans.factory.support.AbstractBeanFactory.getBean(AbstractBeanFactory.java:200) ~[spring-beans-6.1.6.jar:6.1.6]
	at org.springframework.beans.factory.config.DependencyDescriptor.resolveCandidate(DependencyDescriptor.java:254) ~[spring-beans-6.1.6.jar:6.1.6]
	at org.springframework.beans.factory.support.DefaultListableBeanFactory.doResolveDependency(DefaultListableBeanFactory.java:1443) ~[spring-beans-6.1.6.jar:6.1.6]
	at org.springframework.beans.factory.support.DefaultListableBeanFactory.resolveDependency(DefaultListableBeanFactory.java:1353) ~[spring-beans-6.1.6.jar:6.1.6]
	at org.springframework.beans.factory.support.ConstructorResolver.resolveAutowiredArgument(ConstructorResolver.java:904) ~[spring-beans-6.1.6.jar:6.1.6]
	at org.springframework.beans.factory.support.ConstructorResolver.createArgumentArray(ConstructorResolver.java:782) ~[spring-beans-6.1.6.jar:6.1.6]
	... 59 common frames omitted
Caused by: org.springframework.beans.factory.BeanCreationException: Error creating bean with name 'userRepository' defined in com.pms.security.repository.UserRepository defined in @EnableJpaRepositories declared on JpaRepositoriesRegistrar.EnableJpaRepositoriesConfiguration: Cannot resolve reference to bean 'jpaSharedEM_entityManagerFactory' while setting bean property 'entityManager'
	at org.springframework.beans.factory.support.BeanDefinitionValueResolver.resolveReference(BeanDefinitionValueResolver.java:377) ~[spring-beans-6.1.6.jar:6.1.6]
	at org.springframework.beans.factory.support.BeanDefinitionValueResolver.resolveValueIfNecessary(BeanDefinitionValueResolver.java:135) ~[spring-beans-6.1.6.jar:6.1.6]
	at org.springframework.beans.factory.support.AbstractAutowireCapableBeanFactory.applyPropertyValues(AbstractAutowireCapableBeanFactory.java:1685) ~[spring-beans-6.1.6.jar:6.1.6]
	at org.springframework.beans.factory.support.AbstractAutowireCapableBeanFactory.populateBean(AbstractAutowireCapableBeanFactory.java:1434) ~[spring-beans-6.1.6.jar:6.1.6]
	at org.springframework.beans.factory.support.AbstractAutowireCapableBeanFactory.doCreateBean(AbstractAutowireCapableBeanFactory.java:599) ~[spring-beans-6.1.6.jar:6.1.6]
	at org.springframework.beans.factory.support.AbstractAutowireCapableBeanFactory.createBean(AbstractAutowireCapableBeanFactory.java:522) ~[spring-beans-6.1.6.jar:6.1.6]
	at org.springframework.beans.factory.support.AbstractBeanFactory.lambda$doGetBean$0(AbstractBeanFactory.java:326) ~[spring-beans-6.1.6.jar:6.1.6]
	at org.springframework.beans.factory.support.DefaultSingletonBeanRegistry.getSingleton(DefaultSingletonBeanRegistry.java:234) ~[spring-beans-6.1.6.jar:6.1.6]
	at org.springframework.beans.factory.support.AbstractBeanFactory.doGetBean(AbstractBeanFactory.java:324) ~[spring-beans-6.1.6.jar:6.1.6]
	at org.springframework.beans.factory.support.AbstractBeanFactory.getBean(AbstractBeanFactory.java:200) ~[spring-beans-6.1.6.jar:6.1.6]
	at org.springframework.beans.factory.config.DependencyDescriptor.resolveCandidate(DependencyDescriptor.java:254) ~[spring-beans-6.1.6.jar:6.1.6]
	at org.springframework.beans.factory.support.DefaultListableBeanFactory.doResolveDependency(DefaultListableBeanFactory.java:1443) ~[spring-beans-6.1.6.jar:6.1.6]
	at org.springframework.beans.factory.support.DefaultListableBeanFactory.resolveDependency(DefaultListableBeanFactory.java:1353) ~[spring-beans-6.1.6.jar:6.1.6]
	at org.springframework.beans.factory.support.ConstructorResolver.resolveAutowiredArgument(ConstructorResolver.java:904) ~[spring-beans-6.1.6.jar:6.1.6]
	at org.springframework.beans.factory.support.ConstructorResolver.createArgumentArray(ConstructorResolver.java:782) ~[spring-beans-6.1.6.jar:6.1.6]
	... 73 common frames omitted
Caused by: org.springframework.beans.factory.BeanCreationException: Error creating bean with name 'jpaSharedEM_entityManagerFactory': Cannot resolve reference to bean 'entityManagerFactory' while setting constructor argument
	at org.springframework.beans.factory.support.BeanDefinitionValueResolver.resolveReference(BeanDefinitionValueResolver.java:377) ~[spring-beans-6.1.6.jar:6.1.6]
	at org.springframework.beans.factory.support.BeanDefinitionValueResolver.resolveValueIfNecessary(BeanDefinitionValueResolver.java:135) ~[spring-beans-6.1.6.jar:6.1.6]
	at org.springframework.beans.factory.support.ConstructorResolver.resolveConstructorArguments(ConstructorResolver.java:682) ~[spring-beans-6.1.6.jar:6.1.6]
	at org.springframework.beans.factory.support.ConstructorResolver.instantiateUsingFactoryMethod(ConstructorResolver.java:509) ~[spring-beans-6.1.6.jar:6.1.6]
	at org.springframework.beans.factory.support.AbstractAutowireCapableBeanFactory.instantiateUsingFactoryMethod(AbstractAutowireCapableBeanFactory.java:1335) ~[spring-beans-6.1.6.jar:6.1.6]
	at org.springframework.beans.factory.support.AbstractAutowireCapableBeanFactory.createBeanInstance(AbstractAutowireCapableBeanFactory.java:1165) ~[spring-beans-6.1.6.jar:6.1.6]
	at org.springframework.beans.factory.support.AbstractAutowireCapableBeanFactory.doCreateBean(AbstractAutowireCapableBeanFactory.java:562) ~[spring-beans-6.1.6.jar:6.1.6]
	at org.springframework.beans.factory.support.AbstractAutowireCapableBeanFactory.createBean(AbstractAutowireCapableBeanFactory.java:522) ~[spring-beans-6.1.6.jar:6.1.6]
	at org.springframework.beans.factory.support.AbstractBeanFactory.lambda$doGetBean$0(AbstractBeanFactory.java:326) ~[spring-beans-6.1.6.jar:6.1.6]
	at org.springframework.beans.factory.support.DefaultSingletonBeanRegistry.getSingleton(DefaultSingletonBeanRegistry.java:234) ~[spring-beans-6.1.6.jar:6.1.6]
	at org.springframework.beans.factory.support.AbstractBeanFactory.doGetBean(AbstractBeanFactory.java:324) ~[spring-beans-6.1.6.jar:6.1.6]
	at org.springframework.beans.factory.support.AbstractBeanFactory.getBean(AbstractBeanFactory.java:200) ~[spring-beans-6.1.6.jar:6.1.6]
	at org.springframework.beans.factory.support.BeanDefinitionValueResolver.resolveReference(BeanDefinitionValueResolver.java:365) ~[spring-beans-6.1.6.jar:6.1.6]
	... 87 common frames omitted
Caused by: org.springframework.beans.factory.BeanCreationException: Error creating bean with name 'entityManagerFactory' defined in class path resource [org/springframework/boot/autoconfigure/orm/jpa/HibernateJpaConfiguration.class]: Table [room_master] contains physical column name [room_status_table_id] referred to by multiple logical column names: [room_status_table_id], [roomStatusTableId]
	at org.springframework.beans.factory.support.AbstractAutowireCapableBeanFactory.initializeBean(AbstractAutowireCapableBeanFactory.java:1786) ~[spring-beans-6.1.6.jar:6.1.6]
	at org.springframework.beans.factory.support.AbstractAutowireCapableBeanFactory.doCreateBean(AbstractAutowireCapableBeanFactory.java:600) ~[spring-beans-6.1.6.jar:6.1.6]
	at org.springframework.beans.factory.support.AbstractAutowireCapableBeanFactory.createBean(AbstractAutowireCapableBeanFactory.java:522) ~[spring-beans-6.1.6.jar:6.1.6]
	at org.springframework.beans.factory.support.AbstractBeanFactory.lambda$doGetBean$0(AbstractBeanFactory.java:326) ~[spring-beans-6.1.6.jar:6.1.6]
	at org.springframework.beans.factory.support.DefaultSingletonBeanRegistry.getSingleton(DefaultSingletonBeanRegistry.java:234) ~[spring-beans-6.1.6.jar:6.1.6]
	at org.springframework.beans.factory.support.AbstractBeanFactory.doGetBean(AbstractBeanFactory.java:324) ~[spring-beans-6.1.6.jar:6.1.6]
	at org.springframework.beans.factory.support.AbstractBeanFactory.getBean(AbstractBeanFactory.java:200) ~[spring-beans-6.1.6.jar:6.1.6]
	at org.springframework.beans.factory.support.BeanDefinitionValueResolver.resolveReference(BeanDefinitionValueResolver.java:365) ~[spring-beans-6.1.6.jar:6.1.6]
	... 99 common frames omitted
Caused by: org.hibernate.DuplicateMappingException: Table [room_master] contains physical column name [room_status_table_id] referred to by multiple logical column names: [room_status_table_id], [roomStatusTableId]
	at org.hibernate.boot.internal.InFlightMetadataCollectorImpl$TableColumnNameBinding.bindPhysicalToLogical(InFlightMetadataCollectorImpl.java:1114) ~[hibernate-core-6.4.4.Final.jar:6.4.4.Final]
	at org.hibernate.boot.internal.InFlightMetadataCollectorImpl$TableColumnNameBinding.addBinding(InFlightMetadataCollectorImpl.java:1083) ~[hibernate-core-6.4.4.Final.jar:6.4.4.Final]
	at org.hibernate.boot.internal.InFlightMetadataCollectorImpl.addColumnNameBinding(InFlightMetadataCollectorImpl.java:1153) ~[hibernate-core-6.4.4.Final.jar:6.4.4.Final]
	at org.hibernate.boot.internal.InFlightMetadataCollectorImpl.addColumnNameBinding(InFlightMetadataCollectorImpl.java:1134) ~[hibernate-core-6.4.4.Final.jar:6.4.4.Final]
	at org.hibernate.boot.model.internal.AnnotatedJoinColumn.addColumnBinding(AnnotatedJoinColumn.java:407) ~[hibernate-core-6.4.4.Final.jar:6.4.4.Final]
	at org.hibernate.boot.model.internal.AnnotatedColumn.linkWithValue(AnnotatedColumn.java:432) ~[hibernate-core-6.4.4.Final.jar:6.4.4.Final]
	at org.hibernate.boot.model.internal.TableBinder.linkJoinColumnWithValueOverridingNameIfImplicit(TableBinder.java:828) ~[hibernate-core-6.4.4.Final.jar:6.4.4.Final]
	at org.hibernate.boot.model.internal.TableBinder.bindImplicitPrimaryKeyReference(TableBinder.java:608) ~[hibernate-core-6.4.4.Final.jar:6.4.4.Final]
	at org.hibernate.boot.model.internal.TableBinder.bindExplicitColumns(TableBinder.java:586) ~[hibernate-core-6.4.4.Final.jar:6.4.4.Final]
	at org.hibernate.boot.model.internal.TableBinder.bindForeignKey(TableBinder.java:567) ~[hibernate-core-6.4.4.Final.jar:6.4.4.Final]
	at org.hibernate.boot.model.internal.ToOneFkSecondPass.doSecondPass(ToOneFkSecondPass.java:116) ~[hibernate-core-6.4.4.Final.jar:6.4.4.Final]
	at org.hibernate.boot.internal.InFlightMetadataCollectorImpl.processEndOfQueue(InFlightMetadataCollectorImpl.java:1910) ~[hibernate-core-6.4.4.Final.jar:6.4.4.Final]
	at org.hibernate.boot.internal.InFlightMetadataCollectorImpl.processFkSecondPassesInOrder(InFlightMetadataCollectorImpl.java:1859) ~[hibernate-core-6.4.4.Final.jar:6.4.4.Final]
	at org.hibernate.boot.internal.InFlightMetadataCollectorImpl.processSecondPasses(InFlightMetadataCollectorImpl.java:1768) ~[hibernate-core-6.4.4.Final.jar:6.4.4.Final]
	at org.hibernate.boot.model.process.spi.MetadataBuildingProcess.complete(MetadataBuildingProcess.java:332) ~[hibernate-core-6.4.4.Final.jar:6.4.4.Final]
	at org.hibernate.jpa.boot.internal.EntityManagerFactoryBuilderImpl.metadata(EntityManagerFactoryBuilderImpl.java:1432) ~[hibernate-core-6.4.4.Final.jar:6.4.4.Final]
	at org.hibernate.jpa.boot.internal.EntityManagerFactoryBuilderImpl.build(EntityManagerFactoryBuilderImpl.java:1503) ~[hibernate-core-6.4.4.Final.jar:6.4.4.Final]
	at org.springframework.orm.jpa.vendor.SpringHibernateJpaPersistenceProvider.createContainerEntityManagerFactory(SpringHibernateJpaPersistenceProvider.java:75) ~[spring-orm-6.1.6.jar:6.1.6]
	at org.springframework.orm.jpa.LocalContainerEntityManagerFactoryBean.createNativeEntityManagerFactory(LocalContainerEntityManagerFactoryBean.java:390) ~[spring-orm-6.1.6.jar:6.1.6]
	at org.springframework.orm.jpa.AbstractEntityManagerFactoryBean.buildNativeEntityManagerFactory(AbstractEntityManagerFactoryBean.java:409) ~[spring-orm-6.1.6.jar:6.1.6]
	at org.springframework.orm.jpa.AbstractEntityManagerFactoryBean.afterPropertiesSet(AbstractEntityManagerFactoryBean.java:396) ~[spring-orm-6.1.6.jar:6.1.6]
	at org.springframework.orm.jpa.LocalContainerEntityManagerFactoryBean.afterPropertiesSet(LocalContainerEntityManagerFactoryBean.java:366) ~[spring-orm-6.1.6.jar:6.1.6]
	at org.springframework.beans.factory.support.AbstractAutowireCapableBeanFactory.invokeInitMethods(AbstractAutowireCapableBeanFactory.java:1833) ~[spring-beans-6.1.6.jar:6.1.6]
	at org.springframework.beans.factory.support.AbstractAutowireCapableBeanFactory.initializeBean(AbstractAutowireCapableBeanFactory.java:1782) ~[spring-beans-6.1.6.jar:6.1.6]
	... 106 common frames omitted
2026-03-31 12:51:43 [restartedMain] INFO  com.pms.Application - Main Entry Point Class
2026-03-31 12:51:43 [restartedMain] INFO  com.pms.Application - Starting Application using Java 17.0.12 with PID 10632 (C:\Users\ADMIN\git\pms-project\PMS\target\classes started by ADMIN in C:\Users\ADMIN\git\pms-project\PMS)
2026-03-31 12:51:43 [restartedMain] DEBUG com.pms.Application - Running with Spring Boot v3.2.5, Spring v6.1.6
2026-03-31 12:51:43 [restartedMain] INFO  com.pms.Application - No active profile set, falling back to 1 default profile: "default"
2026-03-31 12:51:43 [restartedMain] INFO  o.s.d.r.c.RepositoryConfigurationDelegate - Bootstrapping Spring Data JPA repositories in DEFAULT mode.
2026-03-31 12:51:43 [restartedMain] INFO  o.s.d.r.c.RepositoryConfigurationDelegate - Finished Spring Data repository scanning in 43 ms. Found 17 JPA repository interfaces.
2026-03-31 12:51:43 [restartedMain] INFO  o.s.b.w.e.tomcat.TomcatWebServer - Tomcat initialized with port 9090 (http)
2026-03-31 12:51:43 [restartedMain] INFO  o.a.catalina.core.StandardService - Starting service [Tomcat]
2026-03-31 12:51:43 [restartedMain] INFO  o.a.catalina.core.StandardEngine - Starting Servlet engine: [Apache Tomcat/10.1.20]
2026-03-31 12:51:43 [restartedMain] INFO  o.a.c.c.C.[Tomcat-2].[localhost].[/] - Initializing Spring embedded WebApplicationContext
2026-03-31 12:51:43 [restartedMain] INFO  o.s.b.w.s.c.ServletWebServerApplicationContext - Root WebApplicationContext: initialization completed in 292 ms
2026-03-31 12:51:43 [restartedMain] INFO  o.h.jpa.internal.util.LogHelper - HHH000204: Processing PersistenceUnitInfo [name: default]
2026-03-31 12:51:43 [restartedMain] INFO  o.h.c.i.RegionFactoryInitiator - HHH000026: Second-level cache disabled
2026-03-31 12:51:43 [restartedMain] INFO  o.s.o.j.p.SpringPersistenceUnitInfo - No LoadTimeWeaver setup: ignoring JPA class transformer
2026-03-31 12:51:43 [restartedMain] INFO  com.zaxxer.hikari.HikariDataSource - HikariPool-4 - Starting...
2026-03-31 12:51:43 [restartedMain] INFO  com.zaxxer.hikari.pool.HikariPool - HikariPool-4 - Added connection org.postgresql.jdbc.PgConnection@212dc712
2026-03-31 12:51:43 [restartedMain] INFO  com.zaxxer.hikari.HikariDataSource - HikariPool-4 - Start completed.
2026-03-31 12:51:43 [restartedMain] WARN  org.hibernate.orm.deprecation - HHH90000025: PostgreSQLDialect does not need to be specified explicitly using 'hibernate.dialect' (remove the property setting and it will be selected by default)
2026-03-31 12:51:43 [restartedMain] INFO  o.h.e.t.j.p.i.JtaPlatformInitiator - HHH000489: No JTA platform available (set 'hibernate.transaction.jta.platform' to enable JTA platform integration)
2026-03-31 12:51:43 [restartedMain] INFO  o.s.o.j.LocalContainerEntityManagerFactoryBean - Initialized JPA EntityManagerFactory for persistence unit 'default'
2026-03-31 12:51:43 [restartedMain] WARN  o.s.b.a.o.j.JpaBaseConfiguration$JpaWebConfiguration - spring.jpa.open-in-view is enabled by default. Therefore, database queries may be performed during view rendering. Explicitly configure spring.jpa.open-in-view to disable this warning
2026-03-31 12:51:44 [restartedMain] INFO  o.s.s.web.DefaultSecurityFilterChain - Will secure any request with [org.springframework.security.web.session.DisableEncodeUrlFilter@5b56a673, org.springframework.security.web.context.request.async.WebAsyncManagerIntegrationFilter@311637bd, org.springframework.security.web.context.SecurityContextHolderFilter@4e599758, org.springframework.security.web.header.HeaderWriterFilter@39295819, org.springframework.web.filter.CorsFilter@11070745, org.springframework.security.web.authentication.logout.LogoutFilter@1aae0084, com.pms.security.util.filter.JwtAuthFilter@48d659d, org.springframework.security.web.savedrequest.RequestCacheAwareFilter@7fc3d8f4, org.springframework.security.web.servletapi.SecurityContextHolderAwareRequestFilter@6b55d361, org.springframework.security.web.authentication.AnonymousAuthenticationFilter@2cd66c6e, org.springframework.security.web.access.ExceptionTranslationFilter@3a75deeb, org.springframework.security.web.access.intercept.AuthorizationFilter@3ec0659e]
2026-03-31 12:51:44 [restartedMain] INFO  o.s.b.d.a.OptionalLiveReloadServer - LiveReload server is running on port 35729
2026-03-31 12:51:44 [restartedMain] INFO  o.s.b.w.e.tomcat.TomcatWebServer - Tomcat started on port 9090 (http) with context path ''
2026-03-31 12:51:44 [restartedMain] INFO  com.pms.Application - Started Application in 1.046 seconds (process running for 254.299)
2026-03-31 12:51:44 [restartedMain] INFO  o.s.b.d.a.ConditionEvaluationDeltaLoggingListener - Condition evaluation unchanged
2026-03-31 12:51:44 [RMI TCP Connection(6)-127.0.0.1] INFO  o.s.b.a.SpringApplicationAdminMXBeanRegistrar$SpringApplicationAdmin - Application shutdown requested.
2026-03-31 12:51:44 [RMI TCP Connection(6)-127.0.0.1] INFO  o.s.o.j.LocalContainerEntityManagerFactoryBean - Closing JPA EntityManagerFactory for persistence unit 'default'
2026-03-31 12:51:44 [RMI TCP Connection(6)-127.0.0.1] INFO  com.zaxxer.hikari.HikariDataSource - HikariPool-4 - Shutdown initiated...
2026-03-31 12:51:44 [RMI TCP Connection(6)-127.0.0.1] INFO  com.zaxxer.hikari.HikariDataSource - HikariPool-4 - Shutdown completed.
2026-03-31 12:51:56 [restartedMain] INFO  com.pms.Application - Starting Application using Java 17.0.12 with PID 13400 (C:\Users\ADMIN\git\pms-project\PMS\target\classes started by ADMIN in C:\Users\ADMIN\git\pms-project\PMS)
2026-03-31 12:51:56 [restartedMain] DEBUG com.pms.Application - Running with Spring Boot v3.2.5, Spring v6.1.6
2026-03-31 12:51:56 [restartedMain] INFO  com.pms.Application - No active profile set, falling back to 1 default profile: "default"
2026-03-31 12:51:56 [restartedMain] INFO  o.s.b.d.e.DevToolsPropertyDefaultsPostProcessor - Devtools property defaults active! Set 'spring.devtools.add-properties' to 'false' to disable
2026-03-31 12:51:56 [restartedMain] INFO  o.s.b.d.e.DevToolsPropertyDefaultsPostProcessor - For additional web related logging consider setting the 'logging.level.web' property to 'DEBUG'
2026-03-31 12:51:57 [restartedMain] INFO  o.s.d.r.c.RepositoryConfigurationDelegate - Bootstrapping Spring Data JPA repositories in DEFAULT mode.
2026-03-31 12:51:57 [restartedMain] INFO  o.s.d.r.c.RepositoryConfigurationDelegate - Finished Spring Data repository scanning in 83 ms. Found 17 JPA repository interfaces.
2026-03-31 12:51:57 [restartedMain] INFO  o.s.b.w.e.tomcat.TomcatWebServer - Tomcat initialized with port 9090 (http)
2026-03-31 12:51:57 [restartedMain] INFO  o.a.catalina.core.StandardService - Starting service [Tomcat]
2026-03-31 12:51:57 [restartedMain] INFO  o.a.catalina.core.StandardEngine - Starting Servlet engine: [Apache Tomcat/10.1.20]
2026-03-31 12:51:57 [restartedMain] INFO  o.a.c.c.C.[Tomcat].[localhost].[/] - Initializing Spring embedded WebApplicationContext
2026-03-31 12:51:57 [restartedMain] INFO  o.s.b.w.s.c.ServletWebServerApplicationContext - Root WebApplicationContext: initialization completed in 1177 ms
2026-03-31 12:51:57 [restartedMain] INFO  o.h.jpa.internal.util.LogHelper - HHH000204: Processing PersistenceUnitInfo [name: default]
2026-03-31 12:51:57 [restartedMain] INFO  org.hibernate.Version - HHH000412: Hibernate ORM core version 6.4.4.Final
2026-03-31 12:51:58 [restartedMain] INFO  o.h.c.i.RegionFactoryInitiator - HHH000026: Second-level cache disabled
2026-03-31 12:51:58 [restartedMain] INFO  o.s.o.j.p.SpringPersistenceUnitInfo - No LoadTimeWeaver setup: ignoring JPA class transformer
2026-03-31 12:51:58 [restartedMain] INFO  com.zaxxer.hikari.HikariDataSource - HikariPool-1 - Starting...
2026-03-31 12:51:58 [restartedMain] INFO  com.zaxxer.hikari.pool.HikariPool - HikariPool-1 - Added connection org.postgresql.jdbc.PgConnection@5b3577a5
2026-03-31 12:51:58 [restartedMain] INFO  com.zaxxer.hikari.HikariDataSource - HikariPool-1 - Start completed.
2026-03-31 12:51:58 [restartedMain] WARN  org.hibernate.orm.deprecation - HHH90000025: PostgreSQLDialect does not need to be specified explicitly using 'hibernate.dialect' (remove the property setting and it will be selected by default)
2026-03-31 12:51:59 [restartedMain] INFO  o.h.e.t.j.p.i.JtaPlatformInitiator - HHH000489: No JTA platform available (set 'hibernate.transaction.jta.platform' to enable JTA platform integration)
2026-03-31 12:51:59 [restartedMain] INFO  o.s.o.j.LocalContainerEntityManagerFactoryBean - Initialized JPA EntityManagerFactory for persistence unit 'default'
2026-03-31 12:51:59 [restartedMain] WARN  o.s.b.a.o.j.JpaBaseConfiguration$JpaWebConfiguration - spring.jpa.open-in-view is enabled by default. Therefore, database queries may be performed during view rendering. Explicitly configure spring.jpa.open-in-view to disable this warning
2026-03-31 12:52:00 [restartedMain] INFO  o.s.s.web.DefaultSecurityFilterChain - Will secure any request with [org.springframework.security.web.session.DisableEncodeUrlFilter@205205a2, org.springframework.security.web.context.request.async.WebAsyncManagerIntegrationFilter@2c24db36, org.springframework.security.web.context.SecurityContextHolderFilter@75b6b009, org.springframework.security.web.header.HeaderWriterFilter@4c7a76d, org.springframework.web.filter.CorsFilter@530c219f, org.springframework.security.web.authentication.logout.LogoutFilter@3d3eb53a, com.pms.security.util.filter.JwtAuthFilter@4421a83e, org.springframework.security.web.savedrequest.RequestCacheAwareFilter@260475ab, org.springframework.security.web.servletapi.SecurityContextHolderAwareRequestFilter@f28050, org.springframework.security.web.authentication.AnonymousAuthenticationFilter@6a9716dd, org.springframework.security.web.access.ExceptionTranslationFilter@dbf8d3c, org.springframework.security.web.access.intercept.AuthorizationFilter@76ff40ae]
2026-03-31 12:52:00 [restartedMain] INFO  o.s.b.d.a.OptionalLiveReloadServer - LiveReload server is running on port 35729
2026-03-31 12:52:00 [restartedMain] INFO  o.s.b.w.e.tomcat.TomcatWebServer - Tomcat started on port 9090 (http) with context path ''
2026-03-31 12:52:00 [restartedMain] INFO  com.pms.Application - Started Application in 4.117 seconds (process running for 4.589)
2026-03-31 12:52:13 [http-nio-0.0.0.0-9090-exec-1] INFO  o.a.c.c.C.[Tomcat].[localhost].[/] - Initializing Spring DispatcherServlet 'dispatcherServlet'
2026-03-31 12:52:13 [http-nio-0.0.0.0-9090-exec-1] INFO  o.s.web.servlet.DispatcherServlet - Initializing Servlet 'dispatcherServlet'
2026-03-31 12:52:13 [http-nio-0.0.0.0-9090-exec-1] INFO  o.s.web.servlet.DispatcherServlet - Completed initialization in 0 ms
2026-03-31 12:52:13 [http-nio-0.0.0.0-9090-exec-1] DEBUG org.hibernate.SQL - 
    select
        u1_0.id,
        u1_0.email,
        u1_0.enabled,
        u1_0.password,
        u1_0.username 
    from
        PMS_db.users u1_0 
    where
        u1_0.username=?
2026-03-31 12:52:13 [http-nio-0.0.0.0-9090-exec-1] DEBUG org.hibernate.SQL - 
    select
        r1_0.user_id,
        r1_1.id,
        r1_1.name 
    from
        PMS_db.user_roles r1_0 
    join
        PMS_db.roles r1_1 
            on r1_1.id=r1_0.role_id 
    where
        r1_0.user_id=?
2026-03-31 12:52:14 [http-nio-0.0.0.0-9090-exec-1] DEBUG org.hibernate.SQL - 
    select
        u1_0.id,
        u1_0.email,
        u1_0.enabled,
        u1_0.password,
        u1_0.username 
    from
        PMS_db.users u1_0 
    where
        u1_0.username=?
2026-03-31 12:52:14 [http-nio-0.0.0.0-9090-exec-1] DEBUG org.hibernate.SQL - 
    insert 
    into
        PMS_db.refresh_token
        (expiry_date, token, user_id) 
    values
        (?, ?, ?)
2026-03-31 12:53:07 [http-nio-0.0.0.0-9090-exec-2] DEBUG org.hibernate.SQL - 
    select
        u1_0.id,
        u1_0.email,
        u1_0.enabled,
        u1_0.password,
        u1_0.username 
    from
        PMS_db.users u1_0 
    where
        u1_0.username=?
2026-03-31 12:53:07 [http-nio-0.0.0.0-9090-exec-2] DEBUG org.hibernate.SQL - 
    select
        r1_0.user_id,
        r1_1.id,
        r1_1.name 
    from
        PMS_db.user_roles r1_0 
    join
        PMS_db.roles r1_1 
            on r1_1.id=r1_0.role_id 
    where
        r1_0.user_id=?
2026-03-31 12:53:07 [http-nio-0.0.0.0-9090-exec-2] DEBUG org.hibernate.SQL - 
    select
        u1_0.id,
        u1_0.email,
        u1_0.enabled,
        u1_0.password,
        u1_0.username 
    from
        PMS_db.users u1_0 
    where
        u1_0.username=?
2026-03-31 12:53:07 [http-nio-0.0.0.0-9090-exec-2] DEBUG org.hibernate.SQL - 
    select
        r1_0.user_id,
        r1_1.id,
        r1_1.name 
    from
        PMS_db.user_roles r1_0 
    join
        PMS_db.roles r1_1 
            on r1_1.id=r1_0.role_id 
    where
        r1_0.user_id=?
2026-03-31 12:53:07 [http-nio-0.0.0.0-9090-exec-2] DEBUG org.hibernate.SQL - 
    select
        nextval('PMS_db.room_master_seq')
2026-03-31 12:53:07 [http-nio-0.0.0.0-9090-exec-2] DEBUG org.hibernate.SQL - 
    insert 
    into
        PMS_db.room_master
        (building_id, building_name, created_on, floor_id, floor_name, handicap, non_room, room_name, room_short_name, room_status, room_status_id, room_type_id, room_type_name, smoking, id) 
    values
        (?, ?, ?, ?, ?, ?, ?, ?, ?, ?, ?, ?, ?, ?, ?)
2026-03-31 12:53:07 [http-nio-0.0.0.0-9090-exec-2] DEBUG org.hibernate.SQL - 
    select
        rm1_0.id,
        rm1_0.building_id,
        rm1_0.building_name,
        rm1_0.created_on,
        rm1_0.floor_id,
        rm1_0.floor_name,
        rm1_0.handicap,
        rm1_0.non_room,
        rm1_0.room_name,
        rm1_0.room_short_name,
        rm1_0.room_status,
        rm1_0.room_status_id,
        rm1_0.room_status_table_id,
        rm1_0.room_type_id,
        rm1_0.room_type_name,
        rm1_0.smoking 
    from
        PMS_db.room_master rm1_0 
    order by
        rm1_0.id desc 
    fetch
        first ? rows only
2026-03-31 12:53:07 [http-nio-0.0.0.0-9090-exec-2] DEBUG org.hibernate.SQL - 
    select
        f1_0.floor_id,
        f1_0.created_on,
        f1_0.description,
        f1_0.floor_name,
        f1_0.no_of_rooms 
    from
        PMS_db.floor f1_0 
    where
        f1_0.floor_id=?
2026-03-31 12:53:07 [http-nio-0.0.0.0-9090-exec-2] DEBUG org.hibernate.SQL - 
    select
        rt1_0.room_id,
        rt1_0.created_on,
        rt1_0.price,
        rt1_0.room_type_name,
        rt1_0.short_name 
    from
        PMS_db.room_type rt1_0 
    where
        rt1_0.room_id=?
2026-03-31 12:53:07 [http-nio-0.0.0.0-9090-exec-2] WARN  o.h.p.entity.AbstractEntityPersister - HHH000502: The [floor] property of the [com.pms.room.entity.RoomMaster] entity was modified, but it won't be updated because the property is immutable.
2026-03-31 12:53:07 [http-nio-0.0.0.0-9090-exec-2] WARN  o.h.p.entity.AbstractEntityPersister - HHH000502: The [roomType] property of the [com.pms.room.entity.RoomMaster] entity was modified, but it won't be updated because the property is immutable.
2026-03-31 12:53:07 [http-nio-0.0.0.0-9090-exec-2] DEBUG org.hibernate.SQL - 
    update
        PMS_db.room_master 
    set
        building_id=?,
        building_name=?,
        floor_id=?,
        floor_name=?,
        handicap=?,
        non_room=?,
        room_name=?,
        room_short_name=?,
        room_status=?,
        room_status_id=?,
        room_type_id=?,
        room_type_name=?,
        smoking=? 
    where
        id=?
2026-03-31 12:54:27 [http-nio-0.0.0.0-9090-exec-4] DEBUG org.hibernate.SQL - 
    select
        u1_0.id,
        u1_0.email,
        u1_0.enabled,
        u1_0.password,
        u1_0.username 
    from
        PMS_db.users u1_0 
    where
        u1_0.username=?
2026-03-31 12:54:27 [http-nio-0.0.0.0-9090-exec-4] DEBUG org.hibernate.SQL - 
    select
        r1_0.user_id,
        r1_1.id,
        r1_1.name 
    from
        PMS_db.user_roles r1_0 
    join
        PMS_db.roles r1_1 
            on r1_1.id=r1_0.role_id 
    where
        r1_0.user_id=?
2026-03-31 12:54:27 [http-nio-0.0.0.0-9090-exec-4] DEBUG org.hibernate.SQL - 
    select
        u1_0.id,
        u1_0.email,
        u1_0.enabled,
        u1_0.password,
        u1_0.username 
    from
        PMS_db.users u1_0 
    where
        u1_0.username=?
2026-03-31 12:54:27 [http-nio-0.0.0.0-9090-exec-4] DEBUG org.hibernate.SQL - 
    select
        r1_0.user_id,
        r1_1.id,
        r1_1.name 
    from
        PMS_db.user_roles r1_0 
    join
        PMS_db.roles r1_1 
            on r1_1.id=r1_0.role_id 
    where
        r1_0.user_id=?
2026-03-31 12:54:27 [http-nio-0.0.0.0-9090-exec-4] DEBUG org.hibernate.SQL - 
    insert 
    into
        PMS_db.room_master
        (building_id, building_name, created_on, floor_id, floor_name, handicap, non_room, room_name, room_short_name, room_status, room_status_id, room_type_id, room_type_name, smoking, id) 
    values
        (?, ?, ?, ?, ?, ?, ?, ?, ?, ?, ?, ?, ?, ?, ?)
2026-03-31 12:54:27 [http-nio-0.0.0.0-9090-exec-4] DEBUG org.hibernate.SQL - 
    select
        rm1_0.id,
        rm1_0.building_id,
        rm1_0.building_name,
        rm1_0.created_on,
        rm1_0.floor_id,
        rm1_0.floor_name,
        rm1_0.handicap,
        rm1_0.non_room,
        rm1_0.room_name,
        rm1_0.room_short_name,
        rm1_0.room_status,
        rm1_0.room_status_id,
        rm1_0.room_status_table_id,
        rm1_0.room_type_id,
        rm1_0.room_type_name,
        rm1_0.smoking 
    from
        PMS_db.room_master rm1_0 
    order by
        rm1_0.id desc 
    fetch
        first ? rows only
2026-03-31 12:54:27 [http-nio-0.0.0.0-9090-exec-4] DEBUG org.hibernate.SQL - 
    select
        f1_0.floor_id,
        f1_0.created_on,
        f1_0.description,
        f1_0.floor_name,
        f1_0.no_of_rooms 
    from
        PMS_db.floor f1_0 
    where
        f1_0.floor_id=?
2026-03-31 12:54:27 [http-nio-0.0.0.0-9090-exec-4] DEBUG org.hibernate.SQL - 
    select
        rt1_0.room_id,
        rt1_0.created_on,
        rt1_0.price,
        rt1_0.room_type_name,
        rt1_0.short_name 
    from
        PMS_db.room_type rt1_0 
    where
        rt1_0.room_id=?
2026-03-31 12:54:27 [http-nio-0.0.0.0-9090-exec-4] WARN  o.h.p.entity.AbstractEntityPersister - HHH000502: The [floor] property of the [com.pms.room.entity.RoomMaster] entity was modified, but it won't be updated because the property is immutable.
2026-03-31 12:54:27 [http-nio-0.0.0.0-9090-exec-4] WARN  o.h.p.entity.AbstractEntityPersister - HHH000502: The [roomType] property of the [com.pms.room.entity.RoomMaster] entity was modified, but it won't be updated because the property is immutable.
2026-03-31 12:54:27 [http-nio-0.0.0.0-9090-exec-4] DEBUG org.hibernate.SQL - 
    update
        PMS_db.room_master 
    set
        building_id=?,
        building_name=?,
        floor_id=?,
        floor_name=?,
        handicap=?,
        non_room=?,
        room_name=?,
        room_short_name=?,
        room_status=?,
        room_status_id=?,
        room_type_id=?,
        room_type_name=?,
        smoking=? 
    where
        id=?
2026-03-31 12:55:03 [http-nio-0.0.0.0-9090-exec-5] DEBUG org.hibernate.SQL - 
    select
        u1_0.id,
        u1_0.email,
        u1_0.enabled,
        u1_0.password,
        u1_0.username 
    from
        PMS_db.users u1_0 
    where
        u1_0.username=?
2026-03-31 12:55:03 [http-nio-0.0.0.0-9090-exec-5] DEBUG org.hibernate.SQL - 
    select
        r1_0.user_id,
        r1_1.id,
        r1_1.name 
    from
        PMS_db.user_roles r1_0 
    join
        PMS_db.roles r1_1 
            on r1_1.id=r1_0.role_id 
    where
        r1_0.user_id=?
2026-03-31 12:55:03 [http-nio-0.0.0.0-9090-exec-5] DEBUG org.hibernate.SQL - 
    select
        u1_0.id,
        u1_0.email,
        u1_0.enabled,
        u1_0.password,
        u1_0.username 
    from
        PMS_db.users u1_0 
    where
        u1_0.username=?
2026-03-31 12:55:03 [http-nio-0.0.0.0-9090-exec-5] DEBUG org.hibernate.SQL - 
    select
        r1_0.user_id,
        r1_1.id,
        r1_1.name 
    from
        PMS_db.user_roles r1_0 
    join
        PMS_db.roles r1_1 
            on r1_1.id=r1_0.role_id 
    where
        r1_0.user_id=?
2026-03-31 12:55:03 [http-nio-0.0.0.0-9090-exec-5] DEBUG org.hibernate.SQL - 
    select
        rm1_0.id,
        b1_0.building_id,
        b1_0.created_on,
        b1_0.description,
        b1_0.building_name,
        rm1_0.building_id,
        rm1_0.building_name,
        rm1_0.created_on,
        f1_0.floor_id,
        f1_0.created_on,
        f1_0.description,
        f1_0.floor_name,
        f1_0.no_of_rooms,
        rm1_0.floor_id,
        rm1_0.floor_name,
        rm1_0.handicap,
        rm1_0.non_room,
        rm1_0.room_name,
        rm1_0.room_short_name,
        rm1_0.room_status,
        rm1_0.room_status_id,
        rst1_0.room_status_id,
        rst1_0.created_on,
        rst1_0.room_status_color,
        rst1_0.room_status_name,
        rst1_0.room_status_text_color,
        rst1_0.room_status_title,
        rt1_0.room_id,
        rt1_0.created_on,
        rt1_0.price,
        rt1_0.room_type_name,
        rt1_0.short_name,
        rm1_0.room_type_id,
        rm1_0.room_type_name,
        rm1_0.smoking 
    from
        PMS_db.room_master rm1_0 
    left join
        PMS_db.building b1_0 
            on b1_0.building_id=rm1_0.building_id 
    left join
        PMS_db.floor f1_0 
            on f1_0.floor_id=rm1_0.floor_id 
    left join
        PMS_db.room_status rst1_0 
            on rst1_0.room_status_id=rm1_0.room_status_table_id 
    left join
        PMS_db.room_type rt1_0 
            on rt1_0.room_id=rm1_0.room_type_id 
    where
        rm1_0.id=?
2026-03-31 12:55:25 [http-nio-0.0.0.0-9090-exec-6] DEBUG org.hibernate.SQL - 
    select
        u1_0.id,
        u1_0.email,
        u1_0.enabled,
        u1_0.password,
        u1_0.username 
    from
        PMS_db.users u1_0 
    where
        u1_0.username=?
2026-03-31 12:55:25 [http-nio-0.0.0.0-9090-exec-6] DEBUG org.hibernate.SQL - 
    select
        r1_0.user_id,
        r1_1.id,
        r1_1.name 
    from
        PMS_db.user_roles r1_0 
    join
        PMS_db.roles r1_1 
            on r1_1.id=r1_0.role_id 
    where
        r1_0.user_id=?
2026-03-31 12:55:25 [http-nio-0.0.0.0-9090-exec-6] DEBUG org.hibernate.SQL - 
    select
        u1_0.id,
        u1_0.email,
        u1_0.enabled,
        u1_0.password,
        u1_0.username 
    from
        PMS_db.users u1_0 
    where
        u1_0.username=?
2026-03-31 12:55:25 [http-nio-0.0.0.0-9090-exec-6] DEBUG org.hibernate.SQL - 
    select
        r1_0.user_id,
        r1_1.id,
        r1_1.name 
    from
        PMS_db.user_roles r1_0 
    join
        PMS_db.roles r1_1 
            on r1_1.id=r1_0.role_id 
    where
        r1_0.user_id=?
2026-03-31 12:55:25 [http-nio-0.0.0.0-9090-exec-6] DEBUG org.hibernate.SQL - 
    select
        rm1_0.id,
        rm1_0.building_id,
        rm1_0.building_name,
        rm1_0.created_on,
        rm1_0.floor_id,
        rm1_0.floor_name,
        rm1_0.handicap,
        rm1_0.non_room,
        rm1_0.room_name,
        rm1_0.room_short_name,
        rm1_0.room_status,
        rm1_0.room_status_id,
        rm1_0.room_status_table_id,
        rm1_0.room_type_id,
        rm1_0.room_type_name,
        rm1_0.smoking 
    from
        PMS_db.room_master rm1_0 
    order by
        rm1_0.id 
    offset
        ? rows 
    fetch
        first ? rows only
2026-03-31 12:55:25 [http-nio-0.0.0.0-9090-exec-6] DEBUG org.hibernate.SQL - 
    select
        b1_0.building_id,
        b1_0.created_on,
        b1_0.description,
        b1_0.building_name 
    from
        PMS_db.building b1_0 
    where
        b1_0.building_id=?
2026-03-31 12:55:25 [http-nio-0.0.0.0-9090-exec-6] DEBUG org.hibernate.SQL - 
    select
        f1_0.floor_id,
        f1_0.created_on,
        f1_0.description,
        f1_0.floor_name,
        f1_0.no_of_rooms 
    from
        PMS_db.floor f1_0 
    where
        f1_0.floor_id=?
2026-03-31 12:55:25 [http-nio-0.0.0.0-9090-exec-6] DEBUG org.hibernate.SQL - 
    select
        rs1_0.room_status_id,
        rs1_0.created_on,
        rs1_0.room_status_color,
        rs1_0.room_status_name,
        rs1_0.room_status_text_color,
        rs1_0.room_status_title 
    from
        PMS_db.room_status rs1_0 
    where
        rs1_0.room_status_id=?
2026-03-31 12:55:25 [http-nio-0.0.0.0-9090-exec-6] DEBUG org.hibernate.SQL - 
    select
        rt1_0.room_id,
        rt1_0.created_on,
        rt1_0.price,
        rt1_0.room_type_name,
        rt1_0.short_name 
    from
        PMS_db.room_type rt1_0 
    where
        rt1_0.room_id=?
2026-03-31 12:55:25 [http-nio-0.0.0.0-9090-exec-6] DEBUG org.hibernate.SQL - 
    select
        rt1_0.room_id,
        rt1_0.created_on,
        rt1_0.price,
        rt1_0.room_type_name,
        rt1_0.short_name 
    from
        PMS_db.room_type rt1_0 
    where
        rt1_0.room_id=?
2026-03-31 12:55:25 [http-nio-0.0.0.0-9090-exec-6] DEBUG org.hibernate.SQL - 
    select
        rs1_0.room_status_id,
        rs1_0.created_on,
        rs1_0.room_status_color,
        rs1_0.room_status_name,
        rs1_0.room_status_text_color,
        rs1_0.room_status_title 
    from
        PMS_db.room_status rs1_0 
    where
        rs1_0.room_status_id=?
2026-03-31 12:55:25 [http-nio-0.0.0.0-9090-exec-6] DEBUG org.hibernate.SQL - 
    select
        rt1_0.room_id,
        rt1_0.created_on,
        rt1_0.price,
        rt1_0.room_type_name,
        rt1_0.short_name 
    from
        PMS_db.room_type rt1_0 
    where
        rt1_0.room_id=?
2026-03-31 12:55:25 [http-nio-0.0.0.0-9090-exec-6] DEBUG org.hibernate.SQL - 
    select
        f1_0.floor_id,
        f1_0.created_on,
        f1_0.description,
        f1_0.floor_name,
        f1_0.no_of_rooms 
    from
        PMS_db.floor f1_0 
    where
        f1_0.floor_id=?
2026-03-31 12:55:25 [http-nio-0.0.0.0-9090-exec-6] DEBUG org.hibernate.SQL - 
    select
        rt1_0.room_id,
        rt1_0.created_on,
        rt1_0.price,
        rt1_0.room_type_name,
        rt1_0.short_name 
    from
        PMS_db.room_type rt1_0 
    where
        rt1_0.room_id=?
2026-03-31 12:57:02 [File Watcher] INFO  o.s.b.d.a.LocalDevToolsAutoConfiguration$RestartingClassPathChangeChangedEventListener - Restarting due to 1 class path change (0 additions, 0 deletions, 1 modification)
2026-03-31 12:57:02 [Thread-5] INFO  o.s.o.j.LocalContainerEntityManagerFactoryBean - Closing JPA EntityManagerFactory for persistence unit 'default'
2026-03-31 12:57:02 [Thread-5] INFO  com.zaxxer.hikari.HikariDataSource - HikariPool-1 - Shutdown initiated...
2026-03-31 12:57:02 [Thread-5] INFO  com.zaxxer.hikari.HikariDataSource - HikariPool-1 - Shutdown completed.
2026-03-31 12:57:02 [restartedMain] INFO  com.pms.Application - Main Entry Point Class
2026-03-31 12:57:02 [restartedMain] INFO  com.pms.Application - Starting Application using Java 17.0.12 with PID 13400 (C:\Users\ADMIN\git\pms-project\PMS\target\classes started by ADMIN in C:\Users\ADMIN\git\pms-project\PMS)
2026-03-31 12:57:02 [restartedMain] DEBUG com.pms.Application - Running with Spring Boot v3.2.5, Spring v6.1.6
2026-03-31 12:57:02 [restartedMain] INFO  com.pms.Application - No active profile set, falling back to 1 default profile: "default"
2026-03-31 12:57:02 [restartedMain] INFO  o.s.d.r.c.RepositoryConfigurationDelegate - Bootstrapping Spring Data JPA repositories in DEFAULT mode.
2026-03-31 12:57:02 [restartedMain] INFO  o.s.d.r.c.RepositoryConfigurationDelegate - Finished Spring Data repository scanning in 43 ms. Found 17 JPA repository interfaces.
2026-03-31 12:57:02 [restartedMain] INFO  o.s.b.w.e.tomcat.TomcatWebServer - Tomcat initialized with port 9090 (http)
2026-03-31 12:57:02 [restartedMain] INFO  o.a.catalina.core.StandardService - Starting service [Tomcat]
2026-03-31 12:57:02 [restartedMain] INFO  o.a.catalina.core.StandardEngine - Starting Servlet engine: [Apache Tomcat/10.1.20]
2026-03-31 12:57:02 [restartedMain] INFO  o.a.c.c.C.[Tomcat].[localhost].[/] - Initializing Spring embedded WebApplicationContext
2026-03-31 12:57:02 [restartedMain] INFO  o.s.b.w.s.c.ServletWebServerApplicationContext - Root WebApplicationContext: initialization completed in 334 ms
2026-03-31 12:57:02 [restartedMain] INFO  o.h.jpa.internal.util.LogHelper - HHH000204: Processing PersistenceUnitInfo [name: default]
2026-03-31 12:57:02 [restartedMain] INFO  o.h.c.i.RegionFactoryInitiator - HHH000026: Second-level cache disabled
2026-03-31 12:57:02 [restartedMain] INFO  o.s.o.j.p.SpringPersistenceUnitInfo - No LoadTimeWeaver setup: ignoring JPA class transformer
2026-03-31 12:57:02 [restartedMain] INFO  com.zaxxer.hikari.HikariDataSource - HikariPool-2 - Starting...
2026-03-31 12:57:02 [restartedMain] INFO  com.zaxxer.hikari.pool.HikariPool - HikariPool-2 - Added connection org.postgresql.jdbc.PgConnection@18347600
2026-03-31 12:57:02 [restartedMain] INFO  com.zaxxer.hikari.HikariDataSource - HikariPool-2 - Start completed.
2026-03-31 12:57:02 [restartedMain] WARN  org.hibernate.orm.deprecation - HHH90000025: PostgreSQLDialect does not need to be specified explicitly using 'hibernate.dialect' (remove the property setting and it will be selected by default)
2026-03-31 12:57:02 [restartedMain] INFO  o.h.e.t.j.p.i.JtaPlatformInitiator - HHH000489: No JTA platform available (set 'hibernate.transaction.jta.platform' to enable JTA platform integration)
2026-03-31 12:57:02 [restartedMain] INFO  o.s.o.j.LocalContainerEntityManagerFactoryBean - Initialized JPA EntityManagerFactory for persistence unit 'default'
2026-03-31 12:57:03 [restartedMain] WARN  o.s.b.a.o.j.JpaBaseConfiguration$JpaWebConfiguration - spring.jpa.open-in-view is enabled by default. Therefore, database queries may be performed during view rendering. Explicitly configure spring.jpa.open-in-view to disable this warning
2026-03-31 12:57:03 [restartedMain] INFO  o.s.s.web.DefaultSecurityFilterChain - Will secure any request with [org.springframework.security.web.session.DisableEncodeUrlFilter@724b63bb, org.springframework.security.web.context.request.async.WebAsyncManagerIntegrationFilter@1c8b9f10, org.springframework.security.web.context.SecurityContextHolderFilter@60dabfbe, org.springframework.security.web.header.HeaderWriterFilter@41d47a75, org.springframework.web.filter.CorsFilter@55fdf8c6, org.springframework.security.web.authentication.logout.LogoutFilter@6e2ce30b, com.pms.security.util.filter.JwtAuthFilter@177b2a4a, org.springframework.security.web.savedrequest.RequestCacheAwareFilter@2d5e9c1c, org.springframework.security.web.servletapi.SecurityContextHolderAwareRequestFilter@39db5211, org.springframework.security.web.authentication.AnonymousAuthenticationFilter@19dc5447, org.springframework.security.web.access.ExceptionTranslationFilter@2146bafc, org.springframework.security.web.access.intercept.AuthorizationFilter@7bf6e375]
2026-03-31 12:57:03 [restartedMain] INFO  o.s.b.d.a.OptionalLiveReloadServer - LiveReload server is running on port 35729
2026-03-31 12:57:03 [restartedMain] INFO  o.s.b.w.e.tomcat.TomcatWebServer - Tomcat started on port 9090 (http) with context path ''
2026-03-31 12:57:03 [restartedMain] INFO  com.pms.Application - Started Application in 1.102 seconds (process running for 307.482)
2026-03-31 12:57:03 [restartedMain] INFO  o.s.b.d.a.ConditionEvaluationDeltaLoggingListener - Condition evaluation unchanged
2026-03-31 12:57:15 [File Watcher] INFO  o.s.b.d.a.LocalDevToolsAutoConfiguration$RestartingClassPathChangeChangedEventListener - Restarting due to 1 class path change (0 additions, 0 deletions, 1 modification)
2026-03-31 12:57:15 [Thread-7] INFO  o.s.o.j.LocalContainerEntityManagerFactoryBean - Closing JPA EntityManagerFactory for persistence unit 'default'
2026-03-31 12:57:15 [Thread-7] INFO  com.zaxxer.hikari.HikariDataSource - HikariPool-2 - Shutdown initiated...
2026-03-31 12:57:15 [Thread-7] INFO  com.zaxxer.hikari.HikariDataSource - HikariPool-2 - Shutdown completed.
2026-03-31 12:57:15 [restartedMain] INFO  com.pms.Application - Main Entry Point Class
2026-03-31 12:57:15 [restartedMain] INFO  com.pms.Application - Starting Application using Java 17.0.12 with PID 13400 (C:\Users\ADMIN\git\pms-project\PMS\target\classes started by ADMIN in C:\Users\ADMIN\git\pms-project\PMS)
2026-03-31 12:57:15 [restartedMain] DEBUG com.pms.Application - Running with Spring Boot v3.2.5, Spring v6.1.6
2026-03-31 12:57:15 [restartedMain] INFO  com.pms.Application - No active profile set, falling back to 1 default profile: "default"
2026-03-31 12:57:15 [restartedMain] INFO  o.s.d.r.c.RepositoryConfigurationDelegate - Bootstrapping Spring Data JPA repositories in DEFAULT mode.
2026-03-31 12:57:15 [restartedMain] INFO  o.s.d.r.c.RepositoryConfigurationDelegate - Finished Spring Data repository scanning in 49 ms. Found 17 JPA repository interfaces.
2026-03-31 12:57:15 [restartedMain] INFO  o.s.b.w.e.tomcat.TomcatWebServer - Tomcat initialized with port 9090 (http)
2026-03-31 12:57:15 [restartedMain] INFO  o.a.catalina.core.StandardService - Starting service [Tomcat]
2026-03-31 12:57:15 [restartedMain] INFO  o.a.catalina.core.StandardEngine - Starting Servlet engine: [Apache Tomcat/10.1.20]
2026-03-31 12:57:15 [restartedMain] INFO  o.a.c.c.C.[Tomcat].[localhost].[/] - Initializing Spring embedded WebApplicationContext
2026-03-31 12:57:15 [restartedMain] INFO  o.s.b.w.s.c.ServletWebServerApplicationContext - Root WebApplicationContext: initialization completed in 348 ms
2026-03-31 12:57:15 [restartedMain] INFO  o.h.jpa.internal.util.LogHelper - HHH000204: Processing PersistenceUnitInfo [name: default]
2026-03-31 12:57:15 [restartedMain] INFO  o.h.c.i.RegionFactoryInitiator - HHH000026: Second-level cache disabled
2026-03-31 12:57:15 [restartedMain] INFO  o.s.o.j.p.SpringPersistenceUnitInfo - No LoadTimeWeaver setup: ignoring JPA class transformer
2026-03-31 12:57:15 [restartedMain] INFO  com.zaxxer.hikari.HikariDataSource - HikariPool-3 - Starting...
2026-03-31 12:57:15 [restartedMain] INFO  com.zaxxer.hikari.pool.HikariPool - HikariPool-3 - Added connection org.postgresql.jdbc.PgConnection@29b7e878
2026-03-31 12:57:15 [restartedMain] INFO  com.zaxxer.hikari.HikariDataSource - HikariPool-3 - Start completed.
2026-03-31 12:57:15 [restartedMain] WARN  org.hibernate.orm.deprecation - HHH90000025: PostgreSQLDialect does not need to be specified explicitly using 'hibernate.dialect' (remove the property setting and it will be selected by default)
2026-03-31 12:57:15 [restartedMain] INFO  o.h.e.t.j.p.i.JtaPlatformInitiator - HHH000489: No JTA platform available (set 'hibernate.transaction.jta.platform' to enable JTA platform integration)
2026-03-31 12:57:16 [restartedMain] INFO  o.s.o.j.LocalContainerEntityManagerFactoryBean - Initialized JPA EntityManagerFactory for persistence unit 'default'
2026-03-31 12:57:16 [restartedMain] WARN  o.s.b.a.o.j.JpaBaseConfiguration$JpaWebConfiguration - spring.jpa.open-in-view is enabled by default. Therefore, database queries may be performed during view rendering. Explicitly configure spring.jpa.open-in-view to disable this warning
2026-03-31 12:57:16 [restartedMain] INFO  o.s.s.web.DefaultSecurityFilterChain - Will secure any request with [org.springframework.security.web.session.DisableEncodeUrlFilter@18c3d7de, org.springframework.security.web.context.request.async.WebAsyncManagerIntegrationFilter@83ba4c8, org.springframework.security.web.context.SecurityContextHolderFilter@23b6575f, org.springframework.security.web.header.HeaderWriterFilter@14caa34e, org.springframework.web.filter.CorsFilter@48fdc7a3, org.springframework.security.web.authentication.logout.LogoutFilter@752cb886, com.pms.security.util.filter.JwtAuthFilter@202a32c2, org.springframework.security.web.savedrequest.RequestCacheAwareFilter@75aa3013, org.springframework.security.web.servletapi.SecurityContextHolderAwareRequestFilter@252010d9, org.springframework.security.web.authentication.AnonymousAuthenticationFilter@362752a9, org.springframework.security.web.access.ExceptionTranslationFilter@13a2c0b, org.springframework.security.web.access.intercept.AuthorizationFilter@742140bd]
2026-03-31 12:57:16 [restartedMain] INFO  o.s.b.d.a.OptionalLiveReloadServer - LiveReload server is running on port 35729
2026-03-31 12:57:16 [restartedMain] INFO  o.s.b.w.e.tomcat.TomcatWebServer - Tomcat started on port 9090 (http) with context path ''
2026-03-31 12:57:16 [restartedMain] INFO  com.pms.Application - Started Application in 1.113 seconds (process running for 320.531)
2026-03-31 12:57:16 [restartedMain] INFO  o.s.b.d.a.ConditionEvaluationDeltaLoggingListener - Condition evaluation unchanged
2026-03-31 12:57:32 [File Watcher] INFO  o.s.b.d.a.LocalDevToolsAutoConfiguration$RestartingClassPathChangeChangedEventListener - Restarting due to 1 class path change (0 additions, 0 deletions, 1 modification)
2026-03-31 12:57:32 [Thread-11] INFO  o.s.o.j.LocalContainerEntityManagerFactoryBean - Closing JPA EntityManagerFactory for persistence unit 'default'
2026-03-31 12:57:32 [Thread-11] INFO  com.zaxxer.hikari.HikariDataSource - HikariPool-3 - Shutdown initiated...
2026-03-31 12:57:32 [Thread-11] INFO  com.zaxxer.hikari.HikariDataSource - HikariPool-3 - Shutdown completed.
2026-03-31 12:57:32 [restartedMain] INFO  com.pms.Application - Main Entry Point Class
2026-03-31 12:57:32 [restartedMain] INFO  com.pms.Application - Starting Application using Java 17.0.12 with PID 13400 (C:\Users\ADMIN\git\pms-project\PMS\target\classes started by ADMIN in C:\Users\ADMIN\git\pms-project\PMS)
2026-03-31 12:57:32 [restartedMain] DEBUG com.pms.Application - Running with Spring Boot v3.2.5, Spring v6.1.6
2026-03-31 12:57:32 [restartedMain] INFO  com.pms.Application - No active profile set, falling back to 1 default profile: "default"
2026-03-31 12:57:32 [restartedMain] INFO  o.s.d.r.c.RepositoryConfigurationDelegate - Bootstrapping Spring Data JPA repositories in DEFAULT mode.
2026-03-31 12:57:32 [restartedMain] INFO  o.s.d.r.c.RepositoryConfigurationDelegate - Finished Spring Data repository scanning in 45 ms. Found 17 JPA repository interfaces.
2026-03-31 12:57:32 [restartedMain] INFO  o.s.b.w.e.tomcat.TomcatWebServer - Tomcat initialized with port 9090 (http)
2026-03-31 12:57:32 [restartedMain] INFO  o.a.catalina.core.StandardService - Starting service [Tomcat]
2026-03-31 12:57:32 [restartedMain] INFO  o.a.catalina.core.StandardEngine - Starting Servlet engine: [Apache Tomcat/10.1.20]
2026-03-31 12:57:32 [restartedMain] INFO  o.a.c.c.C.[Tomcat].[localhost].[/] - Initializing Spring embedded WebApplicationContext
2026-03-31 12:57:32 [restartedMain] INFO  o.s.b.w.s.c.ServletWebServerApplicationContext - Root WebApplicationContext: initialization completed in 322 ms
2026-03-31 12:57:32 [restartedMain] INFO  o.h.jpa.internal.util.LogHelper - HHH000204: Processing PersistenceUnitInfo [name: default]
2026-03-31 12:57:32 [restartedMain] INFO  o.h.c.i.RegionFactoryInitiator - HHH000026: Second-level cache disabled
2026-03-31 12:57:32 [restartedMain] INFO  o.s.o.j.p.SpringPersistenceUnitInfo - No LoadTimeWeaver setup: ignoring JPA class transformer
2026-03-31 12:57:32 [restartedMain] INFO  com.zaxxer.hikari.HikariDataSource - HikariPool-4 - Starting...
2026-03-31 12:57:32 [restartedMain] INFO  com.zaxxer.hikari.pool.HikariPool - HikariPool-4 - Added connection org.postgresql.jdbc.PgConnection@4e5366a7
2026-03-31 12:57:32 [restartedMain] INFO  com.zaxxer.hikari.HikariDataSource - HikariPool-4 - Start completed.
2026-03-31 12:57:32 [restartedMain] WARN  org.hibernate.orm.deprecation - HHH90000025: PostgreSQLDialect does not need to be specified explicitly using 'hibernate.dialect' (remove the property setting and it will be selected by default)
2026-03-31 12:57:33 [restartedMain] INFO  o.h.e.t.j.p.i.JtaPlatformInitiator - HHH000489: No JTA platform available (set 'hibernate.transaction.jta.platform' to enable JTA platform integration)
2026-03-31 12:57:33 [restartedMain] INFO  o.s.o.j.LocalContainerEntityManagerFactoryBean - Initialized JPA EntityManagerFactory for persistence unit 'default'
2026-03-31 12:57:33 [restartedMain] WARN  o.s.b.a.o.j.JpaBaseConfiguration$JpaWebConfiguration - spring.jpa.open-in-view is enabled by default. Therefore, database queries may be performed during view rendering. Explicitly configure spring.jpa.open-in-view to disable this warning
2026-03-31 12:57:33 [restartedMain] INFO  o.s.s.web.DefaultSecurityFilterChain - Will secure any request with [org.springframework.security.web.session.DisableEncodeUrlFilter@6563db19, org.springframework.security.web.context.request.async.WebAsyncManagerIntegrationFilter@2f64be17, org.springframework.security.web.context.SecurityContextHolderFilter@7be8c275, org.springframework.security.web.header.HeaderWriterFilter@44ff1801, org.springframework.web.filter.CorsFilter@3eeea4c9, org.springframework.security.web.authentication.logout.LogoutFilter@6698496, com.pms.security.util.filter.JwtAuthFilter@48f77cac, org.springframework.security.web.savedrequest.RequestCacheAwareFilter@19bbf5c8, org.springframework.security.web.servletapi.SecurityContextHolderAwareRequestFilter@7ac2d08, org.springframework.security.web.authentication.AnonymousAuthenticationFilter@5cbeb4f5, org.springframework.security.web.access.ExceptionTranslationFilter@79dceab5, org.springframework.security.web.access.intercept.AuthorizationFilter@26988544]
2026-03-31 12:57:33 [restartedMain] INFO  o.s.b.d.a.OptionalLiveReloadServer - LiveReload server is running on port 35729
2026-03-31 12:57:33 [restartedMain] INFO  o.s.b.w.e.tomcat.TomcatWebServer - Tomcat started on port 9090 (http) with context path ''
2026-03-31 12:57:33 [restartedMain] INFO  com.pms.Application - Started Application in 1.049 seconds (process running for 337.659)
2026-03-31 12:57:33 [restartedMain] INFO  o.s.b.d.a.ConditionEvaluationDeltaLoggingListener - Condition evaluation unchanged
2026-03-31 12:57:48 [restartedMain] INFO  com.pms.Application - Starting Application using Java 17.0.12 with PID 17052 (C:\Users\ADMIN\git\pms-project\PMS\target\classes started by ADMIN in C:\Users\ADMIN\git\pms-project\PMS)
2026-03-31 12:57:48 [restartedMain] DEBUG com.pms.Application - Running with Spring Boot v3.2.5, Spring v6.1.6
2026-03-31 12:57:48 [restartedMain] INFO  com.pms.Application - No active profile set, falling back to 1 default profile: "default"
2026-03-31 12:57:48 [restartedMain] INFO  o.s.b.d.e.DevToolsPropertyDefaultsPostProcessor - Devtools property defaults active! Set 'spring.devtools.add-properties' to 'false' to disable
2026-03-31 12:57:48 [restartedMain] INFO  o.s.b.d.e.DevToolsPropertyDefaultsPostProcessor - For additional web related logging consider setting the 'logging.level.web' property to 'DEBUG'
2026-03-31 12:57:48 [restartedMain] INFO  o.s.d.r.c.RepositoryConfigurationDelegate - Bootstrapping Spring Data JPA repositories in DEFAULT mode.
2026-03-31 12:57:48 [restartedMain] INFO  o.s.d.r.c.RepositoryConfigurationDelegate - Finished Spring Data repository scanning in 81 ms. Found 17 JPA repository interfaces.
2026-03-31 12:57:49 [restartedMain] INFO  o.s.b.w.e.tomcat.TomcatWebServer - Tomcat initialized with port 9090 (http)
2026-03-31 12:57:49 [restartedMain] INFO  o.a.catalina.core.StandardService - Starting service [Tomcat]
2026-03-31 12:57:49 [restartedMain] INFO  o.a.catalina.core.StandardEngine - Starting Servlet engine: [Apache Tomcat/10.1.20]
2026-03-31 12:57:49 [restartedMain] INFO  o.a.c.c.C.[Tomcat].[localhost].[/] - Initializing Spring embedded WebApplicationContext
2026-03-31 12:57:49 [restartedMain] INFO  o.s.b.w.s.c.ServletWebServerApplicationContext - Root WebApplicationContext: initialization completed in 1139 ms
2026-03-31 12:57:49 [restartedMain] INFO  o.h.jpa.internal.util.LogHelper - HHH000204: Processing PersistenceUnitInfo [name: default]
2026-03-31 12:57:49 [restartedMain] INFO  org.hibernate.Version - HHH000412: Hibernate ORM core version 6.4.4.Final
2026-03-31 12:57:49 [restartedMain] INFO  o.h.c.i.RegionFactoryInitiator - HHH000026: Second-level cache disabled
2026-03-31 12:57:49 [restartedMain] INFO  o.s.o.j.p.SpringPersistenceUnitInfo - No LoadTimeWeaver setup: ignoring JPA class transformer
2026-03-31 12:57:49 [restartedMain] INFO  com.zaxxer.hikari.HikariDataSource - HikariPool-1 - Starting...
2026-03-31 12:57:49 [restartedMain] INFO  com.zaxxer.hikari.pool.HikariPool - HikariPool-1 - Added connection org.postgresql.jdbc.PgConnection@1caae9c5
2026-03-31 12:57:49 [restartedMain] INFO  com.zaxxer.hikari.HikariDataSource - HikariPool-1 - Start completed.
2026-03-31 12:57:49 [restartedMain] WARN  org.hibernate.orm.deprecation - HHH90000025: PostgreSQLDialect does not need to be specified explicitly using 'hibernate.dialect' (remove the property setting and it will be selected by default)
2026-03-31 12:57:50 [restartedMain] INFO  o.h.e.t.j.p.i.JtaPlatformInitiator - HHH000489: No JTA platform available (set 'hibernate.transaction.jta.platform' to enable JTA platform integration)
2026-03-31 12:57:50 [restartedMain] INFO  o.s.o.j.LocalContainerEntityManagerFactoryBean - Initialized JPA EntityManagerFactory for persistence unit 'default'
2026-03-31 12:57:51 [restartedMain] WARN  o.s.b.a.o.j.JpaBaseConfiguration$JpaWebConfiguration - spring.jpa.open-in-view is enabled by default. Therefore, database queries may be performed during view rendering. Explicitly configure spring.jpa.open-in-view to disable this warning
2026-03-31 12:57:51 [restartedMain] INFO  o.s.s.web.DefaultSecurityFilterChain - Will secure any request with [org.springframework.security.web.session.DisableEncodeUrlFilter@299c4cf8, org.springframework.security.web.context.request.async.WebAsyncManagerIntegrationFilter@7d4bd74, org.springframework.security.web.context.SecurityContextHolderFilter@1ee33c5d, org.springframework.security.web.header.HeaderWriterFilter@1076502b, org.springframework.web.filter.CorsFilter@554b4011, org.springframework.security.web.authentication.logout.LogoutFilter@566b5950, com.pms.security.util.filter.JwtAuthFilter@49d1c2eb, org.springframework.security.web.savedrequest.RequestCacheAwareFilter@1c040918, org.springframework.security.web.servletapi.SecurityContextHolderAwareRequestFilter@384d39ea, org.springframework.security.web.authentication.AnonymousAuthenticationFilter@6344e9fa, org.springframework.security.web.access.ExceptionTranslationFilter@2dec4953, org.springframework.security.web.access.intercept.AuthorizationFilter@35337aad]
2026-03-31 12:57:51 [restartedMain] WARN  o.s.b.d.a.OptionalLiveReloadServer - Unable to start LiveReload server
2026-03-31 12:57:51 [restartedMain] WARN  o.s.b.w.s.c.AnnotationConfigServletWebServerApplicationContext - Exception encountered during context initialization - cancelling refresh attempt: org.springframework.context.ApplicationContextException: Failed to start bean 'webServerStartStop'
2026-03-31 12:57:51 [restartedMain] INFO  o.s.o.j.LocalContainerEntityManagerFactoryBean - Closing JPA EntityManagerFactory for persistence unit 'default'
2026-03-31 12:57:51 [restartedMain] INFO  com.zaxxer.hikari.HikariDataSource - HikariPool-1 - Shutdown initiated...
2026-03-31 12:57:51 [restartedMain] INFO  com.zaxxer.hikari.HikariDataSource - HikariPool-1 - Shutdown completed.
2026-03-31 12:57:51 [restartedMain] INFO  o.s.b.a.l.ConditionEvaluationReportLogger - 

Error starting ApplicationContext. To display the condition evaluation report re-run your application with 'debug' enabled.
2026-03-31 12:57:51 [restartedMain] ERROR o.s.b.d.LoggingFailureAnalysisReporter - 

***************************
APPLICATION FAILED TO START
***************************

Description:

Web server failed to start. Port 9090 was already in use.

Action:

Identify and stop the process that's listening on port 9090 or configure this application to listen on another port.

2026-03-31 12:58:05 [RMI TCP Connection(8)-127.0.0.1] INFO  o.s.b.a.SpringApplicationAdminMXBeanRegistrar$SpringApplicationAdmin - Application shutdown requested.
2026-03-31 12:58:05 [RMI TCP Connection(8)-127.0.0.1] INFO  o.s.o.j.LocalContainerEntityManagerFactoryBean - Closing JPA EntityManagerFactory for persistence unit 'default'
2026-03-31 12:58:05 [RMI TCP Connection(8)-127.0.0.1] INFO  com.zaxxer.hikari.HikariDataSource - HikariPool-4 - Shutdown initiated...
2026-03-31 12:58:05 [RMI TCP Connection(8)-127.0.0.1] INFO  com.zaxxer.hikari.HikariDataSource - HikariPool-4 - Shutdown completed.
2026-03-31 12:58:36 [restartedMain] INFO  com.pms.Application - Starting Application using Java 17.0.12 with PID 5596 (C:\Users\ADMIN\git\pms-project\PMS\target\classes started by ADMIN in C:\Users\ADMIN\git\pms-project\PMS)
2026-03-31 12:58:36 [restartedMain] DEBUG com.pms.Application - Running with Spring Boot v3.2.5, Spring v6.1.6
2026-03-31 12:58:36 [restartedMain] INFO  com.pms.Application - No active profile set, falling back to 1 default profile: "default"
2026-03-31 12:58:36 [restartedMain] INFO  o.s.b.d.e.DevToolsPropertyDefaultsPostProcessor - Devtools property defaults active! Set 'spring.devtools.add-properties' to 'false' to disable
2026-03-31 12:58:36 [restartedMain] INFO  o.s.b.d.e.DevToolsPropertyDefaultsPostProcessor - For additional web related logging consider setting the 'logging.level.web' property to 'DEBUG'
2026-03-31 12:58:36 [restartedMain] INFO  o.s.d.r.c.RepositoryConfigurationDelegate - Bootstrapping Spring Data JPA repositories in DEFAULT mode.
2026-03-31 12:58:36 [restartedMain] INFO  o.s.d.r.c.RepositoryConfigurationDelegate - Finished Spring Data repository scanning in 86 ms. Found 17 JPA repository interfaces.
2026-03-31 12:58:37 [restartedMain] INFO  o.s.b.w.e.tomcat.TomcatWebServer - Tomcat initialized with port 9090 (http)
2026-03-31 12:58:37 [restartedMain] INFO  o.a.catalina.core.StandardService - Starting service [Tomcat]
2026-03-31 12:58:37 [restartedMain] INFO  o.a.catalina.core.StandardEngine - Starting Servlet engine: [Apache Tomcat/10.1.20]
2026-03-31 12:58:37 [restartedMain] INFO  o.a.c.c.C.[Tomcat].[localhost].[/] - Initializing Spring embedded WebApplicationContext
2026-03-31 12:58:37 [restartedMain] INFO  o.s.b.w.s.c.ServletWebServerApplicationContext - Root WebApplicationContext: initialization completed in 1292 ms
2026-03-31 12:58:37 [restartedMain] INFO  o.h.jpa.internal.util.LogHelper - HHH000204: Processing PersistenceUnitInfo [name: default]
2026-03-31 12:58:37 [restartedMain] INFO  org.hibernate.Version - HHH000412: Hibernate ORM core version 6.4.4.Final
2026-03-31 12:58:37 [restartedMain] INFO  o.h.c.i.RegionFactoryInitiator - HHH000026: Second-level cache disabled
2026-03-31 12:58:37 [restartedMain] INFO  o.s.o.j.p.SpringPersistenceUnitInfo - No LoadTimeWeaver setup: ignoring JPA class transformer
2026-03-31 12:58:37 [restartedMain] INFO  com.zaxxer.hikari.HikariDataSource - HikariPool-1 - Starting...
2026-03-31 12:58:37 [restartedMain] INFO  com.zaxxer.hikari.pool.HikariPool - HikariPool-1 - Added connection org.postgresql.jdbc.PgConnection@665b7097
2026-03-31 12:58:37 [restartedMain] INFO  com.zaxxer.hikari.HikariDataSource - HikariPool-1 - Start completed.
2026-03-31 12:58:37 [restartedMain] WARN  org.hibernate.orm.deprecation - HHH90000025: PostgreSQLDialect does not need to be specified explicitly using 'hibernate.dialect' (remove the property setting and it will be selected by default)
2026-03-31 12:58:38 [restartedMain] INFO  o.h.e.t.j.p.i.JtaPlatformInitiator - HHH000489: No JTA platform available (set 'hibernate.transaction.jta.platform' to enable JTA platform integration)
2026-03-31 12:58:39 [restartedMain] INFO  o.s.o.j.LocalContainerEntityManagerFactoryBean - Initialized JPA EntityManagerFactory for persistence unit 'default'
2026-03-31 12:58:39 [restartedMain] WARN  o.s.b.a.o.j.JpaBaseConfiguration$JpaWebConfiguration - spring.jpa.open-in-view is enabled by default. Therefore, database queries may be performed during view rendering. Explicitly configure spring.jpa.open-in-view to disable this warning
2026-03-31 12:58:39 [restartedMain] INFO  o.s.s.web.DefaultSecurityFilterChain - Will secure any request with [org.springframework.security.web.session.DisableEncodeUrlFilter@5b0463fd, org.springframework.security.web.context.request.async.WebAsyncManagerIntegrationFilter@31fe8984, org.springframework.security.web.context.SecurityContextHolderFilter@2dec4953, org.springframework.security.web.header.HeaderWriterFilter@6855a1db, org.springframework.web.filter.CorsFilter@35337aad, org.springframework.security.web.authentication.logout.LogoutFilter@1908c17f, com.pms.security.util.filter.JwtAuthFilter@a1b942c, org.springframework.security.web.savedrequest.RequestCacheAwareFilter@1076502b, org.springframework.security.web.servletapi.SecurityContextHolderAwareRequestFilter@2af14c60, org.springframework.security.web.authentication.AnonymousAuthenticationFilter@1408d8bf, org.springframework.security.web.access.ExceptionTranslationFilter@233fc828, org.springframework.security.web.access.intercept.AuthorizationFilter@131f21f8]
2026-03-31 12:58:40 [restartedMain] INFO  o.s.b.d.a.OptionalLiveReloadServer - LiveReload server is running on port 35729
2026-03-31 12:58:40 [restartedMain] INFO  o.s.b.w.e.tomcat.TomcatWebServer - Tomcat started on port 9090 (http) with context path ''
2026-03-31 12:58:40 [restartedMain] INFO  com.pms.Application - Started Application in 4.278 seconds (process running for 4.816)
2026-03-31 12:59:02 [http-nio-0.0.0.0-9090-exec-1] INFO  o.a.c.c.C.[Tomcat].[localhost].[/] - Initializing Spring DispatcherServlet 'dispatcherServlet'
2026-03-31 12:59:02 [http-nio-0.0.0.0-9090-exec-1] INFO  o.s.web.servlet.DispatcherServlet - Initializing Servlet 'dispatcherServlet'
2026-03-31 12:59:02 [http-nio-0.0.0.0-9090-exec-1] INFO  o.s.web.servlet.DispatcherServlet - Completed initialization in 0 ms
2026-03-31 12:59:30 [http-nio-0.0.0.0-9090-exec-2] DEBUG org.hibernate.SQL - 
    select
        u1_0.id,
        u1_0.email,
        u1_0.enabled,
        u1_0.password,
        u1_0.username 
    from
        PMS_db.users u1_0 
    where
        u1_0.username=?
2026-03-31 12:59:30 [http-nio-0.0.0.0-9090-exec-2] DEBUG org.hibernate.SQL - 
    select
        r1_0.user_id,
        r1_1.id,
        r1_1.name 
    from
        PMS_db.user_roles r1_0 
    join
        PMS_db.roles r1_1 
            on r1_1.id=r1_0.role_id 
    where
        r1_0.user_id=?
2026-03-31 12:59:30 [http-nio-0.0.0.0-9090-exec-2] DEBUG org.hibernate.SQL - 
    select
        u1_0.id,
        u1_0.email,
        u1_0.enabled,
        u1_0.password,
        u1_0.username 
    from
        PMS_db.users u1_0 
    where
        u1_0.username=?
2026-03-31 12:59:30 [http-nio-0.0.0.0-9090-exec-2] DEBUG org.hibernate.SQL - 
    insert 
    into
        PMS_db.refresh_token
        (expiry_date, token, user_id) 
    values
        (?, ?, ?)
2026-03-31 12:59:59 [http-nio-0.0.0.0-9090-exec-3] DEBUG org.hibernate.SQL - 
    select
        u1_0.id,
        u1_0.email,
        u1_0.enabled,
        u1_0.password,
        u1_0.username 
    from
        PMS_db.users u1_0 
    where
        u1_0.username=?
2026-03-31 12:59:59 [http-nio-0.0.0.0-9090-exec-3] DEBUG org.hibernate.SQL - 
    select
        r1_0.user_id,
        r1_1.id,
        r1_1.name 
    from
        PMS_db.user_roles r1_0 
    join
        PMS_db.roles r1_1 
            on r1_1.id=r1_0.role_id 
    where
        r1_0.user_id=?
2026-03-31 12:59:59 [http-nio-0.0.0.0-9090-exec-3] DEBUG org.hibernate.SQL - 
    select
        u1_0.id,
        u1_0.email,
        u1_0.enabled,
        u1_0.password,
        u1_0.username 
    from
        PMS_db.users u1_0 
    where
        u1_0.username=?
2026-03-31 12:59:59 [http-nio-0.0.0.0-9090-exec-3] DEBUG org.hibernate.SQL - 
    select
        r1_0.user_id,
        r1_1.id,
        r1_1.name 
    from
        PMS_db.user_roles r1_0 
    join
        PMS_db.roles r1_1 
            on r1_1.id=r1_0.role_id 
    where
        r1_0.user_id=?
2026-03-31 12:59:59 [http-nio-0.0.0.0-9090-exec-3] DEBUG org.hibernate.SQL - 
    select
        nextval('PMS_db.room_master_seq')
2026-03-31 12:59:59 [http-nio-0.0.0.0-9090-exec-3] DEBUG org.hibernate.SQL - 
    insert 
    into
        PMS_db.room_master
        (building_id, building_name, created_on, floor_id, floor_name, handicap, non_room, room_name, room_short_name, room_status, room_status_id, room_type_id, room_type_name, smoking, id) 
    values
        (?, ?, ?, ?, ?, ?, ?, ?, ?, ?, ?, ?, ?, ?, ?)
2026-03-31 12:59:59 [http-nio-0.0.0.0-9090-exec-3] DEBUG org.hibernate.SQL - 
    select
        rm1_0.id,
        rm1_0.building_id,
        rm1_0.building_name,
        rm1_0.created_on,
        rm1_0.floor_id,
        rm1_0.floor_name,
        rm1_0.handicap,
        rm1_0.non_room,
        rm1_0.room_name,
        rm1_0.room_short_name,
        rm1_0.room_status,
        rm1_0.room_status_id,
        rm1_0.room_status_table_id,
        rm1_0.room_type_id,
        rm1_0.room_type_name,
        rm1_0.smoking 
    from
        PMS_db.room_master rm1_0 
    order by
        rm1_0.id desc 
    fetch
        first ? rows only
2026-03-31 12:59:59 [http-nio-0.0.0.0-9090-exec-3] DEBUG org.hibernate.SQL - 
    select
        f1_0.floor_id,
        f1_0.created_on,
        f1_0.description,
        f1_0.floor_name,
        f1_0.no_of_rooms 
    from
        PMS_db.floor f1_0 
    where
        f1_0.floor_id=?
2026-03-31 12:59:59 [http-nio-0.0.0.0-9090-exec-3] DEBUG org.hibernate.SQL - 
    select
        rt1_0.room_id,
        rt1_0.created_on,
        rt1_0.price,
        rt1_0.room_type_name,
        rt1_0.short_name 
    from
        PMS_db.room_type rt1_0 
    where
        rt1_0.room_id=?
2026-03-31 12:59:59 [http-nio-0.0.0.0-9090-exec-3] DEBUG org.hibernate.SQL - 
    select
        rs1_0.room_status_id,
        rs1_0.created_on,
        rs1_0.room_status_color,
        rs1_0.room_status_name,
        rs1_0.room_status_text_color,
        rs1_0.room_status_title 
    from
        PMS_db.room_status rs1_0 
    where
        rs1_0.room_status_id=?
2026-03-31 12:59:59 [http-nio-0.0.0.0-9090-exec-3] WARN  o.h.p.entity.AbstractEntityPersister - HHH000502: The [floor] property of the [com.pms.room.entity.RoomMaster] entity was modified, but it won't be updated because the property is immutable.
2026-03-31 12:59:59 [http-nio-0.0.0.0-9090-exec-3] WARN  o.h.p.entity.AbstractEntityPersister - HHH000502: The [roomStatusTable] property of the [com.pms.room.entity.RoomMaster] entity was modified, but it won't be updated because the property is immutable.
2026-03-31 12:59:59 [http-nio-0.0.0.0-9090-exec-3] WARN  o.h.p.entity.AbstractEntityPersister - HHH000502: The [roomType] property of the [com.pms.room.entity.RoomMaster] entity was modified, but it won't be updated because the property is immutable.
2026-03-31 12:59:59 [http-nio-0.0.0.0-9090-exec-3] DEBUG org.hibernate.SQL - 
    update
        PMS_db.room_master 
    set
        building_id=?,
        building_name=?,
        floor_id=?,
        floor_name=?,
        handicap=?,
        non_room=?,
        room_name=?,
        room_short_name=?,
        room_status=?,
        room_status_id=?,
        room_type_id=?,
        room_type_name=?,
        smoking=? 
    where
        id=?
2026-03-31 13:00:15 [http-nio-0.0.0.0-9090-exec-4] DEBUG org.hibernate.SQL - 
    select
        u1_0.id,
        u1_0.email,
        u1_0.enabled,
        u1_0.password,
        u1_0.username 
    from
        PMS_db.users u1_0 
    where
        u1_0.username=?
2026-03-31 13:00:15 [http-nio-0.0.0.0-9090-exec-4] DEBUG org.hibernate.SQL - 
    select
        r1_0.user_id,
        r1_1.id,
        r1_1.name 
    from
        PMS_db.user_roles r1_0 
    join
        PMS_db.roles r1_1 
            on r1_1.id=r1_0.role_id 
    where
        r1_0.user_id=?
2026-03-31 13:00:15 [http-nio-0.0.0.0-9090-exec-4] DEBUG org.hibernate.SQL - 
    select
        u1_0.id,
        u1_0.email,
        u1_0.enabled,
        u1_0.password,
        u1_0.username 
    from
        PMS_db.users u1_0 
    where
        u1_0.username=?
2026-03-31 13:00:15 [http-nio-0.0.0.0-9090-exec-4] DEBUG org.hibernate.SQL - 
    select
        r1_0.user_id,
        r1_1.id,
        r1_1.name 
    from
        PMS_db.user_roles r1_0 
    join
        PMS_db.roles r1_1 
            on r1_1.id=r1_0.role_id 
    where
        r1_0.user_id=?
2026-03-31 13:00:15 [http-nio-0.0.0.0-9090-exec-4] DEBUG org.hibernate.SQL - 
    select
        rm1_0.id,
        rm1_0.building_id,
        rm1_0.building_name,
        rm1_0.created_on,
        rm1_0.floor_id,
        rm1_0.floor_name,
        rm1_0.handicap,
        rm1_0.non_room,
        rm1_0.room_name,
        rm1_0.room_short_name,
        rm1_0.room_status,
        rm1_0.room_status_id,
        rm1_0.room_status_table_id,
        rm1_0.room_type_id,
        rm1_0.room_type_name,
        rm1_0.smoking 
    from
        PMS_db.room_master rm1_0 
    order by
        rm1_0.id 
    offset
        ? rows 
    fetch
        first ? rows only
2026-03-31 13:00:15 [http-nio-0.0.0.0-9090-exec-4] DEBUG org.hibernate.SQL - 
    select
        b1_0.building_id,
        b1_0.created_on,
        b1_0.description,
        b1_0.building_name 
    from
        PMS_db.building b1_0 
    where
        b1_0.building_id=?
2026-03-31 13:00:15 [http-nio-0.0.0.0-9090-exec-4] DEBUG org.hibernate.SQL - 
    select
        f1_0.floor_id,
        f1_0.created_on,
        f1_0.description,
        f1_0.floor_name,
        f1_0.no_of_rooms 
    from
        PMS_db.floor f1_0 
    where
        f1_0.floor_id=?
2026-03-31 13:00:15 [http-nio-0.0.0.0-9090-exec-4] DEBUG org.hibernate.SQL - 
    select
        rs1_0.room_status_id,
        rs1_0.created_on,
        rs1_0.room_status_color,
        rs1_0.room_status_name,
        rs1_0.room_status_text_color,
        rs1_0.room_status_title 
    from
        PMS_db.room_status rs1_0 
    where
        rs1_0.room_status_id=?
2026-03-31 13:00:15 [http-nio-0.0.0.0-9090-exec-4] DEBUG org.hibernate.SQL - 
    select
        rt1_0.room_id,
        rt1_0.created_on,
        rt1_0.price,
        rt1_0.room_type_name,
        rt1_0.short_name 
    from
        PMS_db.room_type rt1_0 
    where
        rt1_0.room_id=?
2026-03-31 13:00:15 [http-nio-0.0.0.0-9090-exec-4] DEBUG org.hibernate.SQL - 
    select
        rt1_0.room_id,
        rt1_0.created_on,
        rt1_0.price,
        rt1_0.room_type_name,
        rt1_0.short_name 
    from
        PMS_db.room_type rt1_0 
    where
        rt1_0.room_id=?
2026-03-31 13:00:15 [http-nio-0.0.0.0-9090-exec-4] DEBUG org.hibernate.SQL - 
    select
        rs1_0.room_status_id,
        rs1_0.created_on,
        rs1_0.room_status_color,
        rs1_0.room_status_name,
        rs1_0.room_status_text_color,
        rs1_0.room_status_title 
    from
        PMS_db.room_status rs1_0 
    where
        rs1_0.room_status_id=?
2026-03-31 13:00:15 [http-nio-0.0.0.0-9090-exec-4] DEBUG org.hibernate.SQL - 
    select
        rt1_0.room_id,
        rt1_0.created_on,
        rt1_0.price,
        rt1_0.room_type_name,
        rt1_0.short_name 
    from
        PMS_db.room_type rt1_0 
    where
        rt1_0.room_id=?
2026-03-31 13:00:15 [http-nio-0.0.0.0-9090-exec-4] DEBUG org.hibernate.SQL - 
    select
        f1_0.floor_id,
        f1_0.created_on,
        f1_0.description,
        f1_0.floor_name,
        f1_0.no_of_rooms 
    from
        PMS_db.floor f1_0 
    where
        f1_0.floor_id=?
2026-03-31 13:00:15 [http-nio-0.0.0.0-9090-exec-4] DEBUG org.hibernate.SQL - 
    select
        rt1_0.room_id,
        rt1_0.created_on,
        rt1_0.price,
        rt1_0.room_type_name,
        rt1_0.short_name 
    from
        PMS_db.room_type rt1_0 
    where
        rt1_0.room_id=?
2026-03-31 13:00:48 [http-nio-0.0.0.0-9090-exec-5] DEBUG org.hibernate.SQL - 
    select
        u1_0.id,
        u1_0.email,
        u1_0.enabled,
        u1_0.password,
        u1_0.username 
    from
        PMS_db.users u1_0 
    where
        u1_0.username=?
2026-03-31 13:00:48 [http-nio-0.0.0.0-9090-exec-5] DEBUG org.hibernate.SQL - 
    select
        r1_0.user_id,
        r1_1.id,
        r1_1.name 
    from
        PMS_db.user_roles r1_0 
    join
        PMS_db.roles r1_1 
            on r1_1.id=r1_0.role_id 
    where
        r1_0.user_id=?
2026-03-31 13:00:48 [http-nio-0.0.0.0-9090-exec-5] DEBUG org.hibernate.SQL - 
    select
        u1_0.id,
        u1_0.email,
        u1_0.enabled,
        u1_0.password,
        u1_0.username 
    from
        PMS_db.users u1_0 
    where
        u1_0.username=?
2026-03-31 13:00:48 [http-nio-0.0.0.0-9090-exec-5] DEBUG org.hibernate.SQL - 
    select
        r1_0.user_id,
        r1_1.id,
        r1_1.name 
    from
        PMS_db.user_roles r1_0 
    join
        PMS_db.roles r1_1 
            on r1_1.id=r1_0.role_id 
    where
        r1_0.user_id=?
2026-03-31 13:00:48 [http-nio-0.0.0.0-9090-exec-5] DEBUG org.hibernate.SQL - 
    select
        rm1_0.id,
        b1_0.building_id,
        b1_0.created_on,
        b1_0.description,
        b1_0.building_name,
        rm1_0.building_id,
        rm1_0.building_name,
        rm1_0.created_on,
        f1_0.floor_id,
        f1_0.created_on,
        f1_0.description,
        f1_0.floor_name,
        f1_0.no_of_rooms,
        rm1_0.floor_id,
        rm1_0.floor_name,
        rm1_0.handicap,
        rm1_0.non_room,
        rm1_0.room_name,
        rm1_0.room_short_name,
        rm1_0.room_status,
        rm1_0.room_status_id,
        rst1_0.room_status_id,
        rst1_0.created_on,
        rst1_0.room_status_color,
        rst1_0.room_status_name,
        rst1_0.room_status_text_color,
        rst1_0.room_status_title,
        rt1_0.room_id,
        rt1_0.created_on,
        rt1_0.price,
        rt1_0.room_type_name,
        rt1_0.short_name,
        rm1_0.room_type_id,
        rm1_0.room_type_name,
        rm1_0.smoking 
    from
        PMS_db.room_master rm1_0 
    left join
        PMS_db.building b1_0 
            on b1_0.building_id=rm1_0.building_id 
    left join
        PMS_db.floor f1_0 
            on f1_0.floor_id=rm1_0.floor_id 
    left join
        PMS_db.room_status rst1_0 
            on rst1_0.room_status_id=rm1_0.room_status_table_id 
    left join
        PMS_db.room_type rt1_0 
            on rt1_0.room_id=rm1_0.room_type_id 
    where
        rm1_0.id=?
2026-03-31 13:04:19 [File Watcher] INFO  o.s.b.d.a.LocalDevToolsAutoConfiguration$RestartingClassPathChangeChangedEventListener - Restarting due to 1 class path change (0 additions, 0 deletions, 1 modification)
2026-03-31 13:04:19 [Thread-5] INFO  o.s.o.j.LocalContainerEntityManagerFactoryBean - Closing JPA EntityManagerFactory for persistence unit 'default'
2026-03-31 13:04:19 [Thread-5] INFO  com.zaxxer.hikari.HikariDataSource - HikariPool-1 - Shutdown initiated...
2026-03-31 13:04:19 [Thread-5] INFO  com.zaxxer.hikari.HikariDataSource - HikariPool-1 - Shutdown completed.
2026-03-31 13:04:19 [restartedMain] INFO  com.pms.Application - Main Entry Point Class
2026-03-31 13:04:19 [restartedMain] INFO  com.pms.Application - Starting Application using Java 17.0.12 with PID 5596 (C:\Users\ADMIN\git\pms-project\PMS\target\classes started by ADMIN in C:\Users\ADMIN\git\pms-project\PMS)
2026-03-31 13:04:19 [restartedMain] DEBUG com.pms.Application - Running with Spring Boot v3.2.5, Spring v6.1.6
2026-03-31 13:04:19 [restartedMain] INFO  com.pms.Application - No active profile set, falling back to 1 default profile: "default"
2026-03-31 13:04:19 [restartedMain] INFO  o.s.d.r.c.RepositoryConfigurationDelegate - Bootstrapping Spring Data JPA repositories in DEFAULT mode.
2026-03-31 13:04:19 [restartedMain] INFO  o.s.d.r.c.RepositoryConfigurationDelegate - Finished Spring Data repository scanning in 42 ms. Found 17 JPA repository interfaces.
2026-03-31 13:04:20 [restartedMain] INFO  o.s.b.w.e.tomcat.TomcatWebServer - Tomcat initialized with port 9090 (http)
2026-03-31 13:04:20 [restartedMain] INFO  o.a.catalina.core.StandardService - Starting service [Tomcat]
2026-03-31 13:04:20 [restartedMain] INFO  o.a.catalina.core.StandardEngine - Starting Servlet engine: [Apache Tomcat/10.1.20]
2026-03-31 13:04:20 [restartedMain] INFO  o.a.c.c.C.[Tomcat].[localhost].[/] - Initializing Spring embedded WebApplicationContext
2026-03-31 13:04:20 [restartedMain] INFO  o.s.b.w.s.c.ServletWebServerApplicationContext - Root WebApplicationContext: initialization completed in 320 ms
2026-03-31 13:04:20 [restartedMain] INFO  o.h.jpa.internal.util.LogHelper - HHH000204: Processing PersistenceUnitInfo [name: default]
2026-03-31 13:04:20 [restartedMain] INFO  o.h.c.i.RegionFactoryInitiator - HHH000026: Second-level cache disabled
2026-03-31 13:04:20 [restartedMain] INFO  o.s.o.j.p.SpringPersistenceUnitInfo - No LoadTimeWeaver setup: ignoring JPA class transformer
2026-03-31 13:04:20 [restartedMain] INFO  com.zaxxer.hikari.HikariDataSource - HikariPool-2 - Starting...
2026-03-31 13:04:20 [restartedMain] INFO  com.zaxxer.hikari.pool.HikariPool - HikariPool-2 - Added connection org.postgresql.jdbc.PgConnection@133b9f51
2026-03-31 13:04:20 [restartedMain] INFO  com.zaxxer.hikari.HikariDataSource - HikariPool-2 - Start completed.
2026-03-31 13:04:20 [restartedMain] WARN  org.hibernate.orm.deprecation - HHH90000025: PostgreSQLDialect does not need to be specified explicitly using 'hibernate.dialect' (remove the property setting and it will be selected by default)
2026-03-31 13:04:20 [restartedMain] INFO  o.h.e.t.j.p.i.JtaPlatformInitiator - HHH000489: No JTA platform available (set 'hibernate.transaction.jta.platform' to enable JTA platform integration)
2026-03-31 13:04:20 [restartedMain] INFO  o.s.o.j.LocalContainerEntityManagerFactoryBean - Initialized JPA EntityManagerFactory for persistence unit 'default'
2026-03-31 13:04:20 [restartedMain] WARN  o.s.b.a.o.j.JpaBaseConfiguration$JpaWebConfiguration - spring.jpa.open-in-view is enabled by default. Therefore, database queries may be performed during view rendering. Explicitly configure spring.jpa.open-in-view to disable this warning
2026-03-31 13:04:20 [restartedMain] INFO  o.s.s.web.DefaultSecurityFilterChain - Will secure any request with [org.springframework.security.web.session.DisableEncodeUrlFilter@1a9c1f6e, org.springframework.security.web.context.request.async.WebAsyncManagerIntegrationFilter@7c14c965, org.springframework.security.web.context.SecurityContextHolderFilter@9cfc9a8, org.springframework.security.web.header.HeaderWriterFilter@47070700, org.springframework.web.filter.CorsFilter@30b88ef9, org.springframework.security.web.authentication.logout.LogoutFilter@4ff52363, com.pms.security.util.filter.JwtAuthFilter@6e997891, org.springframework.security.web.savedrequest.RequestCacheAwareFilter@2d30c972, org.springframework.security.web.servletapi.SecurityContextHolderAwareRequestFilter@47c01fad, org.springframework.security.web.authentication.AnonymousAuthenticationFilter@69c93e18, org.springframework.security.web.access.ExceptionTranslationFilter@74d3c930, org.springframework.security.web.access.intercept.AuthorizationFilter@235f5ee8]
2026-03-31 13:04:20 [restartedMain] INFO  o.s.b.d.a.OptionalLiveReloadServer - LiveReload server is running on port 35729
2026-03-31 13:04:20 [restartedMain] INFO  o.s.b.w.e.tomcat.TomcatWebServer - Tomcat started on port 9090 (http) with context path ''
2026-03-31 13:04:20 [restartedMain] INFO  com.pms.Application - Started Application in 1.09 seconds (process running for 345.567)
2026-03-31 13:04:20 [restartedMain] INFO  o.s.b.d.a.ConditionEvaluationDeltaLoggingListener - Condition evaluation unchanged
2026-03-31 13:04:28 [http-nio-0.0.0.0-9090-exec-1] INFO  o.a.c.c.C.[Tomcat].[localhost].[/] - Initializing Spring DispatcherServlet 'dispatcherServlet'
2026-03-31 13:04:28 [http-nio-0.0.0.0-9090-exec-1] INFO  o.s.web.servlet.DispatcherServlet - Initializing Servlet 'dispatcherServlet'
2026-03-31 13:04:28 [http-nio-0.0.0.0-9090-exec-1] INFO  o.s.web.servlet.DispatcherServlet - Completed initialization in 1 ms
2026-03-31 13:04:54 [http-nio-0.0.0.0-9090-exec-3] DEBUG org.hibernate.SQL - 
    select
        u1_0.id,
        u1_0.email,
        u1_0.enabled,
        u1_0.password,
        u1_0.username 
    from
        PMS_db.users u1_0 
    where
        u1_0.username=?
2026-03-31 13:04:54 [http-nio-0.0.0.0-9090-exec-3] DEBUG org.hibernate.SQL - 
    select
        r1_0.user_id,
        r1_1.id,
        r1_1.name 
    from
        PMS_db.user_roles r1_0 
    join
        PMS_db.roles r1_1 
            on r1_1.id=r1_0.role_id 
    where
        r1_0.user_id=?
2026-03-31 13:04:54 [http-nio-0.0.0.0-9090-exec-3] DEBUG org.hibernate.SQL - 
    select
        u1_0.id,
        u1_0.email,
        u1_0.enabled,
        u1_0.password,
        u1_0.username 
    from
        PMS_db.users u1_0 
    where
        u1_0.username=?
2026-03-31 13:04:54 [http-nio-0.0.0.0-9090-exec-3] DEBUG org.hibernate.SQL - 
    insert 
    into
        PMS_db.refresh_token
        (expiry_date, token, user_id) 
    values
        (?, ?, ?)
2026-03-31 13:05:27 [http-nio-0.0.0.0-9090-exec-4] DEBUG org.hibernate.SQL - 
    select
        u1_0.id,
        u1_0.email,
        u1_0.enabled,
        u1_0.password,
        u1_0.username 
    from
        PMS_db.users u1_0 
    where
        u1_0.username=?
2026-03-31 13:05:27 [http-nio-0.0.0.0-9090-exec-4] DEBUG org.hibernate.SQL - 
    select
        r1_0.user_id,
        r1_1.id,
        r1_1.name 
    from
        PMS_db.user_roles r1_0 
    join
        PMS_db.roles r1_1 
            on r1_1.id=r1_0.role_id 
    where
        r1_0.user_id=?
2026-03-31 13:05:27 [http-nio-0.0.0.0-9090-exec-4] DEBUG org.hibernate.SQL - 
    select
        u1_0.id,
        u1_0.email,
        u1_0.enabled,
        u1_0.password,
        u1_0.username 
    from
        PMS_db.users u1_0 
    where
        u1_0.username=?
2026-03-31 13:05:27 [http-nio-0.0.0.0-9090-exec-4] DEBUG org.hibernate.SQL - 
    select
        r1_0.user_id,
        r1_1.id,
        r1_1.name 
    from
        PMS_db.user_roles r1_0 
    join
        PMS_db.roles r1_1 
            on r1_1.id=r1_0.role_id 
    where
        r1_0.user_id=?
2026-03-31 13:05:27 [http-nio-0.0.0.0-9090-exec-4] DEBUG org.hibernate.SQL - 
    select
        rm1_0.id,
        b1_0.building_id,
        b1_0.created_on,
        b1_0.description,
        b1_0.building_name,
        rm1_0.building_id,
        rm1_0.building_name,
        rm1_0.created_on,
        f1_0.floor_id,
        f1_0.created_on,
        f1_0.description,
        f1_0.floor_name,
        f1_0.no_of_rooms,
        rm1_0.floor_id,
        rm1_0.floor_name,
        rm1_0.handicap,
        rm1_0.non_room,
        rm1_0.room_name,
        rm1_0.room_short_name,
        rm1_0.room_status,
        rm1_0.room_status_id,
        rst1_0.room_status_id,
        rst1_0.created_on,
        rst1_0.room_status_color,
        rst1_0.room_status_name,
        rst1_0.room_status_text_color,
        rst1_0.room_status_title,
        rt1_0.room_id,
        rt1_0.created_on,
        rt1_0.price,
        rt1_0.room_type_name,
        rt1_0.short_name,
        rm1_0.room_type_id,
        rm1_0.room_type_name,
        rm1_0.smoking 
    from
        PMS_db.room_master rm1_0 
    left join
        PMS_db.building b1_0 
            on b1_0.building_id=rm1_0.building_id 
    left join
        PMS_db.floor f1_0 
            on f1_0.floor_id=rm1_0.floor_id 
    left join
        PMS_db.room_status rst1_0 
            on rst1_0.room_status_id=rm1_0.room_status_table_id 
    left join
        PMS_db.room_type rt1_0 
            on rt1_0.room_id=rm1_0.room_type_id 
    where
        rm1_0.id=?
2026-03-31 13:05:27 [http-nio-0.0.0.0-9090-exec-4] DEBUG org.hibernate.SQL - 
    select
        rs1_0.room_status_id,
        rs1_0.created_on,
        rs1_0.room_status_color,
        rs1_0.room_status_name,
        rs1_0.room_status_text_color,
        rs1_0.room_status_title 
    from
        PMS_db.room_status rs1_0 
    where
        rs1_0.room_status_id=?
2026-03-31 13:05:27 [http-nio-0.0.0.0-9090-exec-4] WARN  o.h.p.entity.AbstractEntityPersister - HHH000502: The [roomStatusTable] property of the [com.pms.room.entity.RoomMaster] entity was modified, but it won't be updated because the property is immutable.
2026-03-31 13:05:45 [http-nio-0.0.0.0-9090-exec-5] DEBUG org.hibernate.SQL - 
    select
        u1_0.id,
        u1_0.email,
        u1_0.enabled,
        u1_0.password,
        u1_0.username 
    from
        PMS_db.users u1_0 
    where
        u1_0.username=?
2026-03-31 13:05:45 [http-nio-0.0.0.0-9090-exec-5] DEBUG org.hibernate.SQL - 
    select
        r1_0.user_id,
        r1_1.id,
        r1_1.name 
    from
        PMS_db.user_roles r1_0 
    join
        PMS_db.roles r1_1 
            on r1_1.id=r1_0.role_id 
    where
        r1_0.user_id=?
2026-03-31 13:05:45 [http-nio-0.0.0.0-9090-exec-5] DEBUG org.hibernate.SQL - 
    select
        u1_0.id,
        u1_0.email,
        u1_0.enabled,
        u1_0.password,
        u1_0.username 
    from
        PMS_db.users u1_0 
    where
        u1_0.username=?
2026-03-31 13:05:45 [http-nio-0.0.0.0-9090-exec-5] DEBUG org.hibernate.SQL - 
    select
        r1_0.user_id,
        r1_1.id,
        r1_1.name 
    from
        PMS_db.user_roles r1_0 
    join
        PMS_db.roles r1_1 
            on r1_1.id=r1_0.role_id 
    where
        r1_0.user_id=?
2026-03-31 13:05:45 [http-nio-0.0.0.0-9090-exec-5] DEBUG org.hibernate.SQL - 
    select
        rm1_0.id,
        rm1_0.building_id,
        rm1_0.building_name,
        rm1_0.created_on,
        rm1_0.floor_id,
        rm1_0.floor_name,
        rm1_0.handicap,
        rm1_0.non_room,
        rm1_0.room_name,
        rm1_0.room_short_name,
        rm1_0.room_status,
        rm1_0.room_status_id,
        rm1_0.room_status_table_id,
        rm1_0.room_type_id,
        rm1_0.room_type_name,
        rm1_0.smoking 
    from
        PMS_db.room_master rm1_0 
    order by
        rm1_0.id 
    offset
        ? rows 
    fetch
        first ? rows only
2026-03-31 13:05:45 [http-nio-0.0.0.0-9090-exec-5] DEBUG org.hibernate.SQL - 
    select
        b1_0.building_id,
        b1_0.created_on,
        b1_0.description,
        b1_0.building_name 
    from
        PMS_db.building b1_0 
    where
        b1_0.building_id=?
2026-03-31 13:05:45 [http-nio-0.0.0.0-9090-exec-5] DEBUG org.hibernate.SQL - 
    select
        f1_0.floor_id,
        f1_0.created_on,
        f1_0.description,
        f1_0.floor_name,
        f1_0.no_of_rooms 
    from
        PMS_db.floor f1_0 
    where
        f1_0.floor_id=?
2026-03-31 13:05:45 [http-nio-0.0.0.0-9090-exec-5] DEBUG org.hibernate.SQL - 
    select
        rs1_0.room_status_id,
        rs1_0.created_on,
        rs1_0.room_status_color,
        rs1_0.room_status_name,
        rs1_0.room_status_text_color,
        rs1_0.room_status_title 
    from
        PMS_db.room_status rs1_0 
    where
        rs1_0.room_status_id=?
2026-03-31 13:05:45 [http-nio-0.0.0.0-9090-exec-5] DEBUG org.hibernate.SQL - 
    select
        rt1_0.room_id,
        rt1_0.created_on,
        rt1_0.price,
        rt1_0.room_type_name,
        rt1_0.short_name 
    from
        PMS_db.room_type rt1_0 
    where
        rt1_0.room_id=?
2026-03-31 13:05:45 [http-nio-0.0.0.0-9090-exec-5] DEBUG org.hibernate.SQL - 
    select
        rt1_0.room_id,
        rt1_0.created_on,
        rt1_0.price,
        rt1_0.room_type_name,
        rt1_0.short_name 
    from
        PMS_db.room_type rt1_0 
    where
        rt1_0.room_id=?
2026-03-31 13:05:45 [http-nio-0.0.0.0-9090-exec-5] DEBUG org.hibernate.SQL - 
    select
        rs1_0.room_status_id,
        rs1_0.created_on,
        rs1_0.room_status_color,
        rs1_0.room_status_name,
        rs1_0.room_status_text_color,
        rs1_0.room_status_title 
    from
        PMS_db.room_status rs1_0 
    where
        rs1_0.room_status_id=?
2026-03-31 13:05:45 [http-nio-0.0.0.0-9090-exec-5] DEBUG org.hibernate.SQL - 
    select
        rt1_0.room_id,
        rt1_0.created_on,
        rt1_0.price,
        rt1_0.room_type_name,
        rt1_0.short_name 
    from
        PMS_db.room_type rt1_0 
    where
        rt1_0.room_id=?
2026-03-31 13:05:45 [http-nio-0.0.0.0-9090-exec-5] DEBUG org.hibernate.SQL - 
    select
        f1_0.floor_id,
        f1_0.created_on,
        f1_0.description,
        f1_0.floor_name,
        f1_0.no_of_rooms 
    from
        PMS_db.floor f1_0 
    where
        f1_0.floor_id=?
2026-03-31 13:05:45 [http-nio-0.0.0.0-9090-exec-5] DEBUG org.hibernate.SQL - 
    select
        rt1_0.room_id,
        rt1_0.created_on,
        rt1_0.price,
        rt1_0.room_type_name,
        rt1_0.short_name 
    from
        PMS_db.room_type rt1_0 
    where
        rt1_0.room_id=?
2026-03-31 13:06:04 [http-nio-0.0.0.0-9090-exec-6] DEBUG org.hibernate.SQL - 
    select
        u1_0.id,
        u1_0.email,
        u1_0.enabled,
        u1_0.password,
        u1_0.username 
    from
        PMS_db.users u1_0 
    where
        u1_0.username=?
2026-03-31 13:06:04 [http-nio-0.0.0.0-9090-exec-6] DEBUG org.hibernate.SQL - 
    select
        r1_0.user_id,
        r1_1.id,
        r1_1.name 
    from
        PMS_db.user_roles r1_0 
    join
        PMS_db.roles r1_1 
            on r1_1.id=r1_0.role_id 
    where
        r1_0.user_id=?
2026-03-31 13:06:04 [http-nio-0.0.0.0-9090-exec-6] DEBUG org.hibernate.SQL - 
    select
        u1_0.id,
        u1_0.email,
        u1_0.enabled,
        u1_0.password,
        u1_0.username 
    from
        PMS_db.users u1_0 
    where
        u1_0.username=?
2026-03-31 13:06:04 [http-nio-0.0.0.0-9090-exec-6] DEBUG org.hibernate.SQL - 
    select
        r1_0.user_id,
        r1_1.id,
        r1_1.name 
    from
        PMS_db.user_roles r1_0 
    join
        PMS_db.roles r1_1 
            on r1_1.id=r1_0.role_id 
    where
        r1_0.user_id=?
2026-03-31 13:06:04 [http-nio-0.0.0.0-9090-exec-6] DEBUG org.hibernate.SQL - 
    select
        nextval('PMS_db.room_master_seq')
2026-03-31 13:06:04 [http-nio-0.0.0.0-9090-exec-6] DEBUG org.hibernate.SQL - 
    insert 
    into
        PMS_db.room_master
        (building_id, building_name, created_on, floor_id, floor_name, handicap, non_room, room_name, room_short_name, room_status, room_status_id, room_type_id, room_type_name, smoking, id) 
    values
        (?, ?, ?, ?, ?, ?, ?, ?, ?, ?, ?, ?, ?, ?, ?)
2026-03-31 13:06:04 [http-nio-0.0.0.0-9090-exec-6] DEBUG org.hibernate.SQL - 
    select
        rm1_0.id,
        rm1_0.building_id,
        rm1_0.building_name,
        rm1_0.created_on,
        rm1_0.floor_id,
        rm1_0.floor_name,
        rm1_0.handicap,
        rm1_0.non_room,
        rm1_0.room_name,
        rm1_0.room_short_name,
        rm1_0.room_status,
        rm1_0.room_status_id,
        rm1_0.room_status_table_id,
        rm1_0.room_type_id,
        rm1_0.room_type_name,
        rm1_0.smoking 
    from
        PMS_db.room_master rm1_0 
    order by
        rm1_0.id desc 
    fetch
        first ? rows only
2026-03-31 13:06:04 [http-nio-0.0.0.0-9090-exec-6] DEBUG org.hibernate.SQL - 
    select
        f1_0.floor_id,
        f1_0.created_on,
        f1_0.description,
        f1_0.floor_name,
        f1_0.no_of_rooms 
    from
        PMS_db.floor f1_0 
    where
        f1_0.floor_id=?
2026-03-31 13:06:04 [http-nio-0.0.0.0-9090-exec-6] DEBUG org.hibernate.SQL - 
    select
        rt1_0.room_id,
        rt1_0.created_on,
        rt1_0.price,
        rt1_0.room_type_name,
        rt1_0.short_name 
    from
        PMS_db.room_type rt1_0 
    where
        rt1_0.room_id=?
2026-03-31 13:06:04 [http-nio-0.0.0.0-9090-exec-6] DEBUG org.hibernate.SQL - 
    select
        rs1_0.room_status_id,
        rs1_0.created_on,
        rs1_0.room_status_color,
        rs1_0.room_status_name,
        rs1_0.room_status_text_color,
        rs1_0.room_status_title 
    from
        PMS_db.room_status rs1_0 
    where
        rs1_0.room_status_id=?
2026-03-31 13:06:04 [http-nio-0.0.0.0-9090-exec-6] WARN  o.h.p.entity.AbstractEntityPersister - HHH000502: The [floor] property of the [com.pms.room.entity.RoomMaster] entity was modified, but it won't be updated because the property is immutable.
2026-03-31 13:06:04 [http-nio-0.0.0.0-9090-exec-6] WARN  o.h.p.entity.AbstractEntityPersister - HHH000502: The [roomStatusTable] property of the [com.pms.room.entity.RoomMaster] entity was modified, but it won't be updated because the property is immutable.
2026-03-31 13:06:04 [http-nio-0.0.0.0-9090-exec-6] WARN  o.h.p.entity.AbstractEntityPersister - HHH000502: The [roomType] property of the [com.pms.room.entity.RoomMaster] entity was modified, but it won't be updated because the property is immutable.
2026-03-31 13:06:04 [http-nio-0.0.0.0-9090-exec-6] DEBUG org.hibernate.SQL - 
    update
        PMS_db.room_master 
    set
        building_id=?,
        building_name=?,
        floor_id=?,
        floor_name=?,
        handicap=?,
        non_room=?,
        room_name=?,
        room_short_name=?,
        room_status=?,
        room_status_id=?,
        room_type_id=?,
        room_type_name=?,
        smoking=? 
    where
        id=?
2026-03-31 13:06:45 [http-nio-0.0.0.0-9090-exec-7] DEBUG org.hibernate.SQL - 
    select
        u1_0.id,
        u1_0.email,
        u1_0.enabled,
        u1_0.password,
        u1_0.username 
    from
        PMS_db.users u1_0 
    where
        u1_0.username=?
2026-03-31 13:06:45 [http-nio-0.0.0.0-9090-exec-7] DEBUG org.hibernate.SQL - 
    select
        r1_0.user_id,
        r1_1.id,
        r1_1.name 
    from
        PMS_db.user_roles r1_0 
    join
        PMS_db.roles r1_1 
            on r1_1.id=r1_0.role_id 
    where
        r1_0.user_id=?
2026-03-31 13:06:45 [http-nio-0.0.0.0-9090-exec-7] DEBUG org.hibernate.SQL - 
    select
        u1_0.id,
        u1_0.email,
        u1_0.enabled,
        u1_0.password,
        u1_0.username 
    from
        PMS_db.users u1_0 
    where
        u1_0.username=?
2026-03-31 13:06:45 [http-nio-0.0.0.0-9090-exec-7] DEBUG org.hibernate.SQL - 
    select
        r1_0.user_id,
        r1_1.id,
        r1_1.name 
    from
        PMS_db.user_roles r1_0 
    join
        PMS_db.roles r1_1 
            on r1_1.id=r1_0.role_id 
    where
        r1_0.user_id=?
2026-03-31 13:06:45 [http-nio-0.0.0.0-9090-exec-7] DEBUG org.hibernate.SQL - 
    select
        rm1_0.id,
        b1_0.building_id,
        b1_0.created_on,
        b1_0.description,
        b1_0.building_name,
        rm1_0.building_id,
        rm1_0.building_name,
        rm1_0.created_on,
        f1_0.floor_id,
        f1_0.created_on,
        f1_0.description,
        f1_0.floor_name,
        f1_0.no_of_rooms,
        rm1_0.floor_id,
        rm1_0.floor_name,
        rm1_0.handicap,
        rm1_0.non_room,
        rm1_0.room_name,
        rm1_0.room_short_name,
        rm1_0.room_status,
        rm1_0.room_status_id,
        rst1_0.room_status_id,
        rst1_0.created_on,
        rst1_0.room_status_color,
        rst1_0.room_status_name,
        rst1_0.room_status_text_color,
        rst1_0.room_status_title,
        rt1_0.room_id,
        rt1_0.created_on,
        rt1_0.price,
        rt1_0.room_type_name,
        rt1_0.short_name,
        rm1_0.room_type_id,
        rm1_0.room_type_name,
        rm1_0.smoking 
    from
        PMS_db.room_master rm1_0 
    left join
        PMS_db.building b1_0 
            on b1_0.building_id=rm1_0.building_id 
    left join
        PMS_db.floor f1_0 
            on f1_0.floor_id=rm1_0.floor_id 
    left join
        PMS_db.room_status rst1_0 
            on rst1_0.room_status_id=rm1_0.room_status_table_id 
    left join
        PMS_db.room_type rt1_0 
            on rt1_0.room_id=rm1_0.room_type_id 
    where
        rm1_0.id=?
2026-03-31 13:07:11 [http-nio-0.0.0.0-9090-exec-8] DEBUG org.hibernate.SQL - 
    select
        u1_0.id,
        u1_0.email,
        u1_0.enabled,
        u1_0.password,
        u1_0.username 
    from
        PMS_db.users u1_0 
    where
        u1_0.username=?
2026-03-31 13:07:11 [http-nio-0.0.0.0-9090-exec-8] DEBUG org.hibernate.SQL - 
    select
        r1_0.user_id,
        r1_1.id,
        r1_1.name 
    from
        PMS_db.user_roles r1_0 
    join
        PMS_db.roles r1_1 
            on r1_1.id=r1_0.role_id 
    where
        r1_0.user_id=?
2026-03-31 13:07:11 [http-nio-0.0.0.0-9090-exec-8] DEBUG org.hibernate.SQL - 
    select
        u1_0.id,
        u1_0.email,
        u1_0.enabled,
        u1_0.password,
        u1_0.username 
    from
        PMS_db.users u1_0 
    where
        u1_0.username=?
2026-03-31 13:07:11 [http-nio-0.0.0.0-9090-exec-8] DEBUG org.hibernate.SQL - 
    select
        r1_0.user_id,
        r1_1.id,
        r1_1.name 
    from
        PMS_db.user_roles r1_0 
    join
        PMS_db.roles r1_1 
            on r1_1.id=r1_0.role_id 
    where
        r1_0.user_id=?
2026-03-31 13:07:11 [http-nio-0.0.0.0-9090-exec-8] DEBUG org.hibernate.SQL - 
    select
        rm1_0.id,
        b1_0.building_id,
        b1_0.created_on,
        b1_0.description,
        b1_0.building_name,
        rm1_0.building_id,
        rm1_0.building_name,
        rm1_0.created_on,
        f1_0.floor_id,
        f1_0.created_on,
        f1_0.description,
        f1_0.floor_name,
        f1_0.no_of_rooms,
        rm1_0.floor_id,
        rm1_0.floor_name,
        rm1_0.handicap,
        rm1_0.non_room,
        rm1_0.room_name,
        rm1_0.room_short_name,
        rm1_0.room_status,
        rm1_0.room_status_id,
        rst1_0.room_status_id,
        rst1_0.created_on,
        rst1_0.room_status_color,
        rst1_0.room_status_name,
        rst1_0.room_status_text_color,
        rst1_0.room_status_title,
        rt1_0.room_id,
        rt1_0.created_on,
        rt1_0.price,
        rt1_0.room_type_name,
        rt1_0.short_name,
        rm1_0.room_type_id,
        rm1_0.room_type_name,
        rm1_0.smoking 
    from
        PMS_db.room_master rm1_0 
    left join
        PMS_db.building b1_0 
            on b1_0.building_id=rm1_0.building_id 
    left join
        PMS_db.floor f1_0 
            on f1_0.floor_id=rm1_0.floor_id 
    left join
        PMS_db.room_status rst1_0 
            on rst1_0.room_status_id=rm1_0.room_status_table_id 
    left join
        PMS_db.room_type rt1_0 
            on rt1_0.room_id=rm1_0.room_type_id 
    where
        rm1_0.id=?
2026-03-31 13:07:11 [http-nio-0.0.0.0-9090-exec-8] DEBUG org.hibernate.SQL - 
    select
        rs1_0.room_status_id,
        rs1_0.created_on,
        rs1_0.room_status_color,
        rs1_0.room_status_name,
        rs1_0.room_status_text_color,
        rs1_0.room_status_title 
    from
        PMS_db.room_status rs1_0 
    where
        rs1_0.room_status_id=?
2026-03-31 13:07:11 [http-nio-0.0.0.0-9090-exec-8] WARN  o.h.p.entity.AbstractEntityPersister - HHH000502: The [roomStatusTable] property of the [com.pms.room.entity.RoomMaster] entity was modified, but it won't be updated because the property is immutable.
2026-03-31 13:08:32 [File Watcher] INFO  o.s.b.d.a.LocalDevToolsAutoConfiguration$RestartingClassPathChangeChangedEventListener - Restarting due to 1 class path change (0 additions, 0 deletions, 1 modification)
2026-03-31 13:08:32 [Thread-7] INFO  o.s.o.j.LocalContainerEntityManagerFactoryBean - Closing JPA EntityManagerFactory for persistence unit 'default'
2026-03-31 13:08:32 [Thread-7] INFO  com.zaxxer.hikari.HikariDataSource - HikariPool-2 - Shutdown initiated...
2026-03-31 13:08:32 [Thread-7] INFO  com.zaxxer.hikari.HikariDataSource - HikariPool-2 - Shutdown completed.
2026-03-31 13:08:32 [restartedMain] INFO  com.pms.Application - Main Entry Point Class
2026-03-31 13:08:32 [restartedMain] INFO  com.pms.Application - Starting Application using Java 17.0.12 with PID 5596 (C:\Users\ADMIN\git\pms-project\PMS\target\classes started by ADMIN in C:\Users\ADMIN\git\pms-project\PMS)
2026-03-31 13:08:32 [restartedMain] DEBUG com.pms.Application - Running with Spring Boot v3.2.5, Spring v6.1.6
2026-03-31 13:08:32 [restartedMain] INFO  com.pms.Application - No active profile set, falling back to 1 default profile: "default"
2026-03-31 13:08:32 [restartedMain] INFO  o.s.d.r.c.RepositoryConfigurationDelegate - Bootstrapping Spring Data JPA repositories in DEFAULT mode.
2026-03-31 13:08:32 [restartedMain] INFO  o.s.d.r.c.RepositoryConfigurationDelegate - Finished Spring Data repository scanning in 40 ms. Found 17 JPA repository interfaces.
2026-03-31 13:08:32 [restartedMain] INFO  o.s.b.w.e.tomcat.TomcatWebServer - Tomcat initialized with port 9090 (http)
2026-03-31 13:08:32 [restartedMain] INFO  o.a.catalina.core.StandardService - Starting service [Tomcat]
2026-03-31 13:08:32 [restartedMain] INFO  o.a.catalina.core.StandardEngine - Starting Servlet engine: [Apache Tomcat/10.1.20]
2026-03-31 13:08:32 [restartedMain] INFO  o.a.c.c.C.[Tomcat].[localhost].[/] - Initializing Spring embedded WebApplicationContext
2026-03-31 13:08:32 [restartedMain] INFO  o.s.b.w.s.c.ServletWebServerApplicationContext - Root WebApplicationContext: initialization completed in 332 ms
2026-03-31 13:08:32 [restartedMain] INFO  o.h.jpa.internal.util.LogHelper - HHH000204: Processing PersistenceUnitInfo [name: default]
2026-03-31 13:08:32 [restartedMain] INFO  o.h.c.i.RegionFactoryInitiator - HHH000026: Second-level cache disabled
2026-03-31 13:08:32 [restartedMain] INFO  o.s.o.j.p.SpringPersistenceUnitInfo - No LoadTimeWeaver setup: ignoring JPA class transformer
2026-03-31 13:08:32 [restartedMain] INFO  com.zaxxer.hikari.HikariDataSource - HikariPool-3 - Starting...
2026-03-31 13:08:32 [restartedMain] INFO  com.zaxxer.hikari.pool.HikariPool - HikariPool-3 - Added connection org.postgresql.jdbc.PgConnection@20cc50c0
2026-03-31 13:08:32 [restartedMain] INFO  com.zaxxer.hikari.HikariDataSource - HikariPool-3 - Start completed.
2026-03-31 13:08:32 [restartedMain] WARN  org.hibernate.orm.deprecation - HHH90000025: PostgreSQLDialect does not need to be specified explicitly using 'hibernate.dialect' (remove the property setting and it will be selected by default)
2026-03-31 13:08:32 [restartedMain] INFO  o.h.e.t.j.p.i.JtaPlatformInitiator - HHH000489: No JTA platform available (set 'hibernate.transaction.jta.platform' to enable JTA platform integration)
2026-03-31 13:08:32 [restartedMain] INFO  o.s.o.j.LocalContainerEntityManagerFactoryBean - Initialized JPA EntityManagerFactory for persistence unit 'default'
2026-03-31 13:08:33 [restartedMain] WARN  o.s.b.a.o.j.JpaBaseConfiguration$JpaWebConfiguration - spring.jpa.open-in-view is enabled by default. Therefore, database queries may be performed during view rendering. Explicitly configure spring.jpa.open-in-view to disable this warning
2026-03-31 13:08:33 [restartedMain] INFO  o.s.s.web.DefaultSecurityFilterChain - Will secure any request with [org.springframework.security.web.session.DisableEncodeUrlFilter@c7553e4, org.springframework.security.web.context.request.async.WebAsyncManagerIntegrationFilter@d085421, org.springframework.security.web.context.SecurityContextHolderFilter@3aaed5b2, org.springframework.security.web.header.HeaderWriterFilter@201a371e, org.springframework.web.filter.CorsFilter@5720760b, org.springframework.security.web.authentication.logout.LogoutFilter@b44fabd, com.pms.security.util.filter.JwtAuthFilter@5d9fe434, org.springframework.security.web.savedrequest.RequestCacheAwareFilter@62846d01, org.springframework.security.web.servletapi.SecurityContextHolderAwareRequestFilter@3658d7a9, org.springframework.security.web.authentication.AnonymousAuthenticationFilter@312c42f9, org.springframework.security.web.access.ExceptionTranslationFilter@207e9ed6, org.springframework.security.web.access.intercept.AuthorizationFilter@20c8d452]
2026-03-31 13:08:33 [restartedMain] INFO  o.s.b.d.a.OptionalLiveReloadServer - LiveReload server is running on port 35729
2026-03-31 13:08:33 [restartedMain] INFO  o.s.b.w.e.tomcat.TomcatWebServer - Tomcat started on port 9090 (http) with context path ''
2026-03-31 13:08:33 [restartedMain] INFO  com.pms.Application - Started Application in 1.104 seconds (process running for 597.921)
2026-03-31 13:08:33 [restartedMain] INFO  o.s.b.d.a.ConditionEvaluationDeltaLoggingListener - Condition evaluation unchanged
2026-03-31 13:23:28 [RMI TCP Connection(29)-127.0.0.1] INFO  o.s.b.a.SpringApplicationAdminMXBeanRegistrar$SpringApplicationAdmin - Application shutdown requested.
2026-03-31 13:23:28 [RMI TCP Connection(29)-127.0.0.1] INFO  o.s.o.j.LocalContainerEntityManagerFactoryBean - Closing JPA EntityManagerFactory for persistence unit 'default'
2026-03-31 13:23:28 [RMI TCP Connection(29)-127.0.0.1] INFO  com.zaxxer.hikari.HikariDataSource - HikariPool-3 - Shutdown initiated...
2026-03-31 13:23:28 [RMI TCP Connection(29)-127.0.0.1] INFO  com.zaxxer.hikari.HikariDataSource - HikariPool-3 - Shutdown completed.
